Job_ID,Title,Category,Company,Location,Skills,Experience_Required,Salary_LPA,Description,parsed_skills,skills_joined,min_exp,max_exp,avg_exp,min_salary_lpa,max_salary_lpa,avg_salary_lpa,clean_description,composite_text,cluster
JOB00291,Marketing Analyst,Digital Marketing,Brennan-Johnson,Chennai,Marketing Strategy; Communication; Excel; PPC; Social Media,5-8 years,16-24,"Exciting opportunity for a Marketing Analyst at Brennan-Johnson. Must be proficient in Marketing Strategy, Communication, Excel, PPC, Social Media, with practical exposure to Marketing Strategy and Communication. You'll work in an agile environment solving real business problems. 5+ years experience preferred.","['Marketing Strategy', 'Communication', 'Excel', 'PPC', 'Social Media']",Marketing Strategy Communication Excel PPC Social Media,5.0,8.0,6.5,16.0,24.0,20.0,"exciting opportunity for a marketing analyst at brennan-johnson. must be proficient in marketing strategy, communication, excel, ppc, social media, with practical exposure to marketing strategy and communication. you'll work in an agile environment solving real business problems. 5+ years experience preferred.","Marketing Analyst exciting opportunity for a marketing analyst at brennan-johnson. must be proficient in marketing strategy, communication, excel, ppc, social media, with practical exposure to marketing strategy and communication. you'll work in an agile environment solving real business problems. 5+ years experience preferred. Marketing Strategy Communication Excel PPC Social Media",6
JOB00109,Senior Java Developer,Java Developer,Hancock and Sons,Delhi NCR,JUnit; Microservices; Hibernate; Java; Multithreading; Git; Spring Boot,2-5 years,5-12,"We are looking for a Senior Java Developer to join our growing team. The ideal candidate has hands-on experience with JUnit, Microservices, Hibernate, Java, Multithreading, Git, Spring Boot and can work independently on JUnit-driven projects. Responsibilities include collaborating with cross-functional teams, contributing to Git initiatives, and driving continuous improvement. 2+ years of relevant experience required.","['JUnit', 'Microservices', 'Hibernate', 'Java', 'Multithreading', 'Git', 'Spring Boot']",JUnit Microservices Hibernate Java Multithreading Git Spring Boot,2.0,5.0,3.5,5.0,12.0,8.5,"we are looking for a senior java developer to join our growing team. the ideal candidate has hands-on experience with junit, microservices, hibernate, java, multithreading, git, spring boot and can work independently on junit-driven projects. responsibilities include collaborating with cross-functional teams, contributing to git initiatives, and driving continuous improvement. 2+ years of relevant experience required.","Senior Java Developer we are looking for a senior java developer to join our growing team. the ideal candidate has hands-on experience with junit, microservices, hibernate, java, multithreading, git, spring boot and can work independently on junit-driven projects. responsibilities include collaborating with cross-functional teams, contributing to git initiatives, and driving continuous improvement. 2+ years of relevant experience required. JUnit Microservices Hibernate Java Multithreading Git Spring Boot",12
JOB00049,Frontend Developer,Web Development,Hickman Ltd,Bengaluru,MongoDB; React; CSS; Node.js; REST API,5-8 years,19-22,"Hickman Ltd is hiring a Frontend Developer for our Bengaluru office. You will use MongoDB, React, CSS, Node.js, REST API daily and help scale our React capabilities. We value strong fundamentals in Node.js and a collaborative mindset. Minimum 5 years of experience in a similar role.","['MongoDB', 'React', 'CSS', 'Node.js', 'REST API']",MongoDB React CSS Node.js REST API,5.0,8.0,6.5,19.0,22.0,20.5,"hickman ltd is hiring a frontend developer for our bengaluru office. you will use mongodb, react, css, node.js, rest api daily and help scale our react capabilities. we value strong fundamentals in node.js and a collaborative mindset. minimum 5 years of experience in a similar role.","Frontend Developer hickman ltd is hiring a frontend developer for our bengaluru office. you will use mongodb, react, css, node.js, rest api daily and help scale our react capabilities. we value strong fundamentals in node.js and a collaborative mindset. minimum 5 years of experience in a similar role. MongoDB React CSS Node.js REST API",2
JOB00017,Data Scientist,Data Science,James Group,Bengaluru,Excel; SQL; Statistics; Scikit-learn; Tableau; Pandas; Python,5-8 years,7-11,"Exciting opportunity for a Data Scientist at James Group. Must be proficient in Excel, SQL, Statistics, Scikit-learn, Tableau, Pandas, Python, with practical exposure to Statistics and Excel. You'll work in an agile environment solving real business problems. 5+ years experience preferred.","['Excel', 'SQL', 'Statistics', 'Scikit-learn', 'Tableau', 'Pandas', 'Python']",Excel SQL Statistics Scikit-learn Tableau Pandas Python,5.0,8.0,6.5,7.0,11.0,9.0,"exciting opportunity for a data scientist at james group. must be proficient in excel, sql, statistics, scikit-learn, tableau, pandas, python, with practical exposure to statistics and excel. you'll work in an agile environment solving real business problems. 5+ years experience preferred.","Data Scientist exciting opportunity for a data scientist at james group. must be proficient in excel, sql, statistics, scikit-learn, tableau, pandas, python, with practical exposure to statistics and excel. you'll work in an agile environment solving real business problems. 5+ years experience preferred. Excel SQL Statistics Scikit-learn Tableau Pandas Python",13
JOB00312,SEO Specialist,Digital Marketing,Parsons-Hall,Pune,PPC; Google Analytics; Communication; Email Marketing; Copywriting,6-9 years,11-14,"Exciting opportunity for a SEO Specialist at Parsons-Hall. Must be proficient in PPC, Google Analytics, Communication, Email Marketing, Copywriting, with practical exposure to Email Marketing and Copywriting. You'll work in an agile environment solving real business problems. 6+ years experience preferred.","['PPC', 'Google Analytics', 'Communication', 'Email Marketing', 'Copywriting']",PPC Google Analytics Communication Email Marketing Copywriting,6.0,9.0,7.5,11.0,14.0,12.5,"exciting opportunity for a seo specialist at parsons-hall. must be proficient in ppc, google analytics, communication, email marketing, copywriting, with practical exposure to email marketing and copywriting. you'll work in an agile environment solving real business problems. 6+ years experience preferred.","SEO Specialist exciting opportunity for a seo specialist at parsons-hall. must be proficient in ppc, google analytics, communication, email marketing, copywriting, with practical exposure to email marketing and copywriting. you'll work in an agile environment solving real business problems. 6+ years experience preferred. PPC Google Analytics Communication Email Marketing Copywriting",6
JOB00399,Mechanical Design Engineer,Mechanical Engineer,"Brown, Harris and Dougherty",Hyderabad,Six Sigma; Project Management; AutoCAD; Thermodynamics; Manufacturing; Quality Control,4-7 years,14-22,"Exciting opportunity for a Mechanical Design Engineer at Brown, Harris and Dougherty. Must be proficient in Six Sigma, Project Management, AutoCAD, Thermodynamics, Manufacturing, Quality Control, with practical exposure to Manufacturing and Quality Control. You'll work in an agile environment solving real business problems. 4+ years experience preferred.","['Six Sigma', 'Project Management', 'AutoCAD', 'Thermodynamics', 'Manufacturing', 'Quality Control']",Six Sigma Project Management AutoCAD Thermodynamics Manufacturing Quality Control,4.0,7.0,5.5,14.0,22.0,18.0,"exciting opportunity for a mechanical design engineer at brown, harris and dougherty. must be proficient in six sigma, project management, autocad, thermodynamics, manufacturing, quality control, with practical exposure to manufacturing and quality control. you'll work in an agile environment solving real business problems. 4+ years experience preferred.","Mechanical Design Engineer exciting opportunity for a mechanical design engineer at brown, harris and dougherty. must be proficient in six sigma, project management, autocad, thermodynamics, manufacturing, quality control, with practical exposure to manufacturing and quality control. you'll work in an agile environment solving real business problems. 4+ years experience preferred. Six Sigma Project Management AutoCAD Thermodynamics Manufacturing Quality Control",8
JOB00122,Java Developer,Java Developer,Johnson-Carlson,Chennai,JUnit; Spring Boot; Hibernate; Multithreading; Java; REST API,3-6 years,8-14,"Johnson-Carlson is hiring a Java Developer for our Chennai office. You will use JUnit, Spring Boot, Hibernate, Multithreading, Java, REST API daily and help scale our REST API capabilities. We value strong fundamentals in Spring Boot and a collaborative mindset. Minimum 3 years of experience in a similar role.","['JUnit', 'Spring Boot', 'Hibernate', 'Multithreading', 'Java', 'REST API']",JUnit Spring Boot Hibernate Multithreading Java REST API,3.0,6.0,4.5,8.0,14.0,11.0,"johnson-carlson is hiring a java developer for our chennai office. you will use junit, spring boot, hibernate, multithreading, java, rest api daily and help scale our rest api capabilities. we value strong fundamentals in spring boot and a collaborative mindset. minimum 3 years of experience in a similar role.","Java Developer johnson-carlson is hiring a java developer for our chennai office. you will use junit, spring boot, hibernate, multithreading, java, rest api daily and help scale our rest api capabilities. we value strong fundamentals in spring boot and a collaborative mindset. minimum 3 years of experience in a similar role. JUnit Spring Boot Hibernate Multithreading Java REST API",12
JOB00288,Marketing Analyst,Digital Marketing,Morgan-Schwartz,Ahmedabad,Excel; Email Marketing; PPC; Marketing Strategy; Social Media; Content Marketing,8-11 years,8-11,"We are looking for a Marketing Analyst to join our growing team. The ideal candidate has hands-on experience with Excel, Email Marketing, PPC, Marketing Strategy, Social Media, Content Marketing and can work independently on Content Marketing-driven projects. Responsibilities include collaborating with cross-functional teams, contributing to Email Marketing initiatives, and driving continuous improvement. 8+ years of relevant experience required.","['Excel', 'Email Marketing', 'PPC', 'Marketing Strategy', 'Social Media', 'Content Marketing']",Excel Email Marketing PPC Marketing Strategy Social Media Content Marketing,8.0,11.0,9.5,8.0,11.0,9.5,"we are looking for a marketing analyst to join our growing team. the ideal candidate has hands-on experience with excel, email marketing, ppc, marketing strategy, social media, content marketing and can work independently on content marketing-driven projects. responsibilities include collaborating with cross-functional teams, contributing to email marketing initiatives, and driving continuous improvement. 8+ years of relevant experience required.","Marketing Analyst we are looking for a marketing analyst to join our growing team. the ideal candidate has hands-on experience with excel, email marketing, ppc, marketing strategy, social media, content marketing and can work independently on content marketing-driven projects. responsibilities include collaborating with cross-functional teams, contributing to email marketing initiatives, and driving continuous improvement. 8+ years of relevant experience required. Excel Email Marketing PPC Marketing Strategy Social Media Content Marketing",6
JOB00139,Java Developer,Java Developer,"Harvey, Davis and Crane",Delhi NCR,Spring Boot; Hibernate; Microservices; Git; Java,6-9 years,9-11,"Harvey, Davis and Crane is hiring a Java Developer for our Delhi NCR office. You will use Spring Boot, Hibernate, Microservices, Git, Java daily and help scale our Spring Boot capabilities. We value strong fundamentals in Java and a collaborative mindset. Minimum 6 years of experience in a similar role.","['Spring Boot', 'Hibernate', 'Microservices', 'Git', 'Java']",Spring Boot Hibernate Microservices Git Java,6.0,9.0,7.5,9.0,11.0,10.0,"harvey, davis and crane is hiring a java developer for our delhi ncr office. you will use spring boot, hibernate, microservices, git, java daily and help scale our spring boot capabilities. we value strong fundamentals in java and a collaborative mindset. minimum 6 years of experience in a similar role.","Java Developer harvey, davis and crane is hiring a java developer for our delhi ncr office. you will use spring boot, hibernate, microservices, git, java daily and help scale our spring boot capabilities. we value strong fundamentals in java and a collaborative mindset. minimum 6 years of experience in a similar role. Spring Boot Hibernate Microservices Git Java",12
JOB00479,UI/UX Designer,Graphic Designer,Young-Martinez,Chennai,Creativity; Photoshop; Branding; InDesign; Typography,4-7 years,10-16,"We are looking for a UI/UX Designer to join our growing team. The ideal candidate has hands-on experience with Creativity, Photoshop, Branding, InDesign, Typography and can work independently on Typography-driven projects. Responsibilities include collaborating with cross-functional teams, contributing to InDesign initiatives, and driving continuous improvement. 4+ years of relevant experience required.","['Creativity', 'Photoshop', 'Branding', 'InDesign', 'Typography']",Creativity Photoshop Branding InDesign Typography,4.0,7.0,5.5,10.0,16.0,13.0,"we are looking for a ui/ux designer to join our growing team. the ideal candidate has hands-on experience with creativity, photoshop, branding, indesign, typography and can work independently on typography-driven projects. responsibilities include collaborating with cross-functional teams, contributing to indesign initiatives, and driving continuous improvement. 4+ years of relevant experience required.","UI/UX Designer we are looking for a ui/ux designer to join our growing team. the ideal candidate has hands-on experience with creativity, photoshop, branding, indesign, typography and can work independently on typography-driven projects. responsibilities include collaborating with cross-functional teams, contributing to indesign initiatives, and driving continuous improvement. 4+ years of relevant experience required. Creativity Photoshop Branding InDesign Typography",0
JOB00427,Structural Engineer,Civil Engineer,Johnson-Wood,Hyderabad,Cost Estimation; Construction Management; AutoCAD; Structural Analysis; Project Management,5-8 years,13-19,"Exciting opportunity for a Structural Engineer at Johnson-Wood. Must be proficient in Cost Estimation, Construction Management, AutoCAD, Structural Analysis, Project Management, with practical exposure to Structural Analysis and AutoCAD. You'll work in an agile environment solving real business problems. 5+ years experience preferred.","['Cost Estimation', 'Construction Management', 'AutoCAD', 'Structural Analysis', 'Project Management']",Cost Estimation Construction Management AutoCAD Structural Analysis Project Management,5.0,8.0,6.5,13.0,19.0,16.0,"exciting opportunity for a structural engineer at johnson-wood. must be proficient in cost estimation, construction management, autocad, structural analysis, project management, with practical exposure to structural analysis and autocad. you'll work in an agile environment solving real business problems. 5+ years experience preferred.","Structural Engineer exciting opportunity for a structural engineer at johnson-wood. must be proficient in cost estimation, construction management, autocad, structural analysis, project management, with practical exposure to structural analysis and autocad. you'll work in an agile environment solving real business problems. 5+ years experience preferred. Cost Estimation Construction Management AutoCAD Structural Analysis Project Management",11
JOB00264,Business Analyst,Business Analyst,"Lloyd, Mckinney and Collins",Ahmedabad,Excel; Power BI; SQL; Tableau; Stakeholder Management; Data Visualization,3-6 years,8-16,"We are looking for a Business Analyst to join our growing team. The ideal candidate has hands-on experience with Excel, Power BI, SQL, Tableau, Stakeholder Management, Data Visualization and can work independently on Data Visualization-driven projects. Responsibilities include collaborating with cross-functional teams, contributing to Excel initiatives, and driving continuous improvement. 3+ years of relevant experience required.","['Excel', 'Power BI', 'SQL', 'Tableau', 'Stakeholder Management', 'Data Visualization']",Excel Power BI SQL Tableau Stakeholder Management Data Visualization,3.0,6.0,4.5,8.0,16.0,12.0,"we are looking for a business analyst to join our growing team. the ideal candidate has hands-on experience with excel, power bi, sql, tableau, stakeholder management, data visualization and can work independently on data visualization-driven projects. responsibilities include collaborating with cross-functional teams, contributing to excel initiatives, and driving continuous improvement. 3+ years of relevant experience required.","Business Analyst we are looking for a business analyst to join our growing team. the ideal candidate has hands-on experience with excel, power bi, sql, tableau, stakeholder management, data visualization and can work independently on data visualization-driven projects. responsibilities include collaborating with cross-functional teams, contributing to excel initiatives, and driving continuous improvement. 3+ years of relevant experience required. Excel Power BI SQL Tableau Stakeholder Management Data Visualization",9
JOB00243,Cybersecurity Analyst,Network Security Engineer,Gonzales-Harrison,Noida,Cryptography; Firewalls; Network Protocols; SIEM; Risk Assessment; Vulnerability Assessment; Python; Linux,4-7 years,18-27,"We are looking for a Cybersecurity Analyst to join our growing team. The ideal candidate has hands-on experience with Cryptography, Firewalls, Network Protocols, SIEM, Risk Assessment, Vulnerability Assessment, Python, Linux and can work independently on Risk Assessment-driven projects. Responsibilities include collaborating with cross-functional teams, contributing to Python initiatives, and driving continuous improvement. 4+ years of relevant experience required.","['Cryptography', 'Firewalls', 'Network Protocols', 'SIEM', 'Risk Assessment', 'Vulnerability Assessment', 'Python', 'Linux']",Cryptography Firewalls Network Protocols SIEM Risk Assessment Vulnerability Assessment Python Linux,4.0,7.0,5.5,18.0,27.0,22.5,"we are looking for a cybersecurity analyst to join our growing team. the ideal candidate has hands-on experience with cryptography, firewalls, network protocols, siem, risk assessment, vulnerability assessment, python, linux and can work independently on risk assessment-driven projects. responsibilities include collaborating with cross-functional teams, contributing to python initiatives, and driving continuous improvement. 4+ years of relevant experience required.","Cybersecurity Analyst we are looking for a cybersecurity analyst to join our growing team. the ideal candidate has hands-on experience with cryptography, firewalls, network protocols, siem, risk assessment, vulnerability assessment, python, linux and can work independently on risk assessment-driven projects. responsibilities include collaborating with cross-functional teams, contributing to python initiatives, and driving continuous improvement. 4+ years of relevant experience required. Cryptography Firewalls Network Protocols SIEM Risk Assessment Vulnerability Assessment Python Linux",14
JOB00093,Android Developer,Android Development,"Garcia, Humphrey and Baker",Noida,Firebase; Kotlin; REST API; Git; Material Design; MVVM; Android SDK; Jetpack Compose,8-11 years,14-22,"We are looking for a Android Developer to join our growing team. The ideal candidate has hands-on experience with Firebase, Kotlin, REST API, Git, Material Design, MVVM, Android SDK, Jetpack Compose and can work independently on Android SDK-driven projects. Responsibilities include collaborating with cross-functional teams, contributing to Jetpack Compose initiatives, and driving continuous improvement. 8+ years of relevant experience required.","['Firebase', 'Kotlin', 'REST API', 'Git', 'Material Design', 'MVVM', 'Android SDK', 'Jetpack Compose']",Firebase Kotlin REST API Git Material Design MVVM Android SDK Jetpack Compose,8.0,11.0,9.5,14.0,22.0,18.0,"we are looking for a android developer to join our growing team. the ideal candidate has hands-on experience with firebase, kotlin, rest api, git, material design, mvvm, android sdk, jetpack compose and can work independently on android sdk-driven projects. responsibilities include collaborating with cross-functional teams, contributing to jetpack compose initiatives, and driving continuous improvement. 8+ years of relevant experience required.","Android Developer we are looking for a android developer to join our growing team. the ideal candidate has hands-on experience with firebase, kotlin, rest api, git, material design, mvvm, android sdk, jetpack compose and can work independently on android sdk-driven projects. responsibilities include collaborating with cross-functional teams, contributing to jetpack compose initiatives, and driving continuous improvement. 8+ years of relevant experience required. Firebase Kotlin REST API Git Material Design MVVM Android SDK Jetpack Compose",4
JOB00423,Structural Engineer,Civil Engineer,"Downs, Morris and Maddox",Pune,Construction Management; Structural Analysis; Revit; Project Management,1-4 years,4-6,"Exciting opportunity for a Structural Engineer at Downs, Morris and Maddox. Must be proficient in Construction Management, Structural Analysis, Revit, Project Management, with practical exposure to Structural Analysis and Revit. You'll work in an agile environment solving real business problems. 1+ years experience preferred.","['Construction Management', 'Structural Analysis', 'Revit', 'Project Management']",Construction Management Structural Analysis Revit Project Management,1.0,4.0,2.5,4.0,6.0,5.0,"exciting opportunity for a structural engineer at downs, morris and maddox. must be proficient in construction management, structural analysis, revit, project management, with practical exposure to structural analysis and revit. you'll work in an agile environment solving real business problems. 1+ years experience preferred.","Structural Engineer exciting opportunity for a structural engineer at downs, morris and maddox. must be proficient in construction management, structural analysis, revit, project management, with practical exposure to structural analysis and revit. you'll work in an agile environment solving real business problems. 1+ years experience preferred. Construction Management Structural Analysis Revit Project Management",11
JOB00054,Full Stack Developer,Web Development,"Robinson, Jones and Welch",Noida,React; Responsive Design; Express.js; HTML; REST API; CSS,3-6 years,18-20,"We are looking for a Full Stack Developer to join our growing team. The ideal candidate has hands-on experience with React, Responsive Design, Express.js, HTML, REST API, CSS and can work independently on REST API-driven projects. Responsibilities include collaborating with cross-functional teams, contributing to Express.js initiatives, and driving continuous improvement. 3+ years of relevant experience required.","['React', 'Responsive Design', 'Express.js', 'HTML', 'REST API', 'CSS']",React Responsive Design Express.js HTML REST API CSS,3.0,6.0,4.5,18.0,20.0,19.0,"we are looking for a full stack developer to join our growing team. the ideal candidate has hands-on experience with react, responsive design, express.js, html, rest api, css and can work independently on rest api-driven projects. responsibilities include collaborating with cross-functional teams, contributing to express.js initiatives, and driving continuous improvement. 3+ years of relevant experience required.","Full Stack Developer we are looking for a full stack developer to join our growing team. the ideal candidate has hands-on experience with react, responsive design, express.js, html, rest api, css and can work independently on rest api-driven projects. responsibilities include collaborating with cross-functional teams, contributing to express.js initiatives, and driving continuous improvement. 3+ years of relevant experience required. React Responsive Design Express.js HTML REST API CSS",2
JOB00023,Machine Learning Engineer,Data Science,Perez Inc,Remote,TensorFlow; Data Visualization; NumPy; SQL; Excel; Machine Learning; A/B Testing,7-10 years,5-10,"Perez Inc is hiring a Machine Learning Engineer for our Remote office. You will use TensorFlow, Data Visualization, NumPy, SQL, Excel, Machine Learning, A/B Testing daily and help scale our NumPy capabilities. We value strong fundamentals in Excel and a collaborative mindset. Minimum 7 years of experience in a similar role.","['TensorFlow', 'Data Visualization', 'NumPy', 'SQL', 'Excel', 'Machine Learning', 'A/B Testing']",TensorFlow Data Visualization NumPy SQL Excel Machine Learning A/B Testing,7.0,10.0,8.5,5.0,10.0,7.5,"perez inc is hiring a machine learning engineer for our remote office. you will use tensorflow, data visualization, numpy, sql, excel, machine learning, a/b testing daily and help scale our numpy capabilities. we value strong fundamentals in excel and a collaborative mindset. minimum 7 years of experience in a similar role.","Machine Learning Engineer perez inc is hiring a machine learning engineer for our remote office. you will use tensorflow, data visualization, numpy, sql, excel, machine learning, a/b testing daily and help scale our numpy capabilities. we value strong fundamentals in excel and a collaborative mindset. minimum 7 years of experience in a similar role. TensorFlow Data Visualization NumPy SQL Excel Machine Learning A/B Testing",13
JOB00184,Site Reliability Engineer,DevOps Engineer,"Higgins, Strickland and Martin",Mumbai,AWS; Linux; Docker; Ansible; Shell Scripting; Terraform,0-3 years,13-19,"Exciting opportunity for a Site Reliability Engineer at Higgins, Strickland and Martin. Must be proficient in AWS, Linux, Docker, Ansible, Shell Scripting, Terraform, with practical exposure to AWS and Ansible. You'll work in an agile environment solving real business problems. 0+ years experience preferred.","['AWS', 'Linux', 'Docker', 'Ansible', 'Shell Scripting', 'Terraform']",AWS Linux Docker Ansible Shell Scripting Terraform,0.0,3.0,1.5,13.0,19.0,16.0,"exciting opportunity for a site reliability engineer at higgins, strickland and martin. must be proficient in aws, linux, docker, ansible, shell scripting, terraform, with practical exposure to aws and ansible. you'll work in an agile environment solving real business problems. 0+ years experience preferred.","Site Reliability Engineer exciting opportunity for a site reliability engineer at higgins, strickland and martin. must be proficient in aws, linux, docker, ansible, shell scripting, terraform, with practical exposure to aws and ansible. you'll work in an agile environment solving real business problems. 0+ years experience preferred. AWS Linux Docker Ansible Shell Scripting Terraform",10
JOB00216,Cybersecurity Analyst,Network Security Engineer,"Carlson, Hooper and Wall",Chennai,Firewalls; Penetration Testing; Network Protocols; Linux; Cryptography; Python; IDS/IPS,8-11 years,7-15,"Exciting opportunity for a Cybersecurity Analyst at Carlson, Hooper and Wall. Must be proficient in Firewalls, Penetration Testing, Network Protocols, Linux, Cryptography, Python, IDS/IPS, with practical exposure to IDS/IPS and Python. You'll work in an agile environment solving real business problems. 8+ years experience preferred.","['Firewalls', 'Penetration Testing', 'Network Protocols', 'Linux', 'Cryptography', 'Python', 'IDS/IPS']",Firewalls Penetration Testing Network Protocols Linux Cryptography Python IDS/IPS,8.0,11.0,9.5,7.0,15.0,11.0,"exciting opportunity for a cybersecurity analyst at carlson, hooper and wall. must be proficient in firewalls, penetration testing, network protocols, linux, cryptography, python, ids/ips, with practical exposure to ids/ips and python. you'll work in an agile environment solving real business problems. 8+ years experience preferred.","Cybersecurity Analyst exciting opportunity for a cybersecurity analyst at carlson, hooper and wall. must be proficient in firewalls, penetration testing, network protocols, linux, cryptography, python, ids/ips, with practical exposure to ids/ips and python. you'll work in an agile environment solving real business problems. 8+ years experience preferred. Firewalls Penetration Testing Network Protocols Linux Cryptography Python IDS/IPS",14
JOB00147,Python Developer,Python Developer,Robinson-Brock,Kolkata,Pandas; Git; Flask; Unit Testing; Celery; Python,5-8 years,16-25,"We are looking for a Python Developer to join our growing team. The ideal candidate has hands-on experience with Pandas, Git, Flask, Unit Testing, Celery, Python and can work independently on Celery-driven projects. Responsibilities include collaborating with cross-functional teams, contributing to Git initiatives, and driving continuous improvement. 5+ years of relevant experience required.","['Pandas', 'Git', 'Flask', 'Unit Testing', 'Celery', 'Python']",Pandas Git Flask Unit Testing Celery Python,5.0,8.0,6.5,16.0,25.0,20.5,"we are looking for a python developer to join our growing team. the ideal candidate has hands-on experience with pandas, git, flask, unit testing, celery, python and can work independently on celery-driven projects. responsibilities include collaborating with cross-functional teams, contributing to git initiatives, and driving continuous improvement. 5+ years of relevant experience required.","Python Developer we are looking for a python developer to join our growing team. the ideal candidate has hands-on experience with pandas, git, flask, unit testing, celery, python and can work independently on celery-driven projects. responsibilities include collaborating with cross-functional teams, contributing to git initiatives, and driving continuous improvement. 5+ years of relevant experience required. Pandas Git Flask Unit Testing Celery Python",7
JOB00446,Structural Engineer,Civil Engineer,"Osborn, Gaines and Davis",Noida,Construction Management; Surveying; Revit; Structural Analysis; Cost Estimation; AutoCAD,7-10 years,6-10,"Osborn, Gaines and Davis is hiring a Structural Engineer for our Noida office. You will use Construction Management, Surveying, Revit, Structural Analysis, Cost Estimation, AutoCAD daily and help scale our Revit capabilities. We value strong fundamentals in Construction Management and a collaborative mindset. Minimum 7 years of experience in a similar role.","['Construction Management', 'Surveying', 'Revit', 'Structural Analysis', 'Cost Estimation', 'AutoCAD']",Construction Management Surveying Revit Structural Analysis Cost Estimation AutoCAD,7.0,10.0,8.5,6.0,10.0,8.0,"osborn, gaines and davis is hiring a structural engineer for our noida office. you will use construction management, surveying, revit, structural analysis, cost estimation, autocad daily and help scale our revit capabilities. we value strong fundamentals in construction management and a collaborative mindset. minimum 7 years of experience in a similar role.","Structural Engineer osborn, gaines and davis is hiring a structural engineer for our noida office. you will use construction management, surveying, revit, structural analysis, cost estimation, autocad daily and help scale our revit capabilities. we value strong fundamentals in construction management and a collaborative mindset. minimum 7 years of experience in a similar role. Construction Management Surveying Revit Structural Analysis Cost Estimation AutoCAD",11
JOB00249,Business Analyst,Business Analyst,Johnston-Hines,Noida,Communication; Excel; Data Visualization; Agile; Process Improvement; Power BI,2-5 years,14-24,"We are looking for a Business Analyst to join our growing team. The ideal candidate has hands-on experience with Communication, Excel, Data Visualization, Agile, Process Improvement, Power BI and can work independently on Communication-driven projects. Responsibilities include collaborating with cross-functional teams, contributing to Process Improvement initiatives, and driving continuous improvement. 2+ years of relevant experience required.","['Communication', 'Excel', 'Data Visualization', 'Agile', 'Process Improvement', 'Power BI']",Communication Excel Data Visualization Agile Process Improvement Power BI,2.0,5.0,3.5,14.0,24.0,19.0,"we are looking for a business analyst to join our growing team. the ideal candidate has hands-on experience with communication, excel, data visualization, agile, process improvement, power bi and can work independently on communication-driven projects. responsibilities include collaborating with cross-functional teams, contributing to process improvement initiatives, and driving continuous improvement. 2+ years of relevant experience required.","Business Analyst we are looking for a business analyst to join our growing team. the ideal candidate has hands-on experience with communication, excel, data visualization, agile, process improvement, power bi and can work independently on communication-driven projects. responsibilities include collaborating with cross-functional teams, contributing to process improvement initiatives, and driving continuous improvement. 2+ years of relevant experience required. Communication Excel Data Visualization Agile Process Improvement Power BI",9
JOB00273,Business Analyst,Business Analyst,Morgan-French,Chennai,Process Improvement; Requirements Gathering; Data Visualization; Power BI; Stakeholder Management; Communication,3-6 years,10-20,"Morgan-French is hiring a Business Analyst for our Chennai office. You will use Process Improvement, Requirements Gathering, Data Visualization, Power BI, Stakeholder Management, Communication daily and help scale our Data Visualization capabilities. We value strong fundamentals in Communication and a collaborative mindset. Minimum 3 years of experience in a similar role.","['Process Improvement', 'Requirements Gathering', 'Data Visualization', 'Power BI', 'Stakeholder Management', 'Communication']",Process Improvement Requirements Gathering Data Visualization Power BI Stakeholder Management Communication,3.0,6.0,4.5,10.0,20.0,15.0,"morgan-french is hiring a business analyst for our chennai office. you will use process improvement, requirements gathering, data visualization, power bi, stakeholder management, communication daily and help scale our data visualization capabilities. we value strong fundamentals in communication and a collaborative mindset. minimum 3 years of experience in a similar role.","Business Analyst morgan-french is hiring a business analyst for our chennai office. you will use process improvement, requirements gathering, data visualization, power bi, stakeholder management, communication daily and help scale our data visualization capabilities. we value strong fundamentals in communication and a collaborative mindset. minimum 3 years of experience in a similar role. Process Improvement Requirements Gathering Data Visualization Power BI Stakeholder Management Communication",9
JOB00314,Marketing Analyst,Digital Marketing,Byrd-Le,Mumbai,Content Marketing; Social Media; PPC; Copywriting; Excel; Email Marketing; SEO; Communication,6-9 years,10-12,"Byrd-Le is hiring a Marketing Analyst for our Mumbai office. You will use Content Marketing, Social Media, PPC, Copywriting, Excel, Email Marketing, SEO, Communication daily and help scale our Copywriting capabilities. We value strong fundamentals in Social Media and a collaborative mindset. Minimum 6 years of experience in a similar role.","['Content Marketing', 'Social Media', 'PPC', 'Copywriting', 'Excel', 'Email Marketing', 'SEO', 'Communication']",Content Marketing Social Media PPC Copywriting Excel Email Marketing SEO Communication,6.0,9.0,7.5,10.0,12.0,11.0,"byrd-le is hiring a marketing analyst for our mumbai office. you will use content marketing, social media, ppc, copywriting, excel, email marketing, seo, communication daily and help scale our copywriting capabilities. we value strong fundamentals in social media and a collaborative mindset. minimum 6 years of experience in a similar role.","Marketing Analyst byrd-le is hiring a marketing analyst for our mumbai office. you will use content marketing, social media, ppc, copywriting, excel, email marketing, seo, communication daily and help scale our copywriting capabilities. we value strong fundamentals in social media and a collaborative mindset. minimum 6 years of experience in a similar role. Content Marketing Social Media PPC Copywriting Excel Email Marketing SEO Communication",6
JOB00186,DevOps Engineer,DevOps Engineer,Johnston-Odonnell,Kolkata,Kubernetes; Docker; CI/CD; Monitoring; Linux; Git; Shell Scripting; Terraform,5-8 years,15-25,"We are looking for a DevOps Engineer to join our growing team. The ideal candidate has hands-on experience with Kubernetes, Docker, CI/CD, Monitoring, Linux, Git, Shell Scripting, Terraform and can work independently on CI/CD-driven projects. Responsibilities include collaborating with cross-functional teams, contributing to Kubernetes initiatives, and driving continuous improvement. 5+ years of relevant experience required.","['Kubernetes', 'Docker', 'CI/CD', 'Monitoring', 'Linux', 'Git', 'Shell Scripting', 'Terraform']",Kubernetes Docker CI/CD Monitoring Linux Git Shell Scripting Terraform,5.0,8.0,6.5,15.0,25.0,20.0,"we are looking for a devops engineer to join our growing team. the ideal candidate has hands-on experience with kubernetes, docker, ci/cd, monitoring, linux, git, shell scripting, terraform and can work independently on ci/cd-driven projects. responsibilities include collaborating with cross-functional teams, contributing to kubernetes initiatives, and driving continuous improvement. 5+ years of relevant experience required.","DevOps Engineer we are looking for a devops engineer to join our growing team. the ideal candidate has hands-on experience with kubernetes, docker, ci/cd, monitoring, linux, git, shell scripting, terraform and can work independently on ci/cd-driven projects. responsibilities include collaborating with cross-functional teams, contributing to kubernetes initiatives, and driving continuous improvement. 5+ years of relevant experience required. Kubernetes Docker CI/CD Monitoring Linux Git Shell Scripting Terraform",10
JOB00376,Account Manager,Sales,"Pugh, Henderson and Moon",Chennai,Cold Calling; CRM; Lead Generation; Communication,5-8 years,14-16,"We are looking for a Account Manager to join our growing team. The ideal candidate has hands-on experience with Cold Calling, CRM, Lead Generation, Communication and can work independently on Lead Generation-driven projects. Responsibilities include collaborating with cross-functional teams, contributing to Cold Calling initiatives, and driving continuous improvement. 5+ years of relevant experience required.","['Cold Calling', 'CRM', 'Lead Generation', 'Communication']",Cold Calling CRM Lead Generation Communication,5.0,8.0,6.5,14.0,16.0,15.0,"we are looking for a account manager to join our growing team. the ideal candidate has hands-on experience with cold calling, crm, lead generation, communication and can work independently on lead generation-driven projects. responsibilities include collaborating with cross-functional teams, contributing to cold calling initiatives, and driving continuous improvement. 5+ years of relevant experience required.","Account Manager we are looking for a account manager to join our growing team. the ideal candidate has hands-on experience with cold calling, crm, lead generation, communication and can work independently on lead generation-driven projects. responsibilities include collaborating with cross-functional teams, contributing to cold calling initiatives, and driving continuous improvement. 5+ years of relevant experience required. Cold Calling CRM Lead Generation Communication",3
JOB00008,Data Analyst,Data Science,"Henderson, Ramirez and Lewis",Noida,SQL; Python; Excel; TensorFlow; Scikit-learn,1-4 years,18-21,"Exciting opportunity for a Data Analyst at Henderson, Ramirez and Lewis. Must be proficient in SQL, Python, Excel, TensorFlow, Scikit-learn, with practical exposure to TensorFlow and SQL. You'll work in an agile environment solving real business problems. 1+ years experience preferred.","['SQL', 'Python', 'Excel', 'TensorFlow', 'Scikit-learn']",SQL Python Excel TensorFlow Scikit-learn,1.0,4.0,2.5,18.0,21.0,19.5,"exciting opportunity for a data analyst at henderson, ramirez and lewis. must be proficient in sql, python, excel, tensorflow, scikit-learn, with practical exposure to tensorflow and sql. you'll work in an agile environment solving real business problems. 1+ years experience preferred.","Data Analyst exciting opportunity for a data analyst at henderson, ramirez and lewis. must be proficient in sql, python, excel, tensorflow, scikit-learn, with practical exposure to tensorflow and sql. you'll work in an agile environment solving real business problems. 1+ years experience preferred. SQL Python Excel TensorFlow Scikit-learn",13
JOB00426,Structural Engineer,Civil Engineer,"Brown, Romero and Collins",Bengaluru,Cost Estimation; Structural Analysis; Construction Management; Project Management; Surveying; AutoCAD,6-9 years,7-10,"We are looking for a Structural Engineer to join our growing team. The ideal candidate has hands-on experience with Cost Estimation, Structural Analysis, Construction Management, Project Management, Surveying, AutoCAD and can work independently on Structural Analysis-driven projects. Responsibilities include collaborating with cross-functional teams, contributing to AutoCAD initiatives, and driving continuous improvement. 6+ years of relevant experience required.","['Cost Estimation', 'Structural Analysis', 'Construction Management', 'Project Management', 'Surveying', 'AutoCAD']",Cost Estimation Structural Analysis Construction Management Project Management Surveying AutoCAD,6.0,9.0,7.5,7.0,10.0,8.5,"we are looking for a structural engineer to join our growing team. the ideal candidate has hands-on experience with cost estimation, structural analysis, construction management, project management, surveying, autocad and can work independently on structural analysis-driven projects. responsibilities include collaborating with cross-functional teams, contributing to autocad initiatives, and driving continuous improvement. 6+ years of relevant experience required.","Structural Engineer we are looking for a structural engineer to join our growing team. the ideal candidate has hands-on experience with cost estimation, structural analysis, construction management, project management, surveying, autocad and can work independently on structural analysis-driven projects. responsibilities include collaborating with cross-functional teams, contributing to autocad initiatives, and driving continuous improvement. 6+ years of relevant experience required. Cost Estimation Structural Analysis Construction Management Project Management Surveying AutoCAD",11
JOB00173,Python Developer,Python Developer,White-Green,Remote,Git; SQL; Pandas; Python; Unit Testing; Docker; Celery,1-4 years,16-23,"White-Green is hiring a Python Developer for our Remote office. You will use Git, SQL, Pandas, Python, Unit Testing, Docker, Celery daily and help scale our SQL capabilities. We value strong fundamentals in Docker and a collaborative mindset. Minimum 1 years of experience in a similar role.","['Git', 'SQL', 'Pandas', 'Python', 'Unit Testing', 'Docker', 'Celery']",Git SQL Pandas Python Unit Testing Docker Celery,1.0,4.0,2.5,16.0,23.0,19.5,"white-green is hiring a python developer for our remote office. you will use git, sql, pandas, python, unit testing, docker, celery daily and help scale our sql capabilities. we value strong fundamentals in docker and a collaborative mindset. minimum 1 years of experience in a similar role.","Python Developer white-green is hiring a python developer for our remote office. you will use git, sql, pandas, python, unit testing, docker, celery daily and help scale our sql capabilities. we value strong fundamentals in docker and a collaborative mindset. minimum 1 years of experience in a similar role. Git SQL Pandas Python Unit Testing Docker Celery",7
JOB00137,Backend Java Engineer,Java Developer,"Lewis, Kennedy and Santana",Pune,Multithreading; Microservices; SQL; Git,1-4 years,15-25,"We are looking for a Backend Java Engineer to join our growing team. The ideal candidate has hands-on experience with Multithreading, Microservices, SQL, Git and can work independently on Multithreading-driven projects. Responsibilities include collaborating with cross-functional teams, contributing to Git initiatives, and driving continuous improvement. 1+ years of relevant experience required.","['Multithreading', 'Microservices', 'SQL', 'Git']",Multithreading Microservices SQL Git,1.0,4.0,2.5,15.0,25.0,20.0,"we are looking for a backend java engineer to join our growing team. the ideal candidate has hands-on experience with multithreading, microservices, sql, git and can work independently on multithreading-driven projects. responsibilities include collaborating with cross-functional teams, contributing to git initiatives, and driving continuous improvement. 1+ years of relevant experience required.","Backend Java Engineer we are looking for a backend java engineer to join our growing team. the ideal candidate has hands-on experience with multithreading, microservices, sql, git and can work independently on multithreading-driven projects. responsibilities include collaborating with cross-functional teams, contributing to git initiatives, and driving continuous improvement. 1+ years of relevant experience required. Multithreading Microservices SQL Git",12
JOB00512,Nutrition Consultant,Health and Fitness,"Whitney, Gould and Jones",Remote,Exercise Physiology; Program Design; CPR Certified; Communication,1-4 years,11-19,"We are looking for a Nutrition Consultant to join our growing team. The ideal candidate has hands-on experience with Exercise Physiology, Program Design, CPR Certified, Communication and can work independently on Exercise Physiology-driven projects. Responsibilities include collaborating with cross-functional teams, contributing to CPR Certified initiatives, and driving continuous improvement. 1+ years of relevant experience required.","['Exercise Physiology', 'Program Design', 'CPR Certified', 'Communication']",Exercise Physiology Program Design CPR Certified Communication,1.0,4.0,2.5,11.0,19.0,15.0,"we are looking for a nutrition consultant to join our growing team. the ideal candidate has hands-on experience with exercise physiology, program design, cpr certified, communication and can work independently on exercise physiology-driven projects. responsibilities include collaborating with cross-functional teams, contributing to cpr certified initiatives, and driving continuous improvement. 1+ years of relevant experience required.","Nutrition Consultant we are looking for a nutrition consultant to join our growing team. the ideal candidate has hands-on experience with exercise physiology, program design, cpr certified, communication and can work independently on exercise physiology-driven projects. responsibilities include collaborating with cross-functional teams, contributing to cpr certified initiatives, and driving continuous improvement. 1+ years of relevant experience required. Exercise Physiology Program Design CPR Certified Communication",5
JOB00180,DevOps Engineer,DevOps Engineer,Howell and Sons,Delhi NCR,Terraform; CI/CD; Kubernetes; Monitoring; Shell Scripting,5-8 years,14-16,"We are looking for a DevOps Engineer to join our growing team. The ideal candidate has hands-on experience with Terraform, CI/CD, Kubernetes, Monitoring, Shell Scripting and can work independently on Kubernetes-driven projects. Responsibilities include collaborating with cross-functional teams, contributing to Terraform initiatives, and driving continuous improvement. 5+ years of relevant experience required.","['Terraform', 'CI/CD', 'Kubernetes', 'Monitoring', 'Shell Scripting']",Terraform CI/CD Kubernetes Monitoring Shell Scripting,5.0,8.0,6.5,14.0,16.0,15.0,"we are looking for a devops engineer to join our growing team. the ideal candidate has hands-on experience with terraform, ci/cd, kubernetes, monitoring, shell scripting and can work independently on kubernetes-driven projects. responsibilities include collaborating with cross-functional teams, contributing to terraform initiatives, and driving continuous improvement. 5+ years of relevant experience required.","DevOps Engineer we are looking for a devops engineer to join our growing team. the ideal candidate has hands-on experience with terraform, ci/cd, kubernetes, monitoring, shell scripting and can work independently on kubernetes-driven projects. responsibilities include collaborating with cross-functional teams, contributing to terraform initiatives, and driving continuous improvement. 5+ years of relevant experience required. Terraform CI/CD Kubernetes Monitoring Shell Scripting",10
JOB00497,Fitness Trainer,Health and Fitness,Blackwell LLC,Chennai,CPR Certified; Exercise Physiology; Nutrition Planning; Communication,0-3 years,6-9,"Exciting opportunity for a Fitness Trainer at Blackwell LLC. Must be proficient in CPR Certified, Exercise Physiology, Nutrition Planning, Communication, with practical exposure to Exercise Physiology and CPR Certified. You'll work in an agile environment solving real business problems. 0+ years experience preferred.","['CPR Certified', 'Exercise Physiology', 'Nutrition Planning', 'Communication']",CPR Certified Exercise Physiology Nutrition Planning Communication,0.0,3.0,1.5,6.0,9.0,7.5,"exciting opportunity for a fitness trainer at blackwell llc. must be proficient in cpr certified, exercise physiology, nutrition planning, communication, with practical exposure to exercise physiology and cpr certified. you'll work in an agile environment solving real business problems. 0+ years experience preferred.","Fitness Trainer exciting opportunity for a fitness trainer at blackwell llc. must be proficient in cpr certified, exercise physiology, nutrition planning, communication, with practical exposure to exercise physiology and cpr certified. you'll work in an agile environment solving real business problems. 0+ years experience preferred. CPR Certified Exercise Physiology Nutrition Planning Communication",5
JOB00522,Wellness Coach,Health and Fitness,Holmes-Mcintyre,Noida,Nutrition Planning; CPR Certified; Exercise Physiology; Client Assessment; Communication; First Aid; Program Design,8-11 years,17-26,"We are looking for a Wellness Coach to join our growing team. The ideal candidate has hands-on experience with Nutrition Planning, CPR Certified, Exercise Physiology, Client Assessment, Communication, First Aid, Program Design and can work independently on CPR Certified-driven projects. Responsibilities include collaborating with cross-functional teams, contributing to Exercise Physiology initiatives, and driving continuous improvement. 8+ years of relevant experience required.","['Nutrition Planning', 'CPR Certified', 'Exercise Physiology', 'Client Assessment', 'Communication', 'First Aid', 'Program Design']",Nutrition Planning CPR Certified Exercise Physiology Client Assessment Communication First Aid Program Design,8.0,11.0,9.5,17.0,26.0,21.5,"we are looking for a wellness coach to join our growing team. the ideal candidate has hands-on experience with nutrition planning, cpr certified, exercise physiology, client assessment, communication, first aid, program design and can work independently on cpr certified-driven projects. responsibilities include collaborating with cross-functional teams, contributing to exercise physiology initiatives, and driving continuous improvement. 8+ years of relevant experience required.","Wellness Coach we are looking for a wellness coach to join our growing team. the ideal candidate has hands-on experience with nutrition planning, cpr certified, exercise physiology, client assessment, communication, first aid, program design and can work independently on cpr certified-driven projects. responsibilities include collaborating with cross-functional teams, contributing to exercise physiology initiatives, and driving continuous improvement. 8+ years of relevant experience required. Nutrition Planning CPR Certified Exercise Physiology Client Assessment Communication First Aid Program Design",5
JOB00299,Digital Marketing Executive,Digital Marketing,"Sparks, Jackson and Miller",Ahmedabad,Excel; Copywriting; SEO; Communication,3-6 years,18-20,"We are looking for a Digital Marketing Executive to join our growing team. The ideal candidate has hands-on experience with Excel, Copywriting, SEO, Communication and can work independently on SEO-driven projects. Responsibilities include collaborating with cross-functional teams, contributing to Excel initiatives, and driving continuous improvement. 3+ years of relevant experience required.","['Excel', 'Copywriting', 'SEO', 'Communication']",Excel Copywriting SEO Communication,3.0,6.0,4.5,18.0,20.0,19.0,"we are looking for a digital marketing executive to join our growing team. the ideal candidate has hands-on experience with excel, copywriting, seo, communication and can work independently on seo-driven projects. responsibilities include collaborating with cross-functional teams, contributing to excel initiatives, and driving continuous improvement. 3+ years of relevant experience required.","Digital Marketing Executive we are looking for a digital marketing executive to join our growing team. the ideal candidate has hands-on experience with excel, copywriting, seo, communication and can work independently on seo-driven projects. responsibilities include collaborating with cross-functional teams, contributing to excel initiatives, and driving continuous improvement. 3+ years of relevant experience required. Excel Copywriting SEO Communication",6
JOB00235,Cybersecurity Analyst,Network Security Engineer,Ortiz Ltd,Noida,Vulnerability Assessment; Risk Assessment; Linux; SIEM,2-5 years,6-9,"We are looking for a Cybersecurity Analyst to join our growing team. The ideal candidate has hands-on experience with Vulnerability Assessment, Risk Assessment, Linux, SIEM and can work independently on SIEM-driven projects. Responsibilities include collaborating with cross-functional teams, contributing to Linux initiatives, and driving continuous improvement. 2+ years of relevant experience required.","['Vulnerability Assessment', 'Risk Assessment', 'Linux', 'SIEM']",Vulnerability Assessment Risk Assessment Linux SIEM,2.0,5.0,3.5,6.0,9.0,7.5,"we are looking for a cybersecurity analyst to join our growing team. the ideal candidate has hands-on experience with vulnerability assessment, risk assessment, linux, siem and can work independently on siem-driven projects. responsibilities include collaborating with cross-functional teams, contributing to linux initiatives, and driving continuous improvement. 2+ years of relevant experience required.","Cybersecurity Analyst we are looking for a cybersecurity analyst to join our growing team. the ideal candidate has hands-on experience with vulnerability assessment, risk assessment, linux, siem and can work independently on siem-driven projects. responsibilities include collaborating with cross-functional teams, contributing to linux initiatives, and driving continuous improvement. 2+ years of relevant experience required. Vulnerability Assessment Risk Assessment Linux SIEM",14
JOB00456,UI/UX Designer,Graphic Designer,Diaz-Ball,Kolkata,UI/UX; Illustrator; Branding; Photoshop; Communication; Typography; Creativity; InDesign,2-5 years,13-18,"Exciting opportunity for a UI/UX Designer at Diaz-Ball. Must be proficient in UI/UX, Illustrator, Branding, Photoshop, Communication, Typography, Creativity, InDesign, with practical exposure to Creativity and Communication. You'll work in an agile environment solving real business problems. 2+ years experience preferred.","['UI/UX', 'Illustrator', 'Branding', 'Photoshop', 'Communication', 'Typography', 'Creativity', 'InDesign']",UI/UX Illustrator Branding Photoshop Communication Typography Creativity InDesign,2.0,5.0,3.5,13.0,18.0,15.5,"exciting opportunity for a ui/ux designer at diaz-ball. must be proficient in ui/ux, illustrator, branding, photoshop, communication, typography, creativity, indesign, with practical exposure to creativity and communication. you'll work in an agile environment solving real business problems. 2+ years experience preferred.","UI/UX Designer exciting opportunity for a ui/ux designer at diaz-ball. must be proficient in ui/ux, illustrator, branding, photoshop, communication, typography, creativity, indesign, with practical exposure to creativity and communication. you'll work in an agile environment solving real business problems. 2+ years experience preferred. UI/UX Illustrator Branding Photoshop Communication Typography Creativity InDesign",0
JOB00221,Cybersecurity Analyst,Network Security Engineer,Garcia-Smith,Noida,IDS/IPS; Cryptography; Risk Assessment; Network Protocols,2-5 years,15-23,"Garcia-Smith is hiring a Cybersecurity Analyst for our Noida office. You will use IDS/IPS, Cryptography, Risk Assessment, Network Protocols daily and help scale our Cryptography capabilities. We value strong fundamentals in Risk Assessment and a collaborative mindset. Minimum 2 years of experience in a similar role.","['IDS/IPS', 'Cryptography', 'Risk Assessment', 'Network Protocols']",IDS/IPS Cryptography Risk Assessment Network Protocols,2.0,5.0,3.5,15.0,23.0,19.0,"garcia-smith is hiring a cybersecurity analyst for our noida office. you will use ids/ips, cryptography, risk assessment, network protocols daily and help scale our cryptography capabilities. we value strong fundamentals in risk assessment and a collaborative mindset. minimum 2 years of experience in a similar role.","Cybersecurity Analyst garcia-smith is hiring a cybersecurity analyst for our noida office. you will use ids/ips, cryptography, risk assessment, network protocols daily and help scale our cryptography capabilities. we value strong fundamentals in risk assessment and a collaborative mindset. minimum 2 years of experience in a similar role. IDS/IPS Cryptography Risk Assessment Network Protocols",14
JOB00028,Data Scientist,Data Science,"Hoffman, Baker and Richards",Noida,Scikit-learn; SQL; Excel; A/B Testing; Machine Learning; NumPy; TensorFlow; Statistics,3-6 years,13-20,"Hoffman, Baker and Richards is hiring a Data Scientist for our Noida office. You will use Scikit-learn, SQL, Excel, A/B Testing, Machine Learning, NumPy, TensorFlow, Statistics daily and help scale our Machine Learning capabilities. We value strong fundamentals in Scikit-learn and a collaborative mindset. Minimum 3 years of experience in a similar role.","['Scikit-learn', 'SQL', 'Excel', 'A/B Testing', 'Machine Learning', 'NumPy', 'TensorFlow', 'Statistics']",Scikit-learn SQL Excel A/B Testing Machine Learning NumPy TensorFlow Statistics,3.0,6.0,4.5,13.0,20.0,16.5,"hoffman, baker and richards is hiring a data scientist for our noida office. you will use scikit-learn, sql, excel, a/b testing, machine learning, numpy, tensorflow, statistics daily and help scale our machine learning capabilities. we value strong fundamentals in scikit-learn and a collaborative mindset. minimum 3 years of experience in a similar role.","Data Scientist hoffman, baker and richards is hiring a data scientist for our noida office. you will use scikit-learn, sql, excel, a/b testing, machine learning, numpy, tensorflow, statistics daily and help scale our machine learning capabilities. we value strong fundamentals in scikit-learn and a collaborative mindset. minimum 3 years of experience in a similar role. Scikit-learn SQL Excel A/B Testing Machine Learning NumPy TensorFlow Statistics",13
JOB00135,Java Developer,Java Developer,Mitchell-Jordan,Hyderabad,Spring Boot; Multithreading; Microservices; Git; Hibernate; JUnit; Java,5-8 years,14-23,"Mitchell-Jordan is hiring a Java Developer for our Hyderabad office. You will use Spring Boot, Multithreading, Microservices, Git, Hibernate, JUnit, Java daily and help scale our Java capabilities. We value strong fundamentals in Git and a collaborative mindset. Minimum 5 years of experience in a similar role.","['Spring Boot', 'Multithreading', 'Microservices', 'Git', 'Hibernate', 'JUnit', 'Java']",Spring Boot Multithreading Microservices Git Hibernate JUnit Java,5.0,8.0,6.5,14.0,23.0,18.5,"mitchell-jordan is hiring a java developer for our hyderabad office. you will use spring boot, multithreading, microservices, git, hibernate, junit, java daily and help scale our java capabilities. we value strong fundamentals in git and a collaborative mindset. minimum 5 years of experience in a similar role.","Java Developer mitchell-jordan is hiring a java developer for our hyderabad office. you will use spring boot, multithreading, microservices, git, hibernate, junit, java daily and help scale our java capabilities. we value strong fundamentals in git and a collaborative mindset. minimum 5 years of experience in a similar role. Spring Boot Multithreading Microservices Git Hibernate JUnit Java",12
JOB00276,Business Analyst,Business Analyst,"Burns, Hernandez and Ryan",Noida,Process Improvement; Power BI; Excel; Agile,8-11 years,16-21,"Exciting opportunity for a Business Analyst at Burns, Hernandez and Ryan. Must be proficient in Process Improvement, Power BI, Excel, Agile, with practical exposure to Process Improvement and Excel. You'll work in an agile environment solving real business problems. 8+ years experience preferred.","['Process Improvement', 'Power BI', 'Excel', 'Agile']",Process Improvement Power BI Excel Agile,8.0,11.0,9.5,16.0,21.0,18.5,"exciting opportunity for a business analyst at burns, hernandez and ryan. must be proficient in process improvement, power bi, excel, agile, with practical exposure to process improvement and excel. you'll work in an agile environment solving real business problems. 8+ years experience preferred.","Business Analyst exciting opportunity for a business analyst at burns, hernandez and ryan. must be proficient in process improvement, power bi, excel, agile, with practical exposure to process improvement and excel. you'll work in an agile environment solving real business problems. 8+ years experience preferred. Process Improvement Power BI Excel Agile",9
JOB00304,SEO Specialist,Digital Marketing,Jones LLC,Kolkata,Communication; Content Marketing; SEO; Excel; Email Marketing; Social Media; Google Analytics; Marketing Strategy,3-6 years,20-30,"Jones LLC is hiring a SEO Specialist for our Kolkata office. You will use Communication, Content Marketing, SEO, Excel, Email Marketing, Social Media, Google Analytics, Marketing Strategy daily and help scale our Email Marketing capabilities. We value strong fundamentals in Content Marketing and a collaborative mindset. Minimum 3 years of experience in a similar role.","['Communication', 'Content Marketing', 'SEO', 'Excel', 'Email Marketing', 'Social Media', 'Google Analytics', 'Marketing Strategy']",Communication Content Marketing SEO Excel Email Marketing Social Media Google Analytics Marketing Strategy,3.0,6.0,4.5,20.0,30.0,25.0,"jones llc is hiring a seo specialist for our kolkata office. you will use communication, content marketing, seo, excel, email marketing, social media, google analytics, marketing strategy daily and help scale our email marketing capabilities. we value strong fundamentals in content marketing and a collaborative mindset. minimum 3 years of experience in a similar role.","SEO Specialist jones llc is hiring a seo specialist for our kolkata office. you will use communication, content marketing, seo, excel, email marketing, social media, google analytics, marketing strategy daily and help scale our email marketing capabilities. we value strong fundamentals in content marketing and a collaborative mindset. minimum 3 years of experience in a similar role. Communication Content Marketing SEO Excel Email Marketing Social Media Google Analytics Marketing Strategy",6
JOB00238,Network Security Engineer,Network Security Engineer,"Hall, Baker and Moody",Remote,Linux; Penetration Testing; Vulnerability Assessment; IDS/IPS; Python; Firewalls; Cryptography; SIEM,7-10 years,12-18,"We are looking for a Network Security Engineer to join our growing team. The ideal candidate has hands-on experience with Linux, Penetration Testing, Vulnerability Assessment, IDS/IPS, Python, Firewalls, Cryptography, SIEM and can work independently on Linux-driven projects. Responsibilities include collaborating with cross-functional teams, contributing to IDS/IPS initiatives, and driving continuous improvement. 7+ years of relevant experience required.","['Linux', 'Penetration Testing', 'Vulnerability Assessment', 'IDS/IPS', 'Python', 'Firewalls', 'Cryptography', 'SIEM']",Linux Penetration Testing Vulnerability Assessment IDS/IPS Python Firewalls Cryptography SIEM,7.0,10.0,8.5,12.0,18.0,15.0,"we are looking for a network security engineer to join our growing team. the ideal candidate has hands-on experience with linux, penetration testing, vulnerability assessment, ids/ips, python, firewalls, cryptography, siem and can work independently on linux-driven projects. responsibilities include collaborating with cross-functional teams, contributing to ids/ips initiatives, and driving continuous improvement. 7+ years of relevant experience required.","Network Security Engineer we are looking for a network security engineer to join our growing team. the ideal candidate has hands-on experience with linux, penetration testing, vulnerability assessment, ids/ips, python, firewalls, cryptography, siem and can work independently on linux-driven projects. responsibilities include collaborating with cross-functional teams, contributing to ids/ips initiatives, and driving continuous improvement. 7+ years of relevant experience required. Linux Penetration Testing Vulnerability Assessment IDS/IPS Python Firewalls Cryptography SIEM",14
JOB00031,Data Scientist,Data Science,Burton Ltd,Delhi NCR,Tableau; NumPy; Machine Learning; Python; Data Visualization,5-8 years,16-26,"Exciting opportunity for a Data Scientist at Burton Ltd. Must be proficient in Tableau, NumPy, Machine Learning, Python, Data Visualization, with practical exposure to Python and Data Visualization. You'll work in an agile environment solving real business problems. 5+ years experience preferred.","['Tableau', 'NumPy', 'Machine Learning', 'Python', 'Data Visualization']",Tableau NumPy Machine Learning Python Data Visualization,5.0,8.0,6.5,16.0,26.0,21.0,"exciting opportunity for a data scientist at burton ltd. must be proficient in tableau, numpy, machine learning, python, data visualization, with practical exposure to python and data visualization. you'll work in an agile environment solving real business problems. 5+ years experience preferred.","Data Scientist exciting opportunity for a data scientist at burton ltd. must be proficient in tableau, numpy, machine learning, python, data visualization, with practical exposure to python and data visualization. you'll work in an agile environment solving real business problems. 5+ years experience preferred. Tableau NumPy Machine Learning Python Data Visualization",13
JOB00362,Account Manager,Sales,Lam LLC,Remote,Client Relationship Management; Cold Calling; Sales Strategy; Lead Generation; Negotiation; Communication; Excel; CRM,5-8 years,18-23,"Lam LLC is hiring a Account Manager for our Remote office. You will use Client Relationship Management, Cold Calling, Sales Strategy, Lead Generation, Negotiation, Communication, Excel, CRM daily and help scale our Lead Generation capabilities. We value strong fundamentals in Cold Calling and a collaborative mindset. Minimum 5 years of experience in a similar role.","['Client Relationship Management', 'Cold Calling', 'Sales Strategy', 'Lead Generation', 'Negotiation', 'Communication', 'Excel', 'CRM']",Client Relationship Management Cold Calling Sales Strategy Lead Generation Negotiation Communication Excel CRM,5.0,8.0,6.5,18.0,23.0,20.5,"lam llc is hiring a account manager for our remote office. you will use client relationship management, cold calling, sales strategy, lead generation, negotiation, communication, excel, crm daily and help scale our lead generation capabilities. we value strong fundamentals in cold calling and a collaborative mindset. minimum 5 years of experience in a similar role.","Account Manager lam llc is hiring a account manager for our remote office. you will use client relationship management, cold calling, sales strategy, lead generation, negotiation, communication, excel, crm daily and help scale our lead generation capabilities. we value strong fundamentals in cold calling and a collaborative mindset. minimum 5 years of experience in a similar role. Client Relationship Management Cold Calling Sales Strategy Lead Generation Negotiation Communication Excel CRM",3
JOB00283,SEO Specialist,Digital Marketing,"Pollard, Simpson and Johnson",Ahmedabad,Google Analytics; Content Marketing; Social Media; Communication; SEO; PPC; Excel; Copywriting,2-5 years,17-25,"Exciting opportunity for a SEO Specialist at Pollard, Simpson and Johnson. Must be proficient in Google Analytics, Content Marketing, Social Media, Communication, SEO, PPC, Excel, Copywriting, with practical exposure to Social Media and PPC. You'll work in an agile environment solving real business problems. 2+ years experience preferred.","['Google Analytics', 'Content Marketing', 'Social Media', 'Communication', 'SEO', 'PPC', 'Excel', 'Copywriting']",Google Analytics Content Marketing Social Media Communication SEO PPC Excel Copywriting,2.0,5.0,3.5,17.0,25.0,21.0,"exciting opportunity for a seo specialist at pollard, simpson and johnson. must be proficient in google analytics, content marketing, social media, communication, seo, ppc, excel, copywriting, with practical exposure to social media and ppc. you'll work in an agile environment solving real business problems. 2+ years experience preferred.","SEO Specialist exciting opportunity for a seo specialist at pollard, simpson and johnson. must be proficient in google analytics, content marketing, social media, communication, seo, ppc, excel, copywriting, with practical exposure to social media and ppc. you'll work in an agile environment solving real business problems. 2+ years experience preferred. Google Analytics Content Marketing Social Media Communication SEO PPC Excel Copywriting",6
JOB00515,Wellness Coach,Health and Fitness,"Gregory, Kim and Martinez",Bengaluru,First Aid; Nutrition Planning; Communication; Program Design,2-5 years,18-25,"Gregory, Kim and Martinez is hiring a Wellness Coach for our Bengaluru office. You will use First Aid, Nutrition Planning, Communication, Program Design daily and help scale our Communication capabilities. We value strong fundamentals in Nutrition Planning and a collaborative mindset. Minimum 2 years of experience in a similar role.","['First Aid', 'Nutrition Planning', 'Communication', 'Program Design']",First Aid Nutrition Planning Communication Program Design,2.0,5.0,3.5,18.0,25.0,21.5,"gregory, kim and martinez is hiring a wellness coach for our bengaluru office. you will use first aid, nutrition planning, communication, program design daily and help scale our communication capabilities. we value strong fundamentals in nutrition planning and a collaborative mindset. minimum 2 years of experience in a similar role.","Wellness Coach gregory, kim and martinez is hiring a wellness coach for our bengaluru office. you will use first aid, nutrition planning, communication, program design daily and help scale our communication capabilities. we value strong fundamentals in nutrition planning and a collaborative mindset. minimum 2 years of experience in a similar role. First Aid Nutrition Planning Communication Program Design",5
JOB00006,Data Analyst,Data Science,"Gardner, Robinson and Lawrence",Pune,SQL; Python; Statistics; Scikit-learn; Excel; A/B Testing; Machine Learning,0-3 years,10-14,"We are looking for a Data Analyst to join our growing team. The ideal candidate has hands-on experience with SQL, Python, Statistics, Scikit-learn, Excel, A/B Testing, Machine Learning and can work independently on Scikit-learn-driven projects. Responsibilities include collaborating with cross-functional teams, contributing to SQL initiatives, and driving continuous improvement. 0+ years of relevant experience required.","['SQL', 'Python', 'Statistics', 'Scikit-learn', 'Excel', 'A/B Testing', 'Machine Learning']",SQL Python Statistics Scikit-learn Excel A/B Testing Machine Learning,0.0,3.0,1.5,10.0,14.0,12.0,"we are looking for a data analyst to join our growing team. the ideal candidate has hands-on experience with sql, python, statistics, scikit-learn, excel, a/b testing, machine learning and can work independently on scikit-learn-driven projects. responsibilities include collaborating with cross-functional teams, contributing to sql initiatives, and driving continuous improvement. 0+ years of relevant experience required.","Data Analyst we are looking for a data analyst to join our growing team. the ideal candidate has hands-on experience with sql, python, statistics, scikit-learn, excel, a/b testing, machine learning and can work independently on scikit-learn-driven projects. responsibilities include collaborating with cross-functional teams, contributing to sql initiatives, and driving continuous improvement. 0+ years of relevant experience required. SQL Python Statistics Scikit-learn Excel A/B Testing Machine Learning",13
JOB00169,Backend Python Engineer,Python Developer,"Yates, Ramsey and Pittman",Mumbai,Git; Unit Testing; Flask; SQL; Django; Python; Celery,8-11 years,9-16,"Yates, Ramsey and Pittman is hiring a Backend Python Engineer for our Mumbai office. You will use Git, Unit Testing, Flask, SQL, Django, Python, Celery daily and help scale our Celery capabilities. We value strong fundamentals in Python and a collaborative mindset. Minimum 8 years of experience in a similar role.","['Git', 'Unit Testing', 'Flask', 'SQL', 'Django', 'Python', 'Celery']",Git Unit Testing Flask SQL Django Python Celery,8.0,11.0,9.5,9.0,16.0,12.5,"yates, ramsey and pittman is hiring a backend python engineer for our mumbai office. you will use git, unit testing, flask, sql, django, python, celery daily and help scale our celery capabilities. we value strong fundamentals in python and a collaborative mindset. minimum 8 years of experience in a similar role.","Backend Python Engineer yates, ramsey and pittman is hiring a backend python engineer for our mumbai office. you will use git, unit testing, flask, sql, django, python, celery daily and help scale our celery capabilities. we value strong fundamentals in python and a collaborative mindset. minimum 8 years of experience in a similar role. Git Unit Testing Flask SQL Django Python Celery",7
JOB00220,Cybersecurity Analyst,Network Security Engineer,Terry-Martinez,Noida,Python; Cryptography; Penetration Testing; IDS/IPS; Vulnerability Assessment; Risk Assessment,5-8 years,13-21,"Terry-Martinez is hiring a Cybersecurity Analyst for our Noida office. You will use Python, Cryptography, Penetration Testing, IDS/IPS, Vulnerability Assessment, Risk Assessment daily and help scale our IDS/IPS capabilities. We value strong fundamentals in Cryptography and a collaborative mindset. Minimum 5 years of experience in a similar role.","['Python', 'Cryptography', 'Penetration Testing', 'IDS/IPS', 'Vulnerability Assessment', 'Risk Assessment']",Python Cryptography Penetration Testing IDS/IPS Vulnerability Assessment Risk Assessment,5.0,8.0,6.5,13.0,21.0,17.0,"terry-martinez is hiring a cybersecurity analyst for our noida office. you will use python, cryptography, penetration testing, ids/ips, vulnerability assessment, risk assessment daily and help scale our ids/ips capabilities. we value strong fundamentals in cryptography and a collaborative mindset. minimum 5 years of experience in a similar role.","Cybersecurity Analyst terry-martinez is hiring a cybersecurity analyst for our noida office. you will use python, cryptography, penetration testing, ids/ips, vulnerability assessment, risk assessment daily and help scale our ids/ips capabilities. we value strong fundamentals in cryptography and a collaborative mindset. minimum 5 years of experience in a similar role. Python Cryptography Penetration Testing IDS/IPS Vulnerability Assessment Risk Assessment",14
JOB00242,Cybersecurity Analyst,Network Security Engineer,Larson-Holloway,Chennai,Risk Assessment; Python; Network Protocols; Penetration Testing; Linux; Vulnerability Assessment; Cryptography; Firewalls,0-3 years,13-20,"Exciting opportunity for a Cybersecurity Analyst at Larson-Holloway. Must be proficient in Risk Assessment, Python, Network Protocols, Penetration Testing, Linux, Vulnerability Assessment, Cryptography, Firewalls, with practical exposure to Python and Firewalls. You'll work in an agile environment solving real business problems. 0+ years experience preferred.","['Risk Assessment', 'Python', 'Network Protocols', 'Penetration Testing', 'Linux', 'Vulnerability Assessment', 'Cryptography', 'Firewalls']",Risk Assessment Python Network Protocols Penetration Testing Linux Vulnerability Assessment Cryptography Firewalls,0.0,3.0,1.5,13.0,20.0,16.5,"exciting opportunity for a cybersecurity analyst at larson-holloway. must be proficient in risk assessment, python, network protocols, penetration testing, linux, vulnerability assessment, cryptography, firewalls, with practical exposure to python and firewalls. you'll work in an agile environment solving real business problems. 0+ years experience preferred.","Cybersecurity Analyst exciting opportunity for a cybersecurity analyst at larson-holloway. must be proficient in risk assessment, python, network protocols, penetration testing, linux, vulnerability assessment, cryptography, firewalls, with practical exposure to python and firewalls. you'll work in an agile environment solving real business problems. 0+ years experience preferred. Risk Assessment Python Network Protocols Penetration Testing Linux Vulnerability Assessment Cryptography Firewalls",14
JOB00514,Nutrition Consultant,Health and Fitness,Cisneros and Sons,Pune,First Aid; Communication; Program Design; CPR Certified; Client Assessment,2-5 years,6-14,"Cisneros and Sons is hiring a Nutrition Consultant for our Pune office. You will use First Aid, Communication, Program Design, CPR Certified, Client Assessment daily and help scale our Client Assessment capabilities. We value strong fundamentals in Program Design and a collaborative mindset. Minimum 2 years of experience in a similar role.","['First Aid', 'Communication', 'Program Design', 'CPR Certified', 'Client Assessment']",First Aid Communication Program Design CPR Certified Client Assessment,2.0,5.0,3.5,6.0,14.0,10.0,"cisneros and sons is hiring a nutrition consultant for our pune office. you will use first aid, communication, program design, cpr certified, client assessment daily and help scale our client assessment capabilities. we value strong fundamentals in program design and a collaborative mindset. minimum 2 years of experience in a similar role.","Nutrition Consultant cisneros and sons is hiring a nutrition consultant for our pune office. you will use first aid, communication, program design, cpr certified, client assessment daily and help scale our client assessment capabilities. we value strong fundamentals in program design and a collaborative mindset. minimum 2 years of experience in a similar role. First Aid Communication Program Design CPR Certified Client Assessment",5
JOB00476,Graphic Designer,Graphic Designer,Gilbert-Bullock,Bengaluru,Typography; UI/UX; Illustrator; Photoshop,8-11 years,5-10,"We are looking for a Graphic Designer to join our growing team. The ideal candidate has hands-on experience with Typography, UI/UX, Illustrator, Photoshop and can work independently on UI/UX-driven projects. Responsibilities include collaborating with cross-functional teams, contributing to Photoshop initiatives, and driving continuous improvement. 8+ years of relevant experience required.","['Typography', 'UI/UX', 'Illustrator', 'Photoshop']",Typography UI/UX Illustrator Photoshop,8.0,11.0,9.5,5.0,10.0,7.5,"we are looking for a graphic designer to join our growing team. the ideal candidate has hands-on experience with typography, ui/ux, illustrator, photoshop and can work independently on ui/ux-driven projects. responsibilities include collaborating with cross-functional teams, contributing to photoshop initiatives, and driving continuous improvement. 8+ years of relevant experience required.","Graphic Designer we are looking for a graphic designer to join our growing team. the ideal candidate has hands-on experience with typography, ui/ux, illustrator, photoshop and can work independently on ui/ux-driven projects. responsibilities include collaborating with cross-functional teams, contributing to photoshop initiatives, and driving continuous improvement. 8+ years of relevant experience required. Typography UI/UX Illustrator Photoshop",0
JOB00100,Mobile App Developer,Android Development,Walsh LLC,Hyderabad,Java; Kotlin; REST API; SQLite; Firebase; Jetpack Compose; Git; Android SDK,8-11 years,7-15,"Exciting opportunity for a Mobile App Developer at Walsh LLC. Must be proficient in Java, Kotlin, REST API, SQLite, Firebase, Jetpack Compose, Git, Android SDK, with practical exposure to Android SDK and Firebase. You'll work in an agile environment solving real business problems. 8+ years experience preferred.","['Java', 'Kotlin', 'REST API', 'SQLite', 'Firebase', 'Jetpack Compose', 'Git', 'Android SDK']",Java Kotlin REST API SQLite Firebase Jetpack Compose Git Android SDK,8.0,11.0,9.5,7.0,15.0,11.0,"exciting opportunity for a mobile app developer at walsh llc. must be proficient in java, kotlin, rest api, sqlite, firebase, jetpack compose, git, android sdk, with practical exposure to android sdk and firebase. you'll work in an agile environment solving real business problems. 8+ years experience preferred.","Mobile App Developer exciting opportunity for a mobile app developer at walsh llc. must be proficient in java, kotlin, rest api, sqlite, firebase, jetpack compose, git, android sdk, with practical exposure to android sdk and firebase. you'll work in an agile environment solving real business problems. 8+ years experience preferred. Java Kotlin REST API SQLite Firebase Jetpack Compose Git Android SDK",4
JOB00261,Product Analyst,Business Analyst,Wolf-Harris,Bengaluru,Communication; Excel; Requirements Gathering; Process Improvement,7-10 years,17-26,"Exciting opportunity for a Product Analyst at Wolf-Harris. Must be proficient in Communication, Excel, Requirements Gathering, Process Improvement, with practical exposure to Excel and Process Improvement. You'll work in an agile environment solving real business problems. 7+ years experience preferred.","['Communication', 'Excel', 'Requirements Gathering', 'Process Improvement']",Communication Excel Requirements Gathering Process Improvement,7.0,10.0,8.5,17.0,26.0,21.5,"exciting opportunity for a product analyst at wolf-harris. must be proficient in communication, excel, requirements gathering, process improvement, with practical exposure to excel and process improvement. you'll work in an agile environment solving real business problems. 7+ years experience preferred.","Product Analyst exciting opportunity for a product analyst at wolf-harris. must be proficient in communication, excel, requirements gathering, process improvement, with practical exposure to excel and process improvement. you'll work in an agile environment solving real business problems. 7+ years experience preferred. Communication Excel Requirements Gathering Process Improvement",9
JOB00301,Digital Marketing Executive,Digital Marketing,"Thomas, Murray and King",Hyderabad,Communication; Google Analytics; Marketing Strategy; SEO; Copywriting; Excel; PPC; Social Media,0-3 years,18-21,"Thomas, Murray and King is hiring a Digital Marketing Executive for our Hyderabad office. You will use Communication, Google Analytics, Marketing Strategy, SEO, Copywriting, Excel, PPC, Social Media daily and help scale our SEO capabilities. We value strong fundamentals in Excel and a collaborative mindset. Minimum 0 years of experience in a similar role.","['Communication', 'Google Analytics', 'Marketing Strategy', 'SEO', 'Copywriting', 'Excel', 'PPC', 'Social Media']",Communication Google Analytics Marketing Strategy SEO Copywriting Excel PPC Social Media,0.0,3.0,1.5,18.0,21.0,19.5,"thomas, murray and king is hiring a digital marketing executive for our hyderabad office. you will use communication, google analytics, marketing strategy, seo, copywriting, excel, ppc, social media daily and help scale our seo capabilities. we value strong fundamentals in excel and a collaborative mindset. minimum 0 years of experience in a similar role.","Digital Marketing Executive thomas, murray and king is hiring a digital marketing executive for our hyderabad office. you will use communication, google analytics, marketing strategy, seo, copywriting, excel, ppc, social media daily and help scale our seo capabilities. we value strong fundamentals in excel and a collaborative mindset. minimum 0 years of experience in a similar role. Communication Google Analytics Marketing Strategy SEO Copywriting Excel PPC Social Media",6
JOB00407,Manufacturing Engineer,Mechanical Engineer,Berry-Mckinney,Mumbai,SolidWorks; MATLAB; Six Sigma; Thermodynamics; Project Management; Quality Control,2-5 years,11-18,"We are looking for a Manufacturing Engineer to join our growing team. The ideal candidate has hands-on experience with SolidWorks, MATLAB, Six Sigma, Thermodynamics, Project Management, Quality Control and can work independently on Project Management-driven projects. Responsibilities include collaborating with cross-functional teams, contributing to Six Sigma initiatives, and driving continuous improvement. 2+ years of relevant experience required.","['SolidWorks', 'MATLAB', 'Six Sigma', 'Thermodynamics', 'Project Management', 'Quality Control']",SolidWorks MATLAB Six Sigma Thermodynamics Project Management Quality Control,2.0,5.0,3.5,11.0,18.0,14.5,"we are looking for a manufacturing engineer to join our growing team. the ideal candidate has hands-on experience with solidworks, matlab, six sigma, thermodynamics, project management, quality control and can work independently on project management-driven projects. responsibilities include collaborating with cross-functional teams, contributing to six sigma initiatives, and driving continuous improvement. 2+ years of relevant experience required.","Manufacturing Engineer we are looking for a manufacturing engineer to join our growing team. the ideal candidate has hands-on experience with solidworks, matlab, six sigma, thermodynamics, project management, quality control and can work independently on project management-driven projects. responsibilities include collaborating with cross-functional teams, contributing to six sigma initiatives, and driving continuous improvement. 2+ years of relevant experience required. SolidWorks MATLAB Six Sigma Thermodynamics Project Management Quality Control",8
JOB00136,Backend Java Engineer,Java Developer,"Lawson, Morris and Ramos",Ahmedabad,Maven; Microservices; Git; Spring Boot; Multithreading; JUnit; SQL,6-9 years,11-19,"Lawson, Morris and Ramos is hiring a Backend Java Engineer for our Ahmedabad office. You will use Maven, Microservices, Git, Spring Boot, Multithreading, JUnit, SQL daily and help scale our Multithreading capabilities. We value strong fundamentals in SQL and a collaborative mindset. Minimum 6 years of experience in a similar role.","['Maven', 'Microservices', 'Git', 'Spring Boot', 'Multithreading', 'JUnit', 'SQL']",Maven Microservices Git Spring Boot Multithreading JUnit SQL,6.0,9.0,7.5,11.0,19.0,15.0,"lawson, morris and ramos is hiring a backend java engineer for our ahmedabad office. you will use maven, microservices, git, spring boot, multithreading, junit, sql daily and help scale our multithreading capabilities. we value strong fundamentals in sql and a collaborative mindset. minimum 6 years of experience in a similar role.","Backend Java Engineer lawson, morris and ramos is hiring a backend java engineer for our ahmedabad office. you will use maven, microservices, git, spring boot, multithreading, junit, sql daily and help scale our multithreading capabilities. we value strong fundamentals in sql and a collaborative mindset. minimum 6 years of experience in a similar role. Maven Microservices Git Spring Boot Multithreading JUnit SQL",12
JOB00045,Frontend Developer,Web Development,"Arroyo, Miller and Tucker",Remote,Responsive Design; Express.js; CSS; Git,4-7 years,10-15,"Arroyo, Miller and Tucker is hiring a Frontend Developer for our Remote office. You will use Responsive Design, Express.js, CSS, Git daily and help scale our Responsive Design capabilities. We value strong fundamentals in Git and a collaborative mindset. Minimum 4 years of experience in a similar role.","['Responsive Design', 'Express.js', 'CSS', 'Git']",Responsive Design Express.js CSS Git,4.0,7.0,5.5,10.0,15.0,12.5,"arroyo, miller and tucker is hiring a frontend developer for our remote office. you will use responsive design, express.js, css, git daily and help scale our responsive design capabilities. we value strong fundamentals in git and a collaborative mindset. minimum 4 years of experience in a similar role.","Frontend Developer arroyo, miller and tucker is hiring a frontend developer for our remote office. you will use responsive design, express.js, css, git daily and help scale our responsive design capabilities. we value strong fundamentals in git and a collaborative mindset. minimum 4 years of experience in a similar role. Responsive Design Express.js CSS Git",2
JOB00503,Wellness Coach,Health and Fitness,Morgan-Lopez,Remote,Client Assessment; Communication; Nutrition Planning; First Aid,2-5 years,14-22,"Morgan-Lopez is hiring a Wellness Coach for our Remote office. You will use Client Assessment, Communication, Nutrition Planning, First Aid daily and help scale our Communication capabilities. We value strong fundamentals in Client Assessment and a collaborative mindset. Minimum 2 years of experience in a similar role.","['Client Assessment', 'Communication', 'Nutrition Planning', 'First Aid']",Client Assessment Communication Nutrition Planning First Aid,2.0,5.0,3.5,14.0,22.0,18.0,"morgan-lopez is hiring a wellness coach for our remote office. you will use client assessment, communication, nutrition planning, first aid daily and help scale our communication capabilities. we value strong fundamentals in client assessment and a collaborative mindset. minimum 2 years of experience in a similar role.","Wellness Coach morgan-lopez is hiring a wellness coach for our remote office. you will use client assessment, communication, nutrition planning, first aid daily and help scale our communication capabilities. we value strong fundamentals in client assessment and a collaborative mindset. minimum 2 years of experience in a similar role. Client Assessment Communication Nutrition Planning First Aid",5
JOB00178,DevOps Engineer,DevOps Engineer,Walker-Jones,Kolkata,Linux; Monitoring; Jenkins; Terraform; Ansible; Docker; Shell Scripting,6-9 years,6-15,"Walker-Jones is hiring a DevOps Engineer for our Kolkata office. You will use Linux, Monitoring, Jenkins, Terraform, Ansible, Docker, Shell Scripting daily and help scale our Ansible capabilities. We value strong fundamentals in Jenkins and a collaborative mindset. Minimum 6 years of experience in a similar role.","['Linux', 'Monitoring', 'Jenkins', 'Terraform', 'Ansible', 'Docker', 'Shell Scripting']",Linux Monitoring Jenkins Terraform Ansible Docker Shell Scripting,6.0,9.0,7.5,6.0,15.0,10.5,"walker-jones is hiring a devops engineer for our kolkata office. you will use linux, monitoring, jenkins, terraform, ansible, docker, shell scripting daily and help scale our ansible capabilities. we value strong fundamentals in jenkins and a collaborative mindset. minimum 6 years of experience in a similar role.","DevOps Engineer walker-jones is hiring a devops engineer for our kolkata office. you will use linux, monitoring, jenkins, terraform, ansible, docker, shell scripting daily and help scale our ansible capabilities. we value strong fundamentals in jenkins and a collaborative mindset. minimum 6 years of experience in a similar role. Linux Monitoring Jenkins Terraform Ansible Docker Shell Scripting",10
JOB00525,Nutrition Consultant,Health and Fitness,Gonzalez-Taylor,Pune,Communication; Program Design; Client Assessment; CPR Certified; Exercise Physiology; Nutrition Planning,3-6 years,15-20,"Gonzalez-Taylor is hiring a Nutrition Consultant for our Pune office. You will use Communication, Program Design, Client Assessment, CPR Certified, Exercise Physiology, Nutrition Planning daily and help scale our Exercise Physiology capabilities. We value strong fundamentals in Nutrition Planning and a collaborative mindset. Minimum 3 years of experience in a similar role.","['Communication', 'Program Design', 'Client Assessment', 'CPR Certified', 'Exercise Physiology', 'Nutrition Planning']",Communication Program Design Client Assessment CPR Certified Exercise Physiology Nutrition Planning,3.0,6.0,4.5,15.0,20.0,17.5,"gonzalez-taylor is hiring a nutrition consultant for our pune office. you will use communication, program design, client assessment, cpr certified, exercise physiology, nutrition planning daily and help scale our exercise physiology capabilities. we value strong fundamentals in nutrition planning and a collaborative mindset. minimum 3 years of experience in a similar role.","Nutrition Consultant gonzalez-taylor is hiring a nutrition consultant for our pune office. you will use communication, program design, client assessment, cpr certified, exercise physiology, nutrition planning daily and help scale our exercise physiology capabilities. we value strong fundamentals in nutrition planning and a collaborative mindset. minimum 3 years of experience in a similar role. Communication Program Design Client Assessment CPR Certified Exercise Physiology Nutrition Planning",5
JOB00058,Web Developer,Web Development,"Johnston, Sanchez and Kennedy",Hyderabad,HTML; Git; TypeScript; CSS; Express.js; JavaScript; Node.js,8-11 years,16-25,"Johnston, Sanchez and Kennedy is hiring a Web Developer for our Hyderabad office. You will use HTML, Git, TypeScript, CSS, Express.js, JavaScript, Node.js daily and help scale our JavaScript capabilities. We value strong fundamentals in Git and a collaborative mindset. Minimum 8 years of experience in a similar role.","['HTML', 'Git', 'TypeScript', 'CSS', 'Express.js', 'JavaScript', 'Node.js']",HTML Git TypeScript CSS Express.js JavaScript Node.js,8.0,11.0,9.5,16.0,25.0,20.5,"johnston, sanchez and kennedy is hiring a web developer for our hyderabad office. you will use html, git, typescript, css, express.js, javascript, node.js daily and help scale our javascript capabilities. we value strong fundamentals in git and a collaborative mindset. minimum 8 years of experience in a similar role.","Web Developer johnston, sanchez and kennedy is hiring a web developer for our hyderabad office. you will use html, git, typescript, css, express.js, javascript, node.js daily and help scale our javascript capabilities. we value strong fundamentals in git and a collaborative mindset. minimum 8 years of experience in a similar role. HTML Git TypeScript CSS Express.js JavaScript Node.js",2
JOB00494,Nutrition Consultant,Health and Fitness,"Marshall, Dominguez and Welch",Ahmedabad,Communication; Nutrition Planning; CPR Certified; Program Design,4-7 years,14-23,"We are looking for a Nutrition Consultant to join our growing team. The ideal candidate has hands-on experience with Communication, Nutrition Planning, CPR Certified, Program Design and can work independently on Nutrition Planning-driven projects. Responsibilities include collaborating with cross-functional teams, contributing to CPR Certified initiatives, and driving continuous improvement. 4+ years of relevant experience required.","['Communication', 'Nutrition Planning', 'CPR Certified', 'Program Design']",Communication Nutrition Planning CPR Certified Program Design,4.0,7.0,5.5,14.0,23.0,18.5,"we are looking for a nutrition consultant to join our growing team. the ideal candidate has hands-on experience with communication, nutrition planning, cpr certified, program design and can work independently on nutrition planning-driven projects. responsibilities include collaborating with cross-functional teams, contributing to cpr certified initiatives, and driving continuous improvement. 4+ years of relevant experience required.","Nutrition Consultant we are looking for a nutrition consultant to join our growing team. the ideal candidate has hands-on experience with communication, nutrition planning, cpr certified, program design and can work independently on nutrition planning-driven projects. responsibilities include collaborating with cross-functional teams, contributing to cpr certified initiatives, and driving continuous improvement. 4+ years of relevant experience required. Communication Nutrition Planning CPR Certified Program Design",5
JOB00302,Digital Marketing Executive,Digital Marketing,Estrada-Nolan,Chennai,Email Marketing; Social Media; Content Marketing; Communication; SEO,6-9 years,14-22,"Exciting opportunity for a Digital Marketing Executive at Estrada-Nolan. Must be proficient in Email Marketing, Social Media, Content Marketing, Communication, SEO, with practical exposure to Content Marketing and Social Media. You'll work in an agile environment solving real business problems. 6+ years experience preferred.","['Email Marketing', 'Social Media', 'Content Marketing', 'Communication', 'SEO']",Email Marketing Social Media Content Marketing Communication SEO,6.0,9.0,7.5,14.0,22.0,18.0,"exciting opportunity for a digital marketing executive at estrada-nolan. must be proficient in email marketing, social media, content marketing, communication, seo, with practical exposure to content marketing and social media. you'll work in an agile environment solving real business problems. 6+ years experience preferred.","Digital Marketing Executive exciting opportunity for a digital marketing executive at estrada-nolan. must be proficient in email marketing, social media, content marketing, communication, seo, with practical exposure to content marketing and social media. you'll work in an agile environment solving real business problems. 6+ years experience preferred. Email Marketing Social Media Content Marketing Communication SEO",6
JOB00349,HR Executive,HR,Schroeder-Kramer,Pune,Onboarding; Employee Engagement; Excel; Performance Management; Recruitment,3-6 years,7-17,"Schroeder-Kramer is hiring a HR Executive for our Pune office. You will use Onboarding, Employee Engagement, Excel, Performance Management, Recruitment daily and help scale our Recruitment capabilities. We value strong fundamentals in Performance Management and a collaborative mindset. Minimum 3 years of experience in a similar role.","['Onboarding', 'Employee Engagement', 'Excel', 'Performance Management', 'Recruitment']",Onboarding Employee Engagement Excel Performance Management Recruitment,3.0,6.0,4.5,7.0,17.0,12.0,"schroeder-kramer is hiring a hr executive for our pune office. you will use onboarding, employee engagement, excel, performance management, recruitment daily and help scale our recruitment capabilities. we value strong fundamentals in performance management and a collaborative mindset. minimum 3 years of experience in a similar role.","HR Executive schroeder-kramer is hiring a hr executive for our pune office. you will use onboarding, employee engagement, excel, performance management, recruitment daily and help scale our recruitment capabilities. we value strong fundamentals in performance management and a collaborative mindset. minimum 3 years of experience in a similar role. Onboarding Employee Engagement Excel Performance Management Recruitment",1
JOB00374,Sales Executive,Sales,"Watson, Anderson and Brown",Hyderabad,Negotiation; CRM; Sales Strategy; Excel; Cold Calling; Communication,8-11 years,5-10,"We are looking for a Sales Executive to join our growing team. The ideal candidate has hands-on experience with Negotiation, CRM, Sales Strategy, Excel, Cold Calling, Communication and can work independently on Communication-driven projects. Responsibilities include collaborating with cross-functional teams, contributing to Excel initiatives, and driving continuous improvement. 8+ years of relevant experience required.","['Negotiation', 'CRM', 'Sales Strategy', 'Excel', 'Cold Calling', 'Communication']",Negotiation CRM Sales Strategy Excel Cold Calling Communication,8.0,11.0,9.5,5.0,10.0,7.5,"we are looking for a sales executive to join our growing team. the ideal candidate has hands-on experience with negotiation, crm, sales strategy, excel, cold calling, communication and can work independently on communication-driven projects. responsibilities include collaborating with cross-functional teams, contributing to excel initiatives, and driving continuous improvement. 8+ years of relevant experience required.","Sales Executive we are looking for a sales executive to join our growing team. the ideal candidate has hands-on experience with negotiation, crm, sales strategy, excel, cold calling, communication and can work independently on communication-driven projects. responsibilities include collaborating with cross-functional teams, contributing to excel initiatives, and driving continuous improvement. 8+ years of relevant experience required. Negotiation CRM Sales Strategy Excel Cold Calling Communication",3
JOB00268,Business Analyst,Business Analyst,Jimenez Ltd,Delhi NCR,Requirements Gathering; SQL; Stakeholder Management; Communication,7-10 years,18-25,"We are looking for a Business Analyst to join our growing team. The ideal candidate has hands-on experience with Requirements Gathering, SQL, Stakeholder Management, Communication and can work independently on Communication-driven projects. Responsibilities include collaborating with cross-functional teams, contributing to Requirements Gathering initiatives, and driving continuous improvement. 7+ years of relevant experience required.","['Requirements Gathering', 'SQL', 'Stakeholder Management', 'Communication']",Requirements Gathering SQL Stakeholder Management Communication,7.0,10.0,8.5,18.0,25.0,21.5,"we are looking for a business analyst to join our growing team. the ideal candidate has hands-on experience with requirements gathering, sql, stakeholder management, communication and can work independently on communication-driven projects. responsibilities include collaborating with cross-functional teams, contributing to requirements gathering initiatives, and driving continuous improvement. 7+ years of relevant experience required.","Business Analyst we are looking for a business analyst to join our growing team. the ideal candidate has hands-on experience with requirements gathering, sql, stakeholder management, communication and can work independently on communication-driven projects. responsibilities include collaborating with cross-functional teams, contributing to requirements gathering initiatives, and driving continuous improvement. 7+ years of relevant experience required. Requirements Gathering SQL Stakeholder Management Communication",9
JOB00214,Cybersecurity Analyst,Network Security Engineer,"Tapia, Vaughn and Lee",Chennai,Python; SIEM; IDS/IPS; Penetration Testing; Cryptography,2-5 years,10-13,"Exciting opportunity for a Cybersecurity Analyst at Tapia, Vaughn and Lee. Must be proficient in Python, SIEM, IDS/IPS, Penetration Testing, Cryptography, with practical exposure to Python and Penetration Testing. You'll work in an agile environment solving real business problems. 2+ years experience preferred.","['Python', 'SIEM', 'IDS/IPS', 'Penetration Testing', 'Cryptography']",Python SIEM IDS/IPS Penetration Testing Cryptography,2.0,5.0,3.5,10.0,13.0,11.5,"exciting opportunity for a cybersecurity analyst at tapia, vaughn and lee. must be proficient in python, siem, ids/ips, penetration testing, cryptography, with practical exposure to python and penetration testing. you'll work in an agile environment solving real business problems. 2+ years experience preferred.","Cybersecurity Analyst exciting opportunity for a cybersecurity analyst at tapia, vaughn and lee. must be proficient in python, siem, ids/ips, penetration testing, cryptography, with practical exposure to python and penetration testing. you'll work in an agile environment solving real business problems. 2+ years experience preferred. Python SIEM IDS/IPS Penetration Testing Cryptography",14
JOB00159,Python Developer,Python Developer,Mccarthy Inc,Ahmedabad,REST API; Flask; SQL; Unit Testing; Docker; Git,7-10 years,16-18,"Mccarthy Inc is hiring a Python Developer for our Ahmedabad office. You will use REST API, Flask, SQL, Unit Testing, Docker, Git daily and help scale our Git capabilities. We value strong fundamentals in Unit Testing and a collaborative mindset. Minimum 7 years of experience in a similar role.","['REST API', 'Flask', 'SQL', 'Unit Testing', 'Docker', 'Git']",REST API Flask SQL Unit Testing Docker Git,7.0,10.0,8.5,16.0,18.0,17.0,"mccarthy inc is hiring a python developer for our ahmedabad office. you will use rest api, flask, sql, unit testing, docker, git daily and help scale our git capabilities. we value strong fundamentals in unit testing and a collaborative mindset. minimum 7 years of experience in a similar role.","Python Developer mccarthy inc is hiring a python developer for our ahmedabad office. you will use rest api, flask, sql, unit testing, docker, git daily and help scale our git capabilities. we value strong fundamentals in unit testing and a collaborative mindset. minimum 7 years of experience in a similar role. REST API Flask SQL Unit Testing Docker Git",7
JOB00075,Mobile App Developer,Android Development,Novak PLC,Hyderabad,Android SDK; Kotlin; MVVM; Firebase; Git,0-3 years,12-21,"We are looking for a Mobile App Developer to join our growing team. The ideal candidate has hands-on experience with Android SDK, Kotlin, MVVM, Firebase, Git and can work independently on Firebase-driven projects. Responsibilities include collaborating with cross-functional teams, contributing to MVVM initiatives, and driving continuous improvement. 0+ years of relevant experience required.","['Android SDK', 'Kotlin', 'MVVM', 'Firebase', 'Git']",Android SDK Kotlin MVVM Firebase Git,0.0,3.0,1.5,12.0,21.0,16.5,"we are looking for a mobile app developer to join our growing team. the ideal candidate has hands-on experience with android sdk, kotlin, mvvm, firebase, git and can work independently on firebase-driven projects. responsibilities include collaborating with cross-functional teams, contributing to mvvm initiatives, and driving continuous improvement. 0+ years of relevant experience required.","Mobile App Developer we are looking for a mobile app developer to join our growing team. the ideal candidate has hands-on experience with android sdk, kotlin, mvvm, firebase, git and can work independently on firebase-driven projects. responsibilities include collaborating with cross-functional teams, contributing to mvvm initiatives, and driving continuous improvement. 0+ years of relevant experience required. Android SDK Kotlin MVVM Firebase Git",4
JOB00175,Python Developer,Python Developer,Ramirez-Bean,Hyderabad,REST API; Django; SQL; Celery; Python; Pandas; Git; Flask,8-11 years,4-11,"We are looking for a Python Developer to join our growing team. The ideal candidate has hands-on experience with REST API, Django, SQL, Celery, Python, Pandas, Git, Flask and can work independently on Pandas-driven projects. Responsibilities include collaborating with cross-functional teams, contributing to REST API initiatives, and driving continuous improvement. 8+ years of relevant experience required.","['REST API', 'Django', 'SQL', 'Celery', 'Python', 'Pandas', 'Git', 'Flask']",REST API Django SQL Celery Python Pandas Git Flask,8.0,11.0,9.5,4.0,11.0,7.5,"we are looking for a python developer to join our growing team. the ideal candidate has hands-on experience with rest api, django, sql, celery, python, pandas, git, flask and can work independently on pandas-driven projects. responsibilities include collaborating with cross-functional teams, contributing to rest api initiatives, and driving continuous improvement. 8+ years of relevant experience required.","Python Developer we are looking for a python developer to join our growing team. the ideal candidate has hands-on experience with rest api, django, sql, celery, python, pandas, git, flask and can work independently on pandas-driven projects. responsibilities include collaborating with cross-functional teams, contributing to rest api initiatives, and driving continuous improvement. 8+ years of relevant experience required. REST API Django SQL Celery Python Pandas Git Flask",7
JOB00333,Talent Acquisition Specialist,HR,Torres Group,Ahmedabad,Performance Management; Employee Engagement; Payroll; Onboarding; HRIS; Conflict Resolution,0-3 years,7-15,"Exciting opportunity for a Talent Acquisition Specialist at Torres Group. Must be proficient in Performance Management, Employee Engagement, Payroll, Onboarding, HRIS, Conflict Resolution, with practical exposure to Onboarding and Employee Engagement. You'll work in an agile environment solving real business problems. 0+ years experience preferred.","['Performance Management', 'Employee Engagement', 'Payroll', 'Onboarding', 'HRIS', 'Conflict Resolution']",Performance Management Employee Engagement Payroll Onboarding HRIS Conflict Resolution,0.0,3.0,1.5,7.0,15.0,11.0,"exciting opportunity for a talent acquisition specialist at torres group. must be proficient in performance management, employee engagement, payroll, onboarding, hris, conflict resolution, with practical exposure to onboarding and employee engagement. you'll work in an agile environment solving real business problems. 0+ years experience preferred.","Talent Acquisition Specialist exciting opportunity for a talent acquisition specialist at torres group. must be proficient in performance management, employee engagement, payroll, onboarding, hris, conflict resolution, with practical exposure to onboarding and employee engagement. you'll work in an agile environment solving real business problems. 0+ years experience preferred. Performance Management Employee Engagement Payroll Onboarding HRIS Conflict Resolution",1
JOB00171,Backend Python Engineer,Python Developer,Meadows PLC,Kolkata,Flask; SQL; Unit Testing; Celery; Django; REST API,3-6 years,6-10,"Meadows PLC is hiring a Backend Python Engineer for our Kolkata office. You will use Flask, SQL, Unit Testing, Celery, Django, REST API daily and help scale our REST API capabilities. We value strong fundamentals in Flask and a collaborative mindset. Minimum 3 years of experience in a similar role.","['Flask', 'SQL', 'Unit Testing', 'Celery', 'Django', 'REST API']",Flask SQL Unit Testing Celery Django REST API,3.0,6.0,4.5,6.0,10.0,8.0,"meadows plc is hiring a backend python engineer for our kolkata office. you will use flask, sql, unit testing, celery, django, rest api daily and help scale our rest api capabilities. we value strong fundamentals in flask and a collaborative mindset. minimum 3 years of experience in a similar role.","Backend Python Engineer meadows plc is hiring a backend python engineer for our kolkata office. you will use flask, sql, unit testing, celery, django, rest api daily and help scale our rest api capabilities. we value strong fundamentals in flask and a collaborative mindset. minimum 3 years of experience in a similar role. Flask SQL Unit Testing Celery Django REST API",7
JOB00275,Product Analyst,Business Analyst,Monroe-Carpenter,Kolkata,Requirements Gathering; Communication; Excel; Data Visualization,1-4 years,6-9,"Monroe-Carpenter is hiring a Product Analyst for our Kolkata office. You will use Requirements Gathering, Communication, Excel, Data Visualization daily and help scale our Communication capabilities. We value strong fundamentals in Excel and a collaborative mindset. Minimum 1 years of experience in a similar role.","['Requirements Gathering', 'Communication', 'Excel', 'Data Visualization']",Requirements Gathering Communication Excel Data Visualization,1.0,4.0,2.5,6.0,9.0,7.5,"monroe-carpenter is hiring a product analyst for our kolkata office. you will use requirements gathering, communication, excel, data visualization daily and help scale our communication capabilities. we value strong fundamentals in excel and a collaborative mindset. minimum 1 years of experience in a similar role.","Product Analyst monroe-carpenter is hiring a product analyst for our kolkata office. you will use requirements gathering, communication, excel, data visualization daily and help scale our communication capabilities. we value strong fundamentals in excel and a collaborative mindset. minimum 1 years of experience in a similar role. Requirements Gathering Communication Excel Data Visualization",9
JOB00066,Frontend Developer,Web Development,Morton-Chase,Hyderabad,HTML; CSS; TypeScript; Git; Node.js; React; JavaScript,6-9 years,8-13,"Exciting opportunity for a Frontend Developer at Morton-Chase. Must be proficient in HTML, CSS, TypeScript, Git, Node.js, React, JavaScript, with practical exposure to TypeScript and CSS. You'll work in an agile environment solving real business problems. 6+ years experience preferred.","['HTML', 'CSS', 'TypeScript', 'Git', 'Node.js', 'React', 'JavaScript']",HTML CSS TypeScript Git Node.js React JavaScript,6.0,9.0,7.5,8.0,13.0,10.5,"exciting opportunity for a frontend developer at morton-chase. must be proficient in html, css, typescript, git, node.js, react, javascript, with practical exposure to typescript and css. you'll work in an agile environment solving real business problems. 6+ years experience preferred.","Frontend Developer exciting opportunity for a frontend developer at morton-chase. must be proficient in html, css, typescript, git, node.js, react, javascript, with practical exposure to typescript and css. you'll work in an agile environment solving real business problems. 6+ years experience preferred. HTML CSS TypeScript Git Node.js React JavaScript",2
JOB00508,Fitness Trainer,Health and Fitness,Parker-Morrison,Hyderabad,First Aid; CPR Certified; Communication; Exercise Physiology; Nutrition Planning; Client Assessment,0-3 years,10-19,"Exciting opportunity for a Fitness Trainer at Parker-Morrison. Must be proficient in First Aid, CPR Certified, Communication, Exercise Physiology, Nutrition Planning, Client Assessment, with practical exposure to Nutrition Planning and CPR Certified. You'll work in an agile environment solving real business problems. 0+ years experience preferred.","['First Aid', 'CPR Certified', 'Communication', 'Exercise Physiology', 'Nutrition Planning', 'Client Assessment']",First Aid CPR Certified Communication Exercise Physiology Nutrition Planning Client Assessment,0.0,3.0,1.5,10.0,19.0,14.5,"exciting opportunity for a fitness trainer at parker-morrison. must be proficient in first aid, cpr certified, communication, exercise physiology, nutrition planning, client assessment, with practical exposure to nutrition planning and cpr certified. you'll work in an agile environment solving real business problems. 0+ years experience preferred.","Fitness Trainer exciting opportunity for a fitness trainer at parker-morrison. must be proficient in first aid, cpr certified, communication, exercise physiology, nutrition planning, client assessment, with practical exposure to nutrition planning and cpr certified. you'll work in an agile environment solving real business problems. 0+ years experience preferred. First Aid CPR Certified Communication Exercise Physiology Nutrition Planning Client Assessment",5
JOB00408,Mechanical Design Engineer,Mechanical Engineer,Roberts-Sullivan,Mumbai,Manufacturing; Six Sigma; Thermodynamics; Quality Control; AutoCAD; SolidWorks; MATLAB; Project Management,6-9 years,5-12,"Roberts-Sullivan is hiring a Mechanical Design Engineer for our Mumbai office. You will use Manufacturing, Six Sigma, Thermodynamics, Quality Control, AutoCAD, SolidWorks, MATLAB, Project Management daily and help scale our Manufacturing capabilities. We value strong fundamentals in AutoCAD and a collaborative mindset. Minimum 6 years of experience in a similar role.","['Manufacturing', 'Six Sigma', 'Thermodynamics', 'Quality Control', 'AutoCAD', 'SolidWorks', 'MATLAB', 'Project Management']",Manufacturing Six Sigma Thermodynamics Quality Control AutoCAD SolidWorks MATLAB Project Management,6.0,9.0,7.5,5.0,12.0,8.5,"roberts-sullivan is hiring a mechanical design engineer for our mumbai office. you will use manufacturing, six sigma, thermodynamics, quality control, autocad, solidworks, matlab, project management daily and help scale our manufacturing capabilities. we value strong fundamentals in autocad and a collaborative mindset. minimum 6 years of experience in a similar role.","Mechanical Design Engineer roberts-sullivan is hiring a mechanical design engineer for our mumbai office. you will use manufacturing, six sigma, thermodynamics, quality control, autocad, solidworks, matlab, project management daily and help scale our manufacturing capabilities. we value strong fundamentals in autocad and a collaborative mindset. minimum 6 years of experience in a similar role. Manufacturing Six Sigma Thermodynamics Quality Control AutoCAD SolidWorks MATLAB Project Management",8
JOB00174,Backend Python Engineer,Python Developer,Lewis-Murphy,Delhi NCR,Flask; Celery; REST API; Python; Django; Docker; Pandas,1-4 years,4-8,"Exciting opportunity for a Backend Python Engineer at Lewis-Murphy. Must be proficient in Flask, Celery, REST API, Python, Django, Docker, Pandas, with practical exposure to Python and Django. You'll work in an agile environment solving real business problems. 1+ years experience preferred.","['Flask', 'Celery', 'REST API', 'Python', 'Django', 'Docker', 'Pandas']",Flask Celery REST API Python Django Docker Pandas,1.0,4.0,2.5,4.0,8.0,6.0,"exciting opportunity for a backend python engineer at lewis-murphy. must be proficient in flask, celery, rest api, python, django, docker, pandas, with practical exposure to python and django. you'll work in an agile environment solving real business problems. 1+ years experience preferred.","Backend Python Engineer exciting opportunity for a backend python engineer at lewis-murphy. must be proficient in flask, celery, rest api, python, django, docker, pandas, with practical exposure to python and django. you'll work in an agile environment solving real business problems. 1+ years experience preferred. Flask Celery REST API Python Django Docker Pandas",7
JOB00396,Mechanical Design Engineer,Mechanical Engineer,Reed Inc,Mumbai,Project Management; Quality Control; Six Sigma; Manufacturing; AutoCAD; Thermodynamics; MATLAB; SolidWorks,1-4 years,17-25,"Exciting opportunity for a Mechanical Design Engineer at Reed Inc. Must be proficient in Project Management, Quality Control, Six Sigma, Manufacturing, AutoCAD, Thermodynamics, MATLAB, SolidWorks, with practical exposure to Thermodynamics and AutoCAD. You'll work in an agile environment solving real business problems. 1+ years experience preferred.","['Project Management', 'Quality Control', 'Six Sigma', 'Manufacturing', 'AutoCAD', 'Thermodynamics', 'MATLAB', 'SolidWorks']",Project Management Quality Control Six Sigma Manufacturing AutoCAD Thermodynamics MATLAB SolidWorks,1.0,4.0,2.5,17.0,25.0,21.0,"exciting opportunity for a mechanical design engineer at reed inc. must be proficient in project management, quality control, six sigma, manufacturing, autocad, thermodynamics, matlab, solidworks, with practical exposure to thermodynamics and autocad. you'll work in an agile environment solving real business problems. 1+ years experience preferred.","Mechanical Design Engineer exciting opportunity for a mechanical design engineer at reed inc. must be proficient in project management, quality control, six sigma, manufacturing, autocad, thermodynamics, matlab, solidworks, with practical exposure to thermodynamics and autocad. you'll work in an agile environment solving real business problems. 1+ years experience preferred. Project Management Quality Control Six Sigma Manufacturing AutoCAD Thermodynamics MATLAB SolidWorks",8
JOB00520,Nutrition Consultant,Health and Fitness,"Richardson, Edwards and Ramirez",Noida,Program Design; CPR Certified; Client Assessment; Exercise Physiology,3-6 years,19-26,"Exciting opportunity for a Nutrition Consultant at Richardson, Edwards and Ramirez. Must be proficient in Program Design, CPR Certified, Client Assessment, Exercise Physiology, with practical exposure to Client Assessment and Program Design. You'll work in an agile environment solving real business problems. 3+ years experience preferred.","['Program Design', 'CPR Certified', 'Client Assessment', 'Exercise Physiology']",Program Design CPR Certified Client Assessment Exercise Physiology,3.0,6.0,4.5,19.0,26.0,22.5,"exciting opportunity for a nutrition consultant at richardson, edwards and ramirez. must be proficient in program design, cpr certified, client assessment, exercise physiology, with practical exposure to client assessment and program design. you'll work in an agile environment solving real business problems. 3+ years experience preferred.","Nutrition Consultant exciting opportunity for a nutrition consultant at richardson, edwards and ramirez. must be proficient in program design, cpr certified, client assessment, exercise physiology, with practical exposure to client assessment and program design. you'll work in an agile environment solving real business problems. 3+ years experience preferred. Program Design CPR Certified Client Assessment Exercise Physiology",5
JOB00250,Business Analyst,Business Analyst,Ruiz Ltd,Mumbai,Communication; Tableau; Requirements Gathering; Agile; Stakeholder Management; Excel; SQL; Power BI,1-4 years,7-17,"Exciting opportunity for a Business Analyst at Ruiz Ltd. Must be proficient in Communication, Tableau, Requirements Gathering, Agile, Stakeholder Management, Excel, SQL, Power BI, with practical exposure to SQL and Stakeholder Management. You'll work in an agile environment solving real business problems. 1+ years experience preferred.","['Communication', 'Tableau', 'Requirements Gathering', 'Agile', 'Stakeholder Management', 'Excel', 'SQL', 'Power BI']",Communication Tableau Requirements Gathering Agile Stakeholder Management Excel SQL Power BI,1.0,4.0,2.5,7.0,17.0,12.0,"exciting opportunity for a business analyst at ruiz ltd. must be proficient in communication, tableau, requirements gathering, agile, stakeholder management, excel, sql, power bi, with practical exposure to sql and stakeholder management. you'll work in an agile environment solving real business problems. 1+ years experience preferred.","Business Analyst exciting opportunity for a business analyst at ruiz ltd. must be proficient in communication, tableau, requirements gathering, agile, stakeholder management, excel, sql, power bi, with practical exposure to sql and stakeholder management. you'll work in an agile environment solving real business problems. 1+ years experience preferred. Communication Tableau Requirements Gathering Agile Stakeholder Management Excel SQL Power BI",9
JOB00432,Civil Site Engineer,Civil Engineer,"Lopez, Jacobs and Mason",Chennai,Cost Estimation; Construction Management; AutoCAD; Structural Analysis,8-11 years,5-8,"Lopez, Jacobs and Mason is hiring a Civil Site Engineer for our Chennai office. You will use Cost Estimation, Construction Management, AutoCAD, Structural Analysis daily and help scale our Construction Management capabilities. We value strong fundamentals in AutoCAD and a collaborative mindset. Minimum 8 years of experience in a similar role.","['Cost Estimation', 'Construction Management', 'AutoCAD', 'Structural Analysis']",Cost Estimation Construction Management AutoCAD Structural Analysis,8.0,11.0,9.5,5.0,8.0,6.5,"lopez, jacobs and mason is hiring a civil site engineer for our chennai office. you will use cost estimation, construction management, autocad, structural analysis daily and help scale our construction management capabilities. we value strong fundamentals in autocad and a collaborative mindset. minimum 8 years of experience in a similar role.","Civil Site Engineer lopez, jacobs and mason is hiring a civil site engineer for our chennai office. you will use cost estimation, construction management, autocad, structural analysis daily and help scale our construction management capabilities. we value strong fundamentals in autocad and a collaborative mindset. minimum 8 years of experience in a similar role. Cost Estimation Construction Management AutoCAD Structural Analysis",11
JOB00375,Sales Executive,Sales,"Hoffman, Santiago and Jenkins",Ahmedabad,Excel; Client Relationship Management; Communication; CRM; Cold Calling; Negotiation,2-5 years,7-11,"Hoffman, Santiago and Jenkins is hiring a Sales Executive for our Ahmedabad office. You will use Excel, Client Relationship Management, Communication, CRM, Cold Calling, Negotiation daily and help scale our Negotiation capabilities. We value strong fundamentals in Client Relationship Management and a collaborative mindset. Minimum 2 years of experience in a similar role.","['Excel', 'Client Relationship Management', 'Communication', 'CRM', 'Cold Calling', 'Negotiation']",Excel Client Relationship Management Communication CRM Cold Calling Negotiation,2.0,5.0,3.5,7.0,11.0,9.0,"hoffman, santiago and jenkins is hiring a sales executive for our ahmedabad office. you will use excel, client relationship management, communication, crm, cold calling, negotiation daily and help scale our negotiation capabilities. we value strong fundamentals in client relationship management and a collaborative mindset. minimum 2 years of experience in a similar role.","Sales Executive hoffman, santiago and jenkins is hiring a sales executive for our ahmedabad office. you will use excel, client relationship management, communication, crm, cold calling, negotiation daily and help scale our negotiation capabilities. we value strong fundamentals in client relationship management and a collaborative mindset. minimum 2 years of experience in a similar role. Excel Client Relationship Management Communication CRM Cold Calling Negotiation",3
JOB00279,Business Analyst,Business Analyst,Pollard and Sons,Remote,SQL; Agile; Requirements Gathering; Stakeholder Management; Excel; Process Improvement; Communication; Power BI,5-8 years,6-9,"We are looking for a Business Analyst to join our growing team. The ideal candidate has hands-on experience with SQL, Agile, Requirements Gathering, Stakeholder Management, Excel, Process Improvement, Communication, Power BI and can work independently on Excel-driven projects. Responsibilities include collaborating with cross-functional teams, contributing to Requirements Gathering initiatives, and driving continuous improvement. 5+ years of relevant experience required.","['SQL', 'Agile', 'Requirements Gathering', 'Stakeholder Management', 'Excel', 'Process Improvement', 'Communication', 'Power BI']",SQL Agile Requirements Gathering Stakeholder Management Excel Process Improvement Communication Power BI,5.0,8.0,6.5,6.0,9.0,7.5,"we are looking for a business analyst to join our growing team. the ideal candidate has hands-on experience with sql, agile, requirements gathering, stakeholder management, excel, process improvement, communication, power bi and can work independently on excel-driven projects. responsibilities include collaborating with cross-functional teams, contributing to requirements gathering initiatives, and driving continuous improvement. 5+ years of relevant experience required.","Business Analyst we are looking for a business analyst to join our growing team. the ideal candidate has hands-on experience with sql, agile, requirements gathering, stakeholder management, excel, process improvement, communication, power bi and can work independently on excel-driven projects. responsibilities include collaborating with cross-functional teams, contributing to requirements gathering initiatives, and driving continuous improvement. 5+ years of relevant experience required. SQL Agile Requirements Gathering Stakeholder Management Excel Process Improvement Communication Power BI",9
JOB00067,Web Developer,Web Development,Williams PLC,Bengaluru,JavaScript; Express.js; CSS; MongoDB; Node.js; TypeScript; REST API,3-6 years,17-26,"Williams PLC is hiring a Web Developer for our Bengaluru office. You will use JavaScript, Express.js, CSS, MongoDB, Node.js, TypeScript, REST API daily and help scale our Express.js capabilities. We value strong fundamentals in REST API and a collaborative mindset. Minimum 3 years of experience in a similar role.","['JavaScript', 'Express.js', 'CSS', 'MongoDB', 'Node.js', 'TypeScript', 'REST API']",JavaScript Express.js CSS MongoDB Node.js TypeScript REST API,3.0,6.0,4.5,17.0,26.0,21.5,"williams plc is hiring a web developer for our bengaluru office. you will use javascript, express.js, css, mongodb, node.js, typescript, rest api daily and help scale our express.js capabilities. we value strong fundamentals in rest api and a collaborative mindset. minimum 3 years of experience in a similar role.","Web Developer williams plc is hiring a web developer for our bengaluru office. you will use javascript, express.js, css, mongodb, node.js, typescript, rest api daily and help scale our express.js capabilities. we value strong fundamentals in rest api and a collaborative mindset. minimum 3 years of experience in a similar role. JavaScript Express.js CSS MongoDB Node.js TypeScript REST API",2
JOB00448,Civil Site Engineer,Civil Engineer,Bean LLC,Delhi NCR,Structural Analysis; Project Management; Revit; Cost Estimation; Surveying; Construction Management; AutoCAD,7-10 years,13-19,"We are looking for a Civil Site Engineer to join our growing team. The ideal candidate has hands-on experience with Structural Analysis, Project Management, Revit, Cost Estimation, Surveying, Construction Management, AutoCAD and can work independently on Structural Analysis-driven projects. Responsibilities include collaborating with cross-functional teams, contributing to Construction Management initiatives, and driving continuous improvement. 7+ years of relevant experience required.","['Structural Analysis', 'Project Management', 'Revit', 'Cost Estimation', 'Surveying', 'Construction Management', 'AutoCAD']",Structural Analysis Project Management Revit Cost Estimation Surveying Construction Management AutoCAD,7.0,10.0,8.5,13.0,19.0,16.0,"we are looking for a civil site engineer to join our growing team. the ideal candidate has hands-on experience with structural analysis, project management, revit, cost estimation, surveying, construction management, autocad and can work independently on structural analysis-driven projects. responsibilities include collaborating with cross-functional teams, contributing to construction management initiatives, and driving continuous improvement. 7+ years of relevant experience required.","Civil Site Engineer we are looking for a civil site engineer to join our growing team. the ideal candidate has hands-on experience with structural analysis, project management, revit, cost estimation, surveying, construction management, autocad and can work independently on structural analysis-driven projects. responsibilities include collaborating with cross-functional teams, contributing to construction management initiatives, and driving continuous improvement. 7+ years of relevant experience required. Structural Analysis Project Management Revit Cost Estimation Surveying Construction Management AutoCAD",11
JOB00523,Fitness Trainer,Health and Fitness,Green LLC,Hyderabad,First Aid; CPR Certified; Program Design; Client Assessment,1-4 years,5-8,"We are looking for a Fitness Trainer to join our growing team. The ideal candidate has hands-on experience with First Aid, CPR Certified, Program Design, Client Assessment and can work independently on First Aid-driven projects. Responsibilities include collaborating with cross-functional teams, contributing to CPR Certified initiatives, and driving continuous improvement. 1+ years of relevant experience required.","['First Aid', 'CPR Certified', 'Program Design', 'Client Assessment']",First Aid CPR Certified Program Design Client Assessment,1.0,4.0,2.5,5.0,8.0,6.5,"we are looking for a fitness trainer to join our growing team. the ideal candidate has hands-on experience with first aid, cpr certified, program design, client assessment and can work independently on first aid-driven projects. responsibilities include collaborating with cross-functional teams, contributing to cpr certified initiatives, and driving continuous improvement. 1+ years of relevant experience required.","Fitness Trainer we are looking for a fitness trainer to join our growing team. the ideal candidate has hands-on experience with first aid, cpr certified, program design, client assessment and can work independently on first aid-driven projects. responsibilities include collaborating with cross-functional teams, contributing to cpr certified initiatives, and driving continuous improvement. 1+ years of relevant experience required. First Aid CPR Certified Program Design Client Assessment",5
JOB00387,Manufacturing Engineer,Mechanical Engineer,"Morales, Thomas and Schultz",Hyderabad,Thermodynamics; Quality Control; Project Management; MATLAB; AutoCAD; Six Sigma; SolidWorks; Manufacturing,8-11 years,9-14,"Exciting opportunity for a Manufacturing Engineer at Morales, Thomas and Schultz. Must be proficient in Thermodynamics, Quality Control, Project Management, MATLAB, AutoCAD, Six Sigma, SolidWorks, Manufacturing, with practical exposure to Project Management and Thermodynamics. You'll work in an agile environment solving real business problems. 8+ years experience preferred.","['Thermodynamics', 'Quality Control', 'Project Management', 'MATLAB', 'AutoCAD', 'Six Sigma', 'SolidWorks', 'Manufacturing']",Thermodynamics Quality Control Project Management MATLAB AutoCAD Six Sigma SolidWorks Manufacturing,8.0,11.0,9.5,9.0,14.0,11.5,"exciting opportunity for a manufacturing engineer at morales, thomas and schultz. must be proficient in thermodynamics, quality control, project management, matlab, autocad, six sigma, solidworks, manufacturing, with practical exposure to project management and thermodynamics. you'll work in an agile environment solving real business problems. 8+ years experience preferred.","Manufacturing Engineer exciting opportunity for a manufacturing engineer at morales, thomas and schultz. must be proficient in thermodynamics, quality control, project management, matlab, autocad, six sigma, solidworks, manufacturing, with practical exposure to project management and thermodynamics. you'll work in an agile environment solving real business problems. 8+ years experience preferred. Thermodynamics Quality Control Project Management MATLAB AutoCAD Six Sigma SolidWorks Manufacturing",8
JOB00305,Digital Marketing Executive,Digital Marketing,"Evans, Hayden and Vaughn",Bengaluru,Google Analytics; Marketing Strategy; Social Media; Content Marketing; Copywriting; Communication,4-7 years,8-17,"Evans, Hayden and Vaughn is hiring a Digital Marketing Executive for our Bengaluru office. You will use Google Analytics, Marketing Strategy, Social Media, Content Marketing, Copywriting, Communication daily and help scale our Copywriting capabilities. We value strong fundamentals in Marketing Strategy and a collaborative mindset. Minimum 4 years of experience in a similar role.","['Google Analytics', 'Marketing Strategy', 'Social Media', 'Content Marketing', 'Copywriting', 'Communication']",Google Analytics Marketing Strategy Social Media Content Marketing Copywriting Communication,4.0,7.0,5.5,8.0,17.0,12.5,"evans, hayden and vaughn is hiring a digital marketing executive for our bengaluru office. you will use google analytics, marketing strategy, social media, content marketing, copywriting, communication daily and help scale our copywriting capabilities. we value strong fundamentals in marketing strategy and a collaborative mindset. minimum 4 years of experience in a similar role.","Digital Marketing Executive evans, hayden and vaughn is hiring a digital marketing executive for our bengaluru office. you will use google analytics, marketing strategy, social media, content marketing, copywriting, communication daily and help scale our copywriting capabilities. we value strong fundamentals in marketing strategy and a collaborative mindset. minimum 4 years of experience in a similar role. Google Analytics Marketing Strategy Social Media Content Marketing Copywriting Communication",6
JOB00482,Graphic Designer,Graphic Designer,Carlson-Smith,Chennai,UI/UX; Typography; Illustrator; Communication,0-3 years,10-19,"Carlson-Smith is hiring a Graphic Designer for our Chennai office. You will use UI/UX, Typography, Illustrator, Communication daily and help scale our Typography capabilities. We value strong fundamentals in UI/UX and a collaborative mindset. Minimum 0 years of experience in a similar role.","['UI/UX', 'Typography', 'Illustrator', 'Communication']",UI/UX Typography Illustrator Communication,0.0,3.0,1.5,10.0,19.0,14.5,"carlson-smith is hiring a graphic designer for our chennai office. you will use ui/ux, typography, illustrator, communication daily and help scale our typography capabilities. we value strong fundamentals in ui/ux and a collaborative mindset. minimum 0 years of experience in a similar role.","Graphic Designer carlson-smith is hiring a graphic designer for our chennai office. you will use ui/ux, typography, illustrator, communication daily and help scale our typography capabilities. we value strong fundamentals in ui/ux and a collaborative mindset. minimum 0 years of experience in a similar role. UI/UX Typography Illustrator Communication",0
JOB00105,Android Developer,Android Development,Nolan-Flynn,Ahmedabad,Java; Kotlin; Material Design; Firebase; MVVM; Jetpack Compose,8-11 years,4-8,"Nolan-Flynn is hiring a Android Developer for our Ahmedabad office. You will use Java, Kotlin, Material Design, Firebase, MVVM, Jetpack Compose daily and help scale our Firebase capabilities. We value strong fundamentals in Java and a collaborative mindset. Minimum 8 years of experience in a similar role.","['Java', 'Kotlin', 'Material Design', 'Firebase', 'MVVM', 'Jetpack Compose']",Java Kotlin Material Design Firebase MVVM Jetpack Compose,8.0,11.0,9.5,4.0,8.0,6.0,"nolan-flynn is hiring a android developer for our ahmedabad office. you will use java, kotlin, material design, firebase, mvvm, jetpack compose daily and help scale our firebase capabilities. we value strong fundamentals in java and a collaborative mindset. minimum 8 years of experience in a similar role.","Android Developer nolan-flynn is hiring a android developer for our ahmedabad office. you will use java, kotlin, material design, firebase, mvvm, jetpack compose daily and help scale our firebase capabilities. we value strong fundamentals in java and a collaborative mindset. minimum 8 years of experience in a similar role. Java Kotlin Material Design Firebase MVVM Jetpack Compose",4
JOB00390,Manufacturing Engineer,Mechanical Engineer,Moore-Collins,Pune,Manufacturing; Six Sigma; SolidWorks; Project Management; Quality Control,3-6 years,8-16,"Moore-Collins is hiring a Manufacturing Engineer for our Pune office. You will use Manufacturing, Six Sigma, SolidWorks, Project Management, Quality Control daily and help scale our Manufacturing capabilities. We value strong fundamentals in Six Sigma and a collaborative mindset. Minimum 3 years of experience in a similar role.","['Manufacturing', 'Six Sigma', 'SolidWorks', 'Project Management', 'Quality Control']",Manufacturing Six Sigma SolidWorks Project Management Quality Control,3.0,6.0,4.5,8.0,16.0,12.0,"moore-collins is hiring a manufacturing engineer for our pune office. you will use manufacturing, six sigma, solidworks, project management, quality control daily and help scale our manufacturing capabilities. we value strong fundamentals in six sigma and a collaborative mindset. minimum 3 years of experience in a similar role.","Manufacturing Engineer moore-collins is hiring a manufacturing engineer for our pune office. you will use manufacturing, six sigma, solidworks, project management, quality control daily and help scale our manufacturing capabilities. we value strong fundamentals in six sigma and a collaborative mindset. minimum 3 years of experience in a similar role. Manufacturing Six Sigma SolidWorks Project Management Quality Control",8
JOB00471,Graphic Designer,Graphic Designer,Walker-Flores,Chennai,Creativity; Figma; Typography; UI/UX; Communication; Photoshop; Illustrator,7-10 years,13-17,"Walker-Flores is hiring a Graphic Designer for our Chennai office. You will use Creativity, Figma, Typography, UI/UX, Communication, Photoshop, Illustrator daily and help scale our Photoshop capabilities. We value strong fundamentals in Communication and a collaborative mindset. Minimum 7 years of experience in a similar role.","['Creativity', 'Figma', 'Typography', 'UI/UX', 'Communication', 'Photoshop', 'Illustrator']",Creativity Figma Typography UI/UX Communication Photoshop Illustrator,7.0,10.0,8.5,13.0,17.0,15.0,"walker-flores is hiring a graphic designer for our chennai office. you will use creativity, figma, typography, ui/ux, communication, photoshop, illustrator daily and help scale our photoshop capabilities. we value strong fundamentals in communication and a collaborative mindset. minimum 7 years of experience in a similar role.","Graphic Designer walker-flores is hiring a graphic designer for our chennai office. you will use creativity, figma, typography, ui/ux, communication, photoshop, illustrator daily and help scale our photoshop capabilities. we value strong fundamentals in communication and a collaborative mindset. minimum 7 years of experience in a similar role. Creativity Figma Typography UI/UX Communication Photoshop Illustrator",0
JOB00511,Wellness Coach,Health and Fitness,Mendez-Graham,Remote,CPR Certified; Exercise Physiology; Client Assessment; Program Design; First Aid; Nutrition Planning,3-6 years,9-17,"We are looking for a Wellness Coach to join our growing team. The ideal candidate has hands-on experience with CPR Certified, Exercise Physiology, Client Assessment, Program Design, First Aid, Nutrition Planning and can work independently on Program Design-driven projects. Responsibilities include collaborating with cross-functional teams, contributing to Exercise Physiology initiatives, and driving continuous improvement. 3+ years of relevant experience required.","['CPR Certified', 'Exercise Physiology', 'Client Assessment', 'Program Design', 'First Aid', 'Nutrition Planning']",CPR Certified Exercise Physiology Client Assessment Program Design First Aid Nutrition Planning,3.0,6.0,4.5,9.0,17.0,13.0,"we are looking for a wellness coach to join our growing team. the ideal candidate has hands-on experience with cpr certified, exercise physiology, client assessment, program design, first aid, nutrition planning and can work independently on program design-driven projects. responsibilities include collaborating with cross-functional teams, contributing to exercise physiology initiatives, and driving continuous improvement. 3+ years of relevant experience required.","Wellness Coach we are looking for a wellness coach to join our growing team. the ideal candidate has hands-on experience with cpr certified, exercise physiology, client assessment, program design, first aid, nutrition planning and can work independently on program design-driven projects. responsibilities include collaborating with cross-functional teams, contributing to exercise physiology initiatives, and driving continuous improvement. 3+ years of relevant experience required. CPR Certified Exercise Physiology Client Assessment Program Design First Aid Nutrition Planning",5
JOB00072,Android Developer,Android Development,House-Glover,Delhi NCR,Jetpack Compose; SQLite; Material Design; Git; Kotlin; Java; Android SDK,0-3 years,18-23,"House-Glover is hiring a Android Developer for our Delhi NCR office. You will use Jetpack Compose, SQLite, Material Design, Git, Kotlin, Java, Android SDK daily and help scale our Android SDK capabilities. We value strong fundamentals in Java and a collaborative mindset. Minimum 0 years of experience in a similar role.","['Jetpack Compose', 'SQLite', 'Material Design', 'Git', 'Kotlin', 'Java', 'Android SDK']",Jetpack Compose SQLite Material Design Git Kotlin Java Android SDK,0.0,3.0,1.5,18.0,23.0,20.5,"house-glover is hiring a android developer for our delhi ncr office. you will use jetpack compose, sqlite, material design, git, kotlin, java, android sdk daily and help scale our android sdk capabilities. we value strong fundamentals in java and a collaborative mindset. minimum 0 years of experience in a similar role.","Android Developer house-glover is hiring a android developer for our delhi ncr office. you will use jetpack compose, sqlite, material design, git, kotlin, java, android sdk daily and help scale our android sdk capabilities. we value strong fundamentals in java and a collaborative mindset. minimum 0 years of experience in a similar role. Jetpack Compose SQLite Material Design Git Kotlin Java Android SDK",4
JOB00445,Structural Engineer,Civil Engineer,"Conner, Li and Santiago",Hyderabad,AutoCAD; Revit; Structural Analysis; Construction Management; Cost Estimation,0-3 years,9-11,"Conner, Li and Santiago is hiring a Structural Engineer for our Hyderabad office. You will use AutoCAD, Revit, Structural Analysis, Construction Management, Cost Estimation daily and help scale our Construction Management capabilities. We value strong fundamentals in Cost Estimation and a collaborative mindset. Minimum 0 years of experience in a similar role.","['AutoCAD', 'Revit', 'Structural Analysis', 'Construction Management', 'Cost Estimation']",AutoCAD Revit Structural Analysis Construction Management Cost Estimation,0.0,3.0,1.5,9.0,11.0,10.0,"conner, li and santiago is hiring a structural engineer for our hyderabad office. you will use autocad, revit, structural analysis, construction management, cost estimation daily and help scale our construction management capabilities. we value strong fundamentals in cost estimation and a collaborative mindset. minimum 0 years of experience in a similar role.","Structural Engineer conner, li and santiago is hiring a structural engineer for our hyderabad office. you will use autocad, revit, structural analysis, construction management, cost estimation daily and help scale our construction management capabilities. we value strong fundamentals in cost estimation and a collaborative mindset. minimum 0 years of experience in a similar role. AutoCAD Revit Structural Analysis Construction Management Cost Estimation",11
JOB00117,Senior Java Developer,Java Developer,Ross LLC,Pune,Microservices; Spring Boot; JUnit; Maven; Git; REST API; Java; SQL,3-6 years,14-20,"We are looking for a Senior Java Developer to join our growing team. The ideal candidate has hands-on experience with Microservices, Spring Boot, JUnit, Maven, Git, REST API, Java, SQL and can work independently on SQL-driven projects. Responsibilities include collaborating with cross-functional teams, contributing to Microservices initiatives, and driving continuous improvement. 3+ years of relevant experience required.","['Microservices', 'Spring Boot', 'JUnit', 'Maven', 'Git', 'REST API', 'Java', 'SQL']",Microservices Spring Boot JUnit Maven Git REST API Java SQL,3.0,6.0,4.5,14.0,20.0,17.0,"we are looking for a senior java developer to join our growing team. the ideal candidate has hands-on experience with microservices, spring boot, junit, maven, git, rest api, java, sql and can work independently on sql-driven projects. responsibilities include collaborating with cross-functional teams, contributing to microservices initiatives, and driving continuous improvement. 3+ years of relevant experience required.","Senior Java Developer we are looking for a senior java developer to join our growing team. the ideal candidate has hands-on experience with microservices, spring boot, junit, maven, git, rest api, java, sql and can work independently on sql-driven projects. responsibilities include collaborating with cross-functional teams, contributing to microservices initiatives, and driving continuous improvement. 3+ years of relevant experience required. Microservices Spring Boot JUnit Maven Git REST API Java SQL",12
JOB00061,Web Developer,Web Development,"Brown, Valdez and Lucas",Chennai,Git; TypeScript; JavaScript; React,6-9 years,19-26,"Exciting opportunity for a Web Developer at Brown, Valdez and Lucas. Must be proficient in Git, TypeScript, JavaScript, React, with practical exposure to JavaScript and React. You'll work in an agile environment solving real business problems. 6+ years experience preferred.","['Git', 'TypeScript', 'JavaScript', 'React']",Git TypeScript JavaScript React,6.0,9.0,7.5,19.0,26.0,22.5,"exciting opportunity for a web developer at brown, valdez and lucas. must be proficient in git, typescript, javascript, react, with practical exposure to javascript and react. you'll work in an agile environment solving real business problems. 6+ years experience preferred.","Web Developer exciting opportunity for a web developer at brown, valdez and lucas. must be proficient in git, typescript, javascript, react, with practical exposure to javascript and react. you'll work in an agile environment solving real business problems. 6+ years experience preferred. Git TypeScript JavaScript React",2
JOB00439,Structural Engineer,Civil Engineer,Davis-Gregory,Ahmedabad,Project Management; Revit; Cost Estimation; Structural Analysis; Construction Management; AutoCAD; Surveying,1-4 years,5-10,"Davis-Gregory is hiring a Structural Engineer for our Ahmedabad office. You will use Project Management, Revit, Cost Estimation, Structural Analysis, Construction Management, AutoCAD, Surveying daily and help scale our Cost Estimation capabilities. We value strong fundamentals in Construction Management and a collaborative mindset. Minimum 1 years of experience in a similar role.","['Project Management', 'Revit', 'Cost Estimation', 'Structural Analysis', 'Construction Management', 'AutoCAD', 'Surveying']",Project Management Revit Cost Estimation Structural Analysis Construction Management AutoCAD Surveying,1.0,4.0,2.5,5.0,10.0,7.5,"davis-gregory is hiring a structural engineer for our ahmedabad office. you will use project management, revit, cost estimation, structural analysis, construction management, autocad, surveying daily and help scale our cost estimation capabilities. we value strong fundamentals in construction management and a collaborative mindset. minimum 1 years of experience in a similar role.","Structural Engineer davis-gregory is hiring a structural engineer for our ahmedabad office. you will use project management, revit, cost estimation, structural analysis, construction management, autocad, surveying daily and help scale our cost estimation capabilities. we value strong fundamentals in construction management and a collaborative mindset. minimum 1 years of experience in a similar role. Project Management Revit Cost Estimation Structural Analysis Construction Management AutoCAD Surveying",11
JOB00245,Network Security Engineer,Network Security Engineer,"Fernandez, Kim and George",Hyderabad,Python; Vulnerability Assessment; Penetration Testing; Linux; IDS/IPS; SIEM; Network Protocols; Risk Assessment,7-10 years,5-10,"Exciting opportunity for a Network Security Engineer at Fernandez, Kim and George. Must be proficient in Python, Vulnerability Assessment, Penetration Testing, Linux, IDS/IPS, SIEM, Network Protocols, Risk Assessment, with practical exposure to Penetration Testing and Vulnerability Assessment. You'll work in an agile environment solving real business problems. 7+ years experience preferred.","['Python', 'Vulnerability Assessment', 'Penetration Testing', 'Linux', 'IDS/IPS', 'SIEM', 'Network Protocols', 'Risk Assessment']",Python Vulnerability Assessment Penetration Testing Linux IDS/IPS SIEM Network Protocols Risk Assessment,7.0,10.0,8.5,5.0,10.0,7.5,"exciting opportunity for a network security engineer at fernandez, kim and george. must be proficient in python, vulnerability assessment, penetration testing, linux, ids/ips, siem, network protocols, risk assessment, with practical exposure to penetration testing and vulnerability assessment. you'll work in an agile environment solving real business problems. 7+ years experience preferred.","Network Security Engineer exciting opportunity for a network security engineer at fernandez, kim and george. must be proficient in python, vulnerability assessment, penetration testing, linux, ids/ips, siem, network protocols, risk assessment, with practical exposure to penetration testing and vulnerability assessment. you'll work in an agile environment solving real business problems. 7+ years experience preferred. Python Vulnerability Assessment Penetration Testing Linux IDS/IPS SIEM Network Protocols Risk Assessment",14
JOB00324,Talent Acquisition Specialist,HR,"Ramsey, Whitney and Coffey",Noida,Recruitment; Employee Engagement; Communication; Performance Management; Conflict Resolution; HRIS; Excel,3-6 years,11-13,"Exciting opportunity for a Talent Acquisition Specialist at Ramsey, Whitney and Coffey. Must be proficient in Recruitment, Employee Engagement, Communication, Performance Management, Conflict Resolution, HRIS, Excel, with practical exposure to Communication and Conflict Resolution. You'll work in an agile environment solving real business problems. 3+ years experience preferred.","['Recruitment', 'Employee Engagement', 'Communication', 'Performance Management', 'Conflict Resolution', 'HRIS', 'Excel']",Recruitment Employee Engagement Communication Performance Management Conflict Resolution HRIS Excel,3.0,6.0,4.5,11.0,13.0,12.0,"exciting opportunity for a talent acquisition specialist at ramsey, whitney and coffey. must be proficient in recruitment, employee engagement, communication, performance management, conflict resolution, hris, excel, with practical exposure to communication and conflict resolution. you'll work in an agile environment solving real business problems. 3+ years experience preferred.","Talent Acquisition Specialist exciting opportunity for a talent acquisition specialist at ramsey, whitney and coffey. must be proficient in recruitment, employee engagement, communication, performance management, conflict resolution, hris, excel, with practical exposure to communication and conflict resolution. you'll work in an agile environment solving real business problems. 3+ years experience preferred. Recruitment Employee Engagement Communication Performance Management Conflict Resolution HRIS Excel",1
JOB00044,Frontend Developer,Web Development,Allen-Allen,Delhi NCR,Responsive Design; HTML; Node.js; JavaScript,7-10 years,10-19,"We are looking for a Frontend Developer to join our growing team. The ideal candidate has hands-on experience with Responsive Design, HTML, Node.js, JavaScript and can work independently on HTML-driven projects. Responsibilities include collaborating with cross-functional teams, contributing to Node.js initiatives, and driving continuous improvement. 7+ years of relevant experience required.","['Responsive Design', 'HTML', 'Node.js', 'JavaScript']",Responsive Design HTML Node.js JavaScript,7.0,10.0,8.5,10.0,19.0,14.5,"we are looking for a frontend developer to join our growing team. the ideal candidate has hands-on experience with responsive design, html, node.js, javascript and can work independently on html-driven projects. responsibilities include collaborating with cross-functional teams, contributing to node.js initiatives, and driving continuous improvement. 7+ years of relevant experience required.","Frontend Developer we are looking for a frontend developer to join our growing team. the ideal candidate has hands-on experience with responsive design, html, node.js, javascript and can work independently on html-driven projects. responsibilities include collaborating with cross-functional teams, contributing to node.js initiatives, and driving continuous improvement. 7+ years of relevant experience required. Responsive Design HTML Node.js JavaScript",2
JOB00230,Network Security Engineer,Network Security Engineer,Kerr-Evans,Noida,Python; Vulnerability Assessment; Firewalls; Penetration Testing; Linux,1-4 years,6-16,"Kerr-Evans is hiring a Network Security Engineer for our Noida office. You will use Python, Vulnerability Assessment, Firewalls, Penetration Testing, Linux daily and help scale our Firewalls capabilities. We value strong fundamentals in Python and a collaborative mindset. Minimum 1 years of experience in a similar role.","['Python', 'Vulnerability Assessment', 'Firewalls', 'Penetration Testing', 'Linux']",Python Vulnerability Assessment Firewalls Penetration Testing Linux,1.0,4.0,2.5,6.0,16.0,11.0,"kerr-evans is hiring a network security engineer for our noida office. you will use python, vulnerability assessment, firewalls, penetration testing, linux daily and help scale our firewalls capabilities. we value strong fundamentals in python and a collaborative mindset. minimum 1 years of experience in a similar role.","Network Security Engineer kerr-evans is hiring a network security engineer for our noida office. you will use python, vulnerability assessment, firewalls, penetration testing, linux daily and help scale our firewalls capabilities. we value strong fundamentals in python and a collaborative mindset. minimum 1 years of experience in a similar role. Python Vulnerability Assessment Firewalls Penetration Testing Linux",14
JOB00172,Python Developer,Python Developer,"Alvarado, Miller and Patterson",Mumbai,Celery; Django; Unit Testing; SQL,1-4 years,6-9,"We are looking for a Python Developer to join our growing team. The ideal candidate has hands-on experience with Celery, Django, Unit Testing, SQL and can work independently on Unit Testing-driven projects. Responsibilities include collaborating with cross-functional teams, contributing to Django initiatives, and driving continuous improvement. 1+ years of relevant experience required.","['Celery', 'Django', 'Unit Testing', 'SQL']",Celery Django Unit Testing SQL,1.0,4.0,2.5,6.0,9.0,7.5,"we are looking for a python developer to join our growing team. the ideal candidate has hands-on experience with celery, django, unit testing, sql and can work independently on unit testing-driven projects. responsibilities include collaborating with cross-functional teams, contributing to django initiatives, and driving continuous improvement. 1+ years of relevant experience required.","Python Developer we are looking for a python developer to join our growing team. the ideal candidate has hands-on experience with celery, django, unit testing, sql and can work independently on unit testing-driven projects. responsibilities include collaborating with cross-functional teams, contributing to django initiatives, and driving continuous improvement. 1+ years of relevant experience required. Celery Django Unit Testing SQL",7
JOB00332,HR Generalist,HR,"Turner, Ortiz and Taylor",Delhi NCR,Payroll; Communication; Conflict Resolution; Onboarding; HRIS; Employee Engagement; Performance Management; Excel,1-4 years,19-28,"Turner, Ortiz and Taylor is hiring a HR Generalist for our Delhi NCR office. You will use Payroll, Communication, Conflict Resolution, Onboarding, HRIS, Employee Engagement, Performance Management, Excel daily and help scale our Performance Management capabilities. We value strong fundamentals in Communication and a collaborative mindset. Minimum 1 years of experience in a similar role.","['Payroll', 'Communication', 'Conflict Resolution', 'Onboarding', 'HRIS', 'Employee Engagement', 'Performance Management', 'Excel']",Payroll Communication Conflict Resolution Onboarding HRIS Employee Engagement Performance Management Excel,1.0,4.0,2.5,19.0,28.0,23.5,"turner, ortiz and taylor is hiring a hr generalist for our delhi ncr office. you will use payroll, communication, conflict resolution, onboarding, hris, employee engagement, performance management, excel daily and help scale our performance management capabilities. we value strong fundamentals in communication and a collaborative mindset. minimum 1 years of experience in a similar role.","HR Generalist turner, ortiz and taylor is hiring a hr generalist for our delhi ncr office. you will use payroll, communication, conflict resolution, onboarding, hris, employee engagement, performance management, excel daily and help scale our performance management capabilities. we value strong fundamentals in communication and a collaborative mindset. minimum 1 years of experience in a similar role. Payroll Communication Conflict Resolution Onboarding HRIS Employee Engagement Performance Management Excel",1
JOB00015,Data Analyst,Data Science,Williams and Sons,Remote,Scikit-learn; A/B Testing; Excel; Pandas; SQL,3-6 years,14-20,"Exciting opportunity for a Data Analyst at Williams and Sons. Must be proficient in Scikit-learn, A/B Testing, Excel, Pandas, SQL, with practical exposure to Pandas and Excel. You'll work in an agile environment solving real business problems. 3+ years experience preferred.","['Scikit-learn', 'A/B Testing', 'Excel', 'Pandas', 'SQL']",Scikit-learn A/B Testing Excel Pandas SQL,3.0,6.0,4.5,14.0,20.0,17.0,"exciting opportunity for a data analyst at williams and sons. must be proficient in scikit-learn, a/b testing, excel, pandas, sql, with practical exposure to pandas and excel. you'll work in an agile environment solving real business problems. 3+ years experience preferred.","Data Analyst exciting opportunity for a data analyst at williams and sons. must be proficient in scikit-learn, a/b testing, excel, pandas, sql, with practical exposure to pandas and excel. you'll work in an agile environment solving real business problems. 3+ years experience preferred. Scikit-learn A/B Testing Excel Pandas SQL",13
JOB00329,HR Executive,HR,Harvey PLC,Delhi NCR,Payroll; Recruitment; Communication; Excel; Performance Management; HRIS,8-11 years,13-19,"Harvey PLC is hiring a HR Executive for our Delhi NCR office. You will use Payroll, Recruitment, Communication, Excel, Performance Management, HRIS daily and help scale our Recruitment capabilities. We value strong fundamentals in Performance Management and a collaborative mindset. Minimum 8 years of experience in a similar role.","['Payroll', 'Recruitment', 'Communication', 'Excel', 'Performance Management', 'HRIS']",Payroll Recruitment Communication Excel Performance Management HRIS,8.0,11.0,9.5,13.0,19.0,16.0,"harvey plc is hiring a hr executive for our delhi ncr office. you will use payroll, recruitment, communication, excel, performance management, hris daily and help scale our recruitment capabilities. we value strong fundamentals in performance management and a collaborative mindset. minimum 8 years of experience in a similar role.","HR Executive harvey plc is hiring a hr executive for our delhi ncr office. you will use payroll, recruitment, communication, excel, performance management, hris daily and help scale our recruitment capabilities. we value strong fundamentals in performance management and a collaborative mindset. minimum 8 years of experience in a similar role. Payroll Recruitment Communication Excel Performance Management HRIS",1
JOB00389,Mechanical Design Engineer,Mechanical Engineer,Bennett Group,Noida,Quality Control; AutoCAD; Project Management; Thermodynamics; Six Sigma,3-6 years,8-17,"We are looking for a Mechanical Design Engineer to join our growing team. The ideal candidate has hands-on experience with Quality Control, AutoCAD, Project Management, Thermodynamics, Six Sigma and can work independently on Quality Control-driven projects. Responsibilities include collaborating with cross-functional teams, contributing to Thermodynamics initiatives, and driving continuous improvement. 3+ years of relevant experience required.","['Quality Control', 'AutoCAD', 'Project Management', 'Thermodynamics', 'Six Sigma']",Quality Control AutoCAD Project Management Thermodynamics Six Sigma,3.0,6.0,4.5,8.0,17.0,12.5,"we are looking for a mechanical design engineer to join our growing team. the ideal candidate has hands-on experience with quality control, autocad, project management, thermodynamics, six sigma and can work independently on quality control-driven projects. responsibilities include collaborating with cross-functional teams, contributing to thermodynamics initiatives, and driving continuous improvement. 3+ years of relevant experience required.","Mechanical Design Engineer we are looking for a mechanical design engineer to join our growing team. the ideal candidate has hands-on experience with quality control, autocad, project management, thermodynamics, six sigma and can work independently on quality control-driven projects. responsibilities include collaborating with cross-functional teams, contributing to thermodynamics initiatives, and driving continuous improvement. 3+ years of relevant experience required. Quality Control AutoCAD Project Management Thermodynamics Six Sigma",8
JOB00409,Manufacturing Engineer,Mechanical Engineer,Jackson-Meza,Bengaluru,Thermodynamics; AutoCAD; MATLAB; Six Sigma; Project Management; Quality Control; SolidWorks,4-7 years,16-21,"We are looking for a Manufacturing Engineer to join our growing team. The ideal candidate has hands-on experience with Thermodynamics, AutoCAD, MATLAB, Six Sigma, Project Management, Quality Control, SolidWorks and can work independently on Six Sigma-driven projects. Responsibilities include collaborating with cross-functional teams, contributing to Quality Control initiatives, and driving continuous improvement. 4+ years of relevant experience required.","['Thermodynamics', 'AutoCAD', 'MATLAB', 'Six Sigma', 'Project Management', 'Quality Control', 'SolidWorks']",Thermodynamics AutoCAD MATLAB Six Sigma Project Management Quality Control SolidWorks,4.0,7.0,5.5,16.0,21.0,18.5,"we are looking for a manufacturing engineer to join our growing team. the ideal candidate has hands-on experience with thermodynamics, autocad, matlab, six sigma, project management, quality control, solidworks and can work independently on six sigma-driven projects. responsibilities include collaborating with cross-functional teams, contributing to quality control initiatives, and driving continuous improvement. 4+ years of relevant experience required.","Manufacturing Engineer we are looking for a manufacturing engineer to join our growing team. the ideal candidate has hands-on experience with thermodynamics, autocad, matlab, six sigma, project management, quality control, solidworks and can work independently on six sigma-driven projects. responsibilities include collaborating with cross-functional teams, contributing to quality control initiatives, and driving continuous improvement. 4+ years of relevant experience required. Thermodynamics AutoCAD MATLAB Six Sigma Project Management Quality Control SolidWorks",8
JOB00372,Sales Executive,Sales,Davis Inc,Ahmedabad,Communication; Negotiation; Client Relationship Management; Lead Generation; Cold Calling,4-7 years,16-24,"We are looking for a Sales Executive to join our growing team. The ideal candidate has hands-on experience with Communication, Negotiation, Client Relationship Management, Lead Generation, Cold Calling and can work independently on Lead Generation-driven projects. Responsibilities include collaborating with cross-functional teams, contributing to Communication initiatives, and driving continuous improvement. 4+ years of relevant experience required.","['Communication', 'Negotiation', 'Client Relationship Management', 'Lead Generation', 'Cold Calling']",Communication Negotiation Client Relationship Management Lead Generation Cold Calling,4.0,7.0,5.5,16.0,24.0,20.0,"we are looking for a sales executive to join our growing team. the ideal candidate has hands-on experience with communication, negotiation, client relationship management, lead generation, cold calling and can work independently on lead generation-driven projects. responsibilities include collaborating with cross-functional teams, contributing to communication initiatives, and driving continuous improvement. 4+ years of relevant experience required.","Sales Executive we are looking for a sales executive to join our growing team. the ideal candidate has hands-on experience with communication, negotiation, client relationship management, lead generation, cold calling and can work independently on lead generation-driven projects. responsibilities include collaborating with cross-functional teams, contributing to communication initiatives, and driving continuous improvement. 4+ years of relevant experience required. Communication Negotiation Client Relationship Management Lead Generation Cold Calling",3
JOB00029,Data Analyst,Data Science,"Ross, Robinson and Bright",Pune,Statistics; Tableau; Python; Data Visualization; NumPy; Excel; Scikit-learn,3-6 years,11-21,"Ross, Robinson and Bright is hiring a Data Analyst for our Pune office. You will use Statistics, Tableau, Python, Data Visualization, NumPy, Excel, Scikit-learn daily and help scale our Excel capabilities. We value strong fundamentals in Tableau and a collaborative mindset. Minimum 3 years of experience in a similar role.","['Statistics', 'Tableau', 'Python', 'Data Visualization', 'NumPy', 'Excel', 'Scikit-learn']",Statistics Tableau Python Data Visualization NumPy Excel Scikit-learn,3.0,6.0,4.5,11.0,21.0,16.0,"ross, robinson and bright is hiring a data analyst for our pune office. you will use statistics, tableau, python, data visualization, numpy, excel, scikit-learn daily and help scale our excel capabilities. we value strong fundamentals in tableau and a collaborative mindset. minimum 3 years of experience in a similar role.","Data Analyst ross, robinson and bright is hiring a data analyst for our pune office. you will use statistics, tableau, python, data visualization, numpy, excel, scikit-learn daily and help scale our excel capabilities. we value strong fundamentals in tableau and a collaborative mindset. minimum 3 years of experience in a similar role. Statistics Tableau Python Data Visualization NumPy Excel Scikit-learn",13
JOB00339,HR Executive,HR,Crosby-Ramirez,Mumbai,Recruitment; Communication; HRIS; Performance Management; Excel; Payroll; Onboarding,1-4 years,7-11,"Exciting opportunity for a HR Executive at Crosby-Ramirez. Must be proficient in Recruitment, Communication, HRIS, Performance Management, Excel, Payroll, Onboarding, with practical exposure to Onboarding and HRIS. You'll work in an agile environment solving real business problems. 1+ years experience preferred.","['Recruitment', 'Communication', 'HRIS', 'Performance Management', 'Excel', 'Payroll', 'Onboarding']",Recruitment Communication HRIS Performance Management Excel Payroll Onboarding,1.0,4.0,2.5,7.0,11.0,9.0,"exciting opportunity for a hr executive at crosby-ramirez. must be proficient in recruitment, communication, hris, performance management, excel, payroll, onboarding, with practical exposure to onboarding and hris. you'll work in an agile environment solving real business problems. 1+ years experience preferred.","HR Executive exciting opportunity for a hr executive at crosby-ramirez. must be proficient in recruitment, communication, hris, performance management, excel, payroll, onboarding, with practical exposure to onboarding and hris. you'll work in an agile environment solving real business problems. 1+ years experience preferred. Recruitment Communication HRIS Performance Management Excel Payroll Onboarding",1
JOB00317,Talent Acquisition Specialist,HR,"Diaz, Anderson and Browning",Bengaluru,Communication; Employee Engagement; Excel; Payroll; HRIS,7-10 years,13-21,"We are looking for a Talent Acquisition Specialist to join our growing team. The ideal candidate has hands-on experience with Communication, Employee Engagement, Excel, Payroll, HRIS and can work independently on Payroll-driven projects. Responsibilities include collaborating with cross-functional teams, contributing to HRIS initiatives, and driving continuous improvement. 7+ years of relevant experience required.","['Communication', 'Employee Engagement', 'Excel', 'Payroll', 'HRIS']",Communication Employee Engagement Excel Payroll HRIS,7.0,10.0,8.5,13.0,21.0,17.0,"we are looking for a talent acquisition specialist to join our growing team. the ideal candidate has hands-on experience with communication, employee engagement, excel, payroll, hris and can work independently on payroll-driven projects. responsibilities include collaborating with cross-functional teams, contributing to hris initiatives, and driving continuous improvement. 7+ years of relevant experience required.","Talent Acquisition Specialist we are looking for a talent acquisition specialist to join our growing team. the ideal candidate has hands-on experience with communication, employee engagement, excel, payroll, hris and can work independently on payroll-driven projects. responsibilities include collaborating with cross-functional teams, contributing to hris initiatives, and driving continuous improvement. 7+ years of relevant experience required. Communication Employee Engagement Excel Payroll HRIS",1
JOB00062,Frontend Developer,Web Development,Powell LLC,Remote,Responsive Design; Git; TypeScript; React,3-6 years,4-8,"Exciting opportunity for a Frontend Developer at Powell LLC. Must be proficient in Responsive Design, Git, TypeScript, React, with practical exposure to TypeScript and React. You'll work in an agile environment solving real business problems. 3+ years experience preferred.","['Responsive Design', 'Git', 'TypeScript', 'React']",Responsive Design Git TypeScript React,3.0,6.0,4.5,4.0,8.0,6.0,"exciting opportunity for a frontend developer at powell llc. must be proficient in responsive design, git, typescript, react, with practical exposure to typescript and react. you'll work in an agile environment solving real business problems. 3+ years experience preferred.","Frontend Developer exciting opportunity for a frontend developer at powell llc. must be proficient in responsive design, git, typescript, react, with practical exposure to typescript and react. you'll work in an agile environment solving real business problems. 3+ years experience preferred. Responsive Design Git TypeScript React",2
JOB00516,Wellness Coach,Health and Fitness,Osborne LLC,Remote,CPR Certified; Communication; Program Design; Client Assessment; Exercise Physiology; First Aid,8-11 years,8-17,"Exciting opportunity for a Wellness Coach at Osborne LLC. Must be proficient in CPR Certified, Communication, Program Design, Client Assessment, Exercise Physiology, First Aid, with practical exposure to First Aid and Exercise Physiology. You'll work in an agile environment solving real business problems. 8+ years experience preferred.","['CPR Certified', 'Communication', 'Program Design', 'Client Assessment', 'Exercise Physiology', 'First Aid']",CPR Certified Communication Program Design Client Assessment Exercise Physiology First Aid,8.0,11.0,9.5,8.0,17.0,12.5,"exciting opportunity for a wellness coach at osborne llc. must be proficient in cpr certified, communication, program design, client assessment, exercise physiology, first aid, with practical exposure to first aid and exercise physiology. you'll work in an agile environment solving real business problems. 8+ years experience preferred.","Wellness Coach exciting opportunity for a wellness coach at osborne llc. must be proficient in cpr certified, communication, program design, client assessment, exercise physiology, first aid, with practical exposure to first aid and exercise physiology. you'll work in an agile environment solving real business problems. 8+ years experience preferred. CPR Certified Communication Program Design Client Assessment Exercise Physiology First Aid",5
JOB00219,Network Security Engineer,Network Security Engineer,Williams-Brown,Chennai,Network Protocols; Firewalls; IDS/IPS; Python; SIEM; Penetration Testing; Linux; Vulnerability Assessment,7-10 years,20-25,"Exciting opportunity for a Network Security Engineer at Williams-Brown. Must be proficient in Network Protocols, Firewalls, IDS/IPS, Python, SIEM, Penetration Testing, Linux, Vulnerability Assessment, with practical exposure to IDS/IPS and Vulnerability Assessment. You'll work in an agile environment solving real business problems. 7+ years experience preferred.","['Network Protocols', 'Firewalls', 'IDS/IPS', 'Python', 'SIEM', 'Penetration Testing', 'Linux', 'Vulnerability Assessment']",Network Protocols Firewalls IDS/IPS Python SIEM Penetration Testing Linux Vulnerability Assessment,7.0,10.0,8.5,20.0,25.0,22.5,"exciting opportunity for a network security engineer at williams-brown. must be proficient in network protocols, firewalls, ids/ips, python, siem, penetration testing, linux, vulnerability assessment, with practical exposure to ids/ips and vulnerability assessment. you'll work in an agile environment solving real business problems. 7+ years experience preferred.","Network Security Engineer exciting opportunity for a network security engineer at williams-brown. must be proficient in network protocols, firewalls, ids/ips, python, siem, penetration testing, linux, vulnerability assessment, with practical exposure to ids/ips and vulnerability assessment. you'll work in an agile environment solving real business problems. 7+ years experience preferred. Network Protocols Firewalls IDS/IPS Python SIEM Penetration Testing Linux Vulnerability Assessment",14
JOB00364,Business Development Executive,Sales,"Kelley, Nguyen and Vang",Noida,Negotiation; Client Relationship Management; Lead Generation; Cold Calling; Communication; Sales Strategy; CRM; Excel,4-7 years,6-16,"We are looking for a Business Development Executive to join our growing team. The ideal candidate has hands-on experience with Negotiation, Client Relationship Management, Lead Generation, Cold Calling, Communication, Sales Strategy, CRM, Excel and can work independently on Client Relationship Management-driven projects. Responsibilities include collaborating with cross-functional teams, contributing to Sales Strategy initiatives, and driving continuous improvement. 4+ years of relevant experience required.","['Negotiation', 'Client Relationship Management', 'Lead Generation', 'Cold Calling', 'Communication', 'Sales Strategy', 'CRM', 'Excel']",Negotiation Client Relationship Management Lead Generation Cold Calling Communication Sales Strategy CRM Excel,4.0,7.0,5.5,6.0,16.0,11.0,"we are looking for a business development executive to join our growing team. the ideal candidate has hands-on experience with negotiation, client relationship management, lead generation, cold calling, communication, sales strategy, crm, excel and can work independently on client relationship management-driven projects. responsibilities include collaborating with cross-functional teams, contributing to sales strategy initiatives, and driving continuous improvement. 4+ years of relevant experience required.","Business Development Executive we are looking for a business development executive to join our growing team. the ideal candidate has hands-on experience with negotiation, client relationship management, lead generation, cold calling, communication, sales strategy, crm, excel and can work independently on client relationship management-driven projects. responsibilities include collaborating with cross-functional teams, contributing to sales strategy initiatives, and driving continuous improvement. 4+ years of relevant experience required. Negotiation Client Relationship Management Lead Generation Cold Calling Communication Sales Strategy CRM Excel",3
JOB00295,Marketing Analyst,Digital Marketing,"Brennan, Wallace and Benson",Bengaluru,Email Marketing; PPC; Google Analytics; Content Marketing; Excel; Copywriting; SEO; Marketing Strategy,4-7 years,16-18,"Brennan, Wallace and Benson is hiring a Marketing Analyst for our Bengaluru office. You will use Email Marketing, PPC, Google Analytics, Content Marketing, Excel, Copywriting, SEO, Marketing Strategy daily and help scale our Excel capabilities. We value strong fundamentals in Copywriting and a collaborative mindset. Minimum 4 years of experience in a similar role.","['Email Marketing', 'PPC', 'Google Analytics', 'Content Marketing', 'Excel', 'Copywriting', 'SEO', 'Marketing Strategy']",Email Marketing PPC Google Analytics Content Marketing Excel Copywriting SEO Marketing Strategy,4.0,7.0,5.5,16.0,18.0,17.0,"brennan, wallace and benson is hiring a marketing analyst for our bengaluru office. you will use email marketing, ppc, google analytics, content marketing, excel, copywriting, seo, marketing strategy daily and help scale our excel capabilities. we value strong fundamentals in copywriting and a collaborative mindset. minimum 4 years of experience in a similar role.","Marketing Analyst brennan, wallace and benson is hiring a marketing analyst for our bengaluru office. you will use email marketing, ppc, google analytics, content marketing, excel, copywriting, seo, marketing strategy daily and help scale our excel capabilities. we value strong fundamentals in copywriting and a collaborative mindset. minimum 4 years of experience in a similar role. Email Marketing PPC Google Analytics Content Marketing Excel Copywriting SEO Marketing Strategy",6
JOB00021,Data Scientist,Data Science,Gray-Mayo,Chennai,Tableau; Statistics; Scikit-learn; Python; Excel; A/B Testing,8-11 years,12-16,"We are looking for a Data Scientist to join our growing team. The ideal candidate has hands-on experience with Tableau, Statistics, Scikit-learn, Python, Excel, A/B Testing and can work independently on Scikit-learn-driven projects. Responsibilities include collaborating with cross-functional teams, contributing to Statistics initiatives, and driving continuous improvement. 8+ years of relevant experience required.","['Tableau', 'Statistics', 'Scikit-learn', 'Python', 'Excel', 'A/B Testing']",Tableau Statistics Scikit-learn Python Excel A/B Testing,8.0,11.0,9.5,12.0,16.0,14.0,"we are looking for a data scientist to join our growing team. the ideal candidate has hands-on experience with tableau, statistics, scikit-learn, python, excel, a/b testing and can work independently on scikit-learn-driven projects. responsibilities include collaborating with cross-functional teams, contributing to statistics initiatives, and driving continuous improvement. 8+ years of relevant experience required.","Data Scientist we are looking for a data scientist to join our growing team. the ideal candidate has hands-on experience with tableau, statistics, scikit-learn, python, excel, a/b testing and can work independently on scikit-learn-driven projects. responsibilities include collaborating with cross-functional teams, contributing to statistics initiatives, and driving continuous improvement. 8+ years of relevant experience required. Tableau Statistics Scikit-learn Python Excel A/B Testing",13
JOB00338,HR Generalist,HR,Bass PLC,Noida,Payroll; Excel; Communication; Performance Management,1-4 years,5-11,"Bass PLC is hiring a HR Generalist for our Noida office. You will use Payroll, Excel, Communication, Performance Management daily and help scale our Payroll capabilities. We value strong fundamentals in Excel and a collaborative mindset. Minimum 1 years of experience in a similar role.","['Payroll', 'Excel', 'Communication', 'Performance Management']",Payroll Excel Communication Performance Management,1.0,4.0,2.5,5.0,11.0,8.0,"bass plc is hiring a hr generalist for our noida office. you will use payroll, excel, communication, performance management daily and help scale our payroll capabilities. we value strong fundamentals in excel and a collaborative mindset. minimum 1 years of experience in a similar role.","HR Generalist bass plc is hiring a hr generalist for our noida office. you will use payroll, excel, communication, performance management daily and help scale our payroll capabilities. we value strong fundamentals in excel and a collaborative mindset. minimum 1 years of experience in a similar role. Payroll Excel Communication Performance Management",1
JOB00419,Manufacturing Engineer,Mechanical Engineer,Morrison Ltd,Pune,SolidWorks; Project Management; Quality Control; AutoCAD; Thermodynamics; Manufacturing; Six Sigma,8-11 years,10-16,"Morrison Ltd is hiring a Manufacturing Engineer for our Pune office. You will use SolidWorks, Project Management, Quality Control, AutoCAD, Thermodynamics, Manufacturing, Six Sigma daily and help scale our Quality Control capabilities. We value strong fundamentals in Project Management and a collaborative mindset. Minimum 8 years of experience in a similar role.","['SolidWorks', 'Project Management', 'Quality Control', 'AutoCAD', 'Thermodynamics', 'Manufacturing', 'Six Sigma']",SolidWorks Project Management Quality Control AutoCAD Thermodynamics Manufacturing Six Sigma,8.0,11.0,9.5,10.0,16.0,13.0,"morrison ltd is hiring a manufacturing engineer for our pune office. you will use solidworks, project management, quality control, autocad, thermodynamics, manufacturing, six sigma daily and help scale our quality control capabilities. we value strong fundamentals in project management and a collaborative mindset. minimum 8 years of experience in a similar role.","Manufacturing Engineer morrison ltd is hiring a manufacturing engineer for our pune office. you will use solidworks, project management, quality control, autocad, thermodynamics, manufacturing, six sigma daily and help scale our quality control capabilities. we value strong fundamentals in project management and a collaborative mindset. minimum 8 years of experience in a similar role. SolidWorks Project Management Quality Control AutoCAD Thermodynamics Manufacturing Six Sigma",8
JOB00348,HR Executive,HR,Willis and Sons,Remote,Excel; Employee Engagement; Communication; Payroll; Onboarding,3-6 years,12-15,"Exciting opportunity for a HR Executive at Willis and Sons. Must be proficient in Excel, Employee Engagement, Communication, Payroll, Onboarding, with practical exposure to Excel and Communication. You'll work in an agile environment solving real business problems. 3+ years experience preferred.","['Excel', 'Employee Engagement', 'Communication', 'Payroll', 'Onboarding']",Excel Employee Engagement Communication Payroll Onboarding,3.0,6.0,4.5,12.0,15.0,13.5,"exciting opportunity for a hr executive at willis and sons. must be proficient in excel, employee engagement, communication, payroll, onboarding, with practical exposure to excel and communication. you'll work in an agile environment solving real business problems. 3+ years experience preferred.","HR Executive exciting opportunity for a hr executive at willis and sons. must be proficient in excel, employee engagement, communication, payroll, onboarding, with practical exposure to excel and communication. you'll work in an agile environment solving real business problems. 3+ years experience preferred. Excel Employee Engagement Communication Payroll Onboarding",1
JOB00170,Python Developer,Python Developer,Hooper PLC,Bengaluru,Django; Celery; Python; SQL; Docker,2-5 years,8-17,"We are looking for a Python Developer to join our growing team. The ideal candidate has hands-on experience with Django, Celery, Python, SQL, Docker and can work independently on Docker-driven projects. Responsibilities include collaborating with cross-functional teams, contributing to SQL initiatives, and driving continuous improvement. 2+ years of relevant experience required.","['Django', 'Celery', 'Python', 'SQL', 'Docker']",Django Celery Python SQL Docker,2.0,5.0,3.5,8.0,17.0,12.5,"we are looking for a python developer to join our growing team. the ideal candidate has hands-on experience with django, celery, python, sql, docker and can work independently on docker-driven projects. responsibilities include collaborating with cross-functional teams, contributing to sql initiatives, and driving continuous improvement. 2+ years of relevant experience required.","Python Developer we are looking for a python developer to join our growing team. the ideal candidate has hands-on experience with django, celery, python, sql, docker and can work independently on docker-driven projects. responsibilities include collaborating with cross-functional teams, contributing to sql initiatives, and driving continuous improvement. 2+ years of relevant experience required. Django Celery Python SQL Docker",7
JOB00033,Machine Learning Engineer,Data Science,"Ferrell, Rice and Maddox",Mumbai,Statistics; Pandas; TensorFlow; Excel; Scikit-learn,7-10 years,13-16,"Exciting opportunity for a Machine Learning Engineer at Ferrell, Rice and Maddox. Must be proficient in Statistics, Pandas, TensorFlow, Excel, Scikit-learn, with practical exposure to Scikit-learn and Excel. You'll work in an agile environment solving real business problems. 7+ years experience preferred.","['Statistics', 'Pandas', 'TensorFlow', 'Excel', 'Scikit-learn']",Statistics Pandas TensorFlow Excel Scikit-learn,7.0,10.0,8.5,13.0,16.0,14.5,"exciting opportunity for a machine learning engineer at ferrell, rice and maddox. must be proficient in statistics, pandas, tensorflow, excel, scikit-learn, with practical exposure to scikit-learn and excel. you'll work in an agile environment solving real business problems. 7+ years experience preferred.","Machine Learning Engineer exciting opportunity for a machine learning engineer at ferrell, rice and maddox. must be proficient in statistics, pandas, tensorflow, excel, scikit-learn, with practical exposure to scikit-learn and excel. you'll work in an agile environment solving real business problems. 7+ years experience preferred. Statistics Pandas TensorFlow Excel Scikit-learn",13
JOB00166,Python Developer,Python Developer,Medina-Navarro,Kolkata,Docker; Django; Git; Pandas; SQL,6-9 years,13-19,"Exciting opportunity for a Python Developer at Medina-Navarro. Must be proficient in Docker, Django, Git, Pandas, SQL, with practical exposure to Git and Django. You'll work in an agile environment solving real business problems. 6+ years experience preferred.","['Docker', 'Django', 'Git', 'Pandas', 'SQL']",Docker Django Git Pandas SQL,6.0,9.0,7.5,13.0,19.0,16.0,"exciting opportunity for a python developer at medina-navarro. must be proficient in docker, django, git, pandas, sql, with practical exposure to git and django. you'll work in an agile environment solving real business problems. 6+ years experience preferred.","Python Developer exciting opportunity for a python developer at medina-navarro. must be proficient in docker, django, git, pandas, sql, with practical exposure to git and django. you'll work in an agile environment solving real business problems. 6+ years experience preferred. Docker Django Git Pandas SQL",7
JOB00155,Backend Python Engineer,Python Developer,"Ramirez, Strickland and Washington",Pune,Flask; Django; Pandas; Docker,6-9 years,14-23,"Ramirez, Strickland and Washington is hiring a Backend Python Engineer for our Pune office. You will use Flask, Django, Pandas, Docker daily and help scale our Pandas capabilities. We value strong fundamentals in Flask and a collaborative mindset. Minimum 6 years of experience in a similar role.","['Flask', 'Django', 'Pandas', 'Docker']",Flask Django Pandas Docker,6.0,9.0,7.5,14.0,23.0,18.5,"ramirez, strickland and washington is hiring a backend python engineer for our pune office. you will use flask, django, pandas, docker daily and help scale our pandas capabilities. we value strong fundamentals in flask and a collaborative mindset. minimum 6 years of experience in a similar role.","Backend Python Engineer ramirez, strickland and washington is hiring a backend python engineer for our pune office. you will use flask, django, pandas, docker daily and help scale our pandas capabilities. we value strong fundamentals in flask and a collaborative mindset. minimum 6 years of experience in a similar role. Flask Django Pandas Docker",7
JOB00486,Graphic Designer,Graphic Designer,Jones-Fox,Pune,Illustrator; Typography; Creativity; Figma,7-10 years,4-7,"We are looking for a Graphic Designer to join our growing team. The ideal candidate has hands-on experience with Illustrator, Typography, Creativity, Figma and can work independently on Illustrator-driven projects. Responsibilities include collaborating with cross-functional teams, contributing to Typography initiatives, and driving continuous improvement. 7+ years of relevant experience required.","['Illustrator', 'Typography', 'Creativity', 'Figma']",Illustrator Typography Creativity Figma,7.0,10.0,8.5,4.0,7.0,5.5,"we are looking for a graphic designer to join our growing team. the ideal candidate has hands-on experience with illustrator, typography, creativity, figma and can work independently on illustrator-driven projects. responsibilities include collaborating with cross-functional teams, contributing to typography initiatives, and driving continuous improvement. 7+ years of relevant experience required.","Graphic Designer we are looking for a graphic designer to join our growing team. the ideal candidate has hands-on experience with illustrator, typography, creativity, figma and can work independently on illustrator-driven projects. responsibilities include collaborating with cross-functional teams, contributing to typography initiatives, and driving continuous improvement. 7+ years of relevant experience required. Illustrator Typography Creativity Figma",0
JOB00039,Web Developer,Web Development,Harrell LLC,Hyderabad,JavaScript; Git; React; Responsive Design; Node.js; REST API; Express.js; TypeScript,6-9 years,5-10,"Exciting opportunity for a Web Developer at Harrell LLC. Must be proficient in JavaScript, Git, React, Responsive Design, Node.js, REST API, Express.js, TypeScript, with practical exposure to Git and Responsive Design. You'll work in an agile environment solving real business problems. 6+ years experience preferred.","['JavaScript', 'Git', 'React', 'Responsive Design', 'Node.js', 'REST API', 'Express.js', 'TypeScript']",JavaScript Git React Responsive Design Node.js REST API Express.js TypeScript,6.0,9.0,7.5,5.0,10.0,7.5,"exciting opportunity for a web developer at harrell llc. must be proficient in javascript, git, react, responsive design, node.js, rest api, express.js, typescript, with practical exposure to git and responsive design. you'll work in an agile environment solving real business problems. 6+ years experience preferred.","Web Developer exciting opportunity for a web developer at harrell llc. must be proficient in javascript, git, react, responsive design, node.js, rest api, express.js, typescript, with practical exposure to git and responsive design. you'll work in an agile environment solving real business problems. 6+ years experience preferred. JavaScript Git React Responsive Design Node.js REST API Express.js TypeScript",2
JOB00400,Manufacturing Engineer,Mechanical Engineer,Duran LLC,Pune,Thermodynamics; Project Management; Manufacturing; AutoCAD; Six Sigma; SolidWorks,8-11 years,6-14,"Exciting opportunity for a Manufacturing Engineer at Duran LLC. Must be proficient in Thermodynamics, Project Management, Manufacturing, AutoCAD, Six Sigma, SolidWorks, with practical exposure to Manufacturing and Thermodynamics. You'll work in an agile environment solving real business problems. 8+ years experience preferred.","['Thermodynamics', 'Project Management', 'Manufacturing', 'AutoCAD', 'Six Sigma', 'SolidWorks']",Thermodynamics Project Management Manufacturing AutoCAD Six Sigma SolidWorks,8.0,11.0,9.5,6.0,14.0,10.0,"exciting opportunity for a manufacturing engineer at duran llc. must be proficient in thermodynamics, project management, manufacturing, autocad, six sigma, solidworks, with practical exposure to manufacturing and thermodynamics. you'll work in an agile environment solving real business problems. 8+ years experience preferred.","Manufacturing Engineer exciting opportunity for a manufacturing engineer at duran llc. must be proficient in thermodynamics, project management, manufacturing, autocad, six sigma, solidworks, with practical exposure to manufacturing and thermodynamics. you'll work in an agile environment solving real business problems. 8+ years experience preferred. Thermodynamics Project Management Manufacturing AutoCAD Six Sigma SolidWorks",8
JOB00163,Python Developer,Python Developer,"Smith, Gilmore and Johnston",Delhi NCR,Docker; Pandas; Unit Testing; Flask; Celery; REST API; SQL,8-11 years,15-19,"Smith, Gilmore and Johnston is hiring a Python Developer for our Delhi NCR office. You will use Docker, Pandas, Unit Testing, Flask, Celery, REST API, SQL daily and help scale our Pandas capabilities. We value strong fundamentals in Flask and a collaborative mindset. Minimum 8 years of experience in a similar role.","['Docker', 'Pandas', 'Unit Testing', 'Flask', 'Celery', 'REST API', 'SQL']",Docker Pandas Unit Testing Flask Celery REST API SQL,8.0,11.0,9.5,15.0,19.0,17.0,"smith, gilmore and johnston is hiring a python developer for our delhi ncr office. you will use docker, pandas, unit testing, flask, celery, rest api, sql daily and help scale our pandas capabilities. we value strong fundamentals in flask and a collaborative mindset. minimum 8 years of experience in a similar role.","Python Developer smith, gilmore and johnston is hiring a python developer for our delhi ncr office. you will use docker, pandas, unit testing, flask, celery, rest api, sql daily and help scale our pandas capabilities. we value strong fundamentals in flask and a collaborative mindset. minimum 8 years of experience in a similar role. Docker Pandas Unit Testing Flask Celery REST API SQL",7
JOB00108,Backend Java Engineer,Java Developer,Dickson-Brady,Kolkata,Java; Hibernate; SQL; Maven; Git; JUnit,1-4 years,8-15,"Exciting opportunity for a Backend Java Engineer at Dickson-Brady. Must be proficient in Java, Hibernate, SQL, Maven, Git, JUnit, with practical exposure to Git and Maven. You'll work in an agile environment solving real business problems. 1+ years experience preferred.","['Java', 'Hibernate', 'SQL', 'Maven', 'Git', 'JUnit']",Java Hibernate SQL Maven Git JUnit,1.0,4.0,2.5,8.0,15.0,11.5,"exciting opportunity for a backend java engineer at dickson-brady. must be proficient in java, hibernate, sql, maven, git, junit, with practical exposure to git and maven. you'll work in an agile environment solving real business problems. 1+ years experience preferred.","Backend Java Engineer exciting opportunity for a backend java engineer at dickson-brady. must be proficient in java, hibernate, sql, maven, git, junit, with practical exposure to git and maven. you'll work in an agile environment solving real business problems. 1+ years experience preferred. Java Hibernate SQL Maven Git JUnit",12
JOB00240,Cybersecurity Analyst,Network Security Engineer,"Walker, Hernandez and Baker",Ahmedabad,Cryptography; Python; Firewalls; Vulnerability Assessment; SIEM,0-3 years,10-12,"Walker, Hernandez and Baker is hiring a Cybersecurity Analyst for our Ahmedabad office. You will use Cryptography, Python, Firewalls, Vulnerability Assessment, SIEM daily and help scale our Cryptography capabilities. We value strong fundamentals in Firewalls and a collaborative mindset. Minimum 0 years of experience in a similar role.","['Cryptography', 'Python', 'Firewalls', 'Vulnerability Assessment', 'SIEM']",Cryptography Python Firewalls Vulnerability Assessment SIEM,0.0,3.0,1.5,10.0,12.0,11.0,"walker, hernandez and baker is hiring a cybersecurity analyst for our ahmedabad office. you will use cryptography, python, firewalls, vulnerability assessment, siem daily and help scale our cryptography capabilities. we value strong fundamentals in firewalls and a collaborative mindset. minimum 0 years of experience in a similar role.","Cybersecurity Analyst walker, hernandez and baker is hiring a cybersecurity analyst for our ahmedabad office. you will use cryptography, python, firewalls, vulnerability assessment, siem daily and help scale our cryptography capabilities. we value strong fundamentals in firewalls and a collaborative mindset. minimum 0 years of experience in a similar role. Cryptography Python Firewalls Vulnerability Assessment SIEM",14
JOB00292,Marketing Analyst,Digital Marketing,Young Ltd,Hyderabad,Communication; PPC; Email Marketing; Excel; Copywriting; Content Marketing; SEO,3-6 years,8-16,"Exciting opportunity for a Marketing Analyst at Young Ltd. Must be proficient in Communication, PPC, Email Marketing, Excel, Copywriting, Content Marketing, SEO, with practical exposure to SEO and Email Marketing. You'll work in an agile environment solving real business problems. 3+ years experience preferred.","['Communication', 'PPC', 'Email Marketing', 'Excel', 'Copywriting', 'Content Marketing', 'SEO']",Communication PPC Email Marketing Excel Copywriting Content Marketing SEO,3.0,6.0,4.5,8.0,16.0,12.0,"exciting opportunity for a marketing analyst at young ltd. must be proficient in communication, ppc, email marketing, excel, copywriting, content marketing, seo, with practical exposure to seo and email marketing. you'll work in an agile environment solving real business problems. 3+ years experience preferred.","Marketing Analyst exciting opportunity for a marketing analyst at young ltd. must be proficient in communication, ppc, email marketing, excel, copywriting, content marketing, seo, with practical exposure to seo and email marketing. you'll work in an agile environment solving real business problems. 3+ years experience preferred. Communication PPC Email Marketing Excel Copywriting Content Marketing SEO",6
JOB00004,Data Scientist,Data Science,Davis and Sons,Remote,Excel; A/B Testing; TensorFlow; Machine Learning,8-11 years,5-12,"Exciting opportunity for a Data Scientist at Davis and Sons. Must be proficient in Excel, A/B Testing, TensorFlow, Machine Learning, with practical exposure to Machine Learning and TensorFlow. You'll work in an agile environment solving real business problems. 8+ years experience preferred.","['Excel', 'A/B Testing', 'TensorFlow', 'Machine Learning']",Excel A/B Testing TensorFlow Machine Learning,8.0,11.0,9.5,5.0,12.0,8.5,"exciting opportunity for a data scientist at davis and sons. must be proficient in excel, a/b testing, tensorflow, machine learning, with practical exposure to machine learning and tensorflow. you'll work in an agile environment solving real business problems. 8+ years experience preferred.","Data Scientist exciting opportunity for a data scientist at davis and sons. must be proficient in excel, a/b testing, tensorflow, machine learning, with practical exposure to machine learning and tensorflow. you'll work in an agile environment solving real business problems. 8+ years experience preferred. Excel A/B Testing TensorFlow Machine Learning",13
JOB00287,Digital Marketing Executive,Digital Marketing,"Booker, Jones and Harrington",Ahmedabad,Communication; PPC; Google Analytics; SEO; Email Marketing; Social Media; Copywriting; Excel,5-8 years,10-16,"We are looking for a Digital Marketing Executive to join our growing team. The ideal candidate has hands-on experience with Communication, PPC, Google Analytics, SEO, Email Marketing, Social Media, Copywriting, Excel and can work independently on Social Media-driven projects. Responsibilities include collaborating with cross-functional teams, contributing to Excel initiatives, and driving continuous improvement. 5+ years of relevant experience required.","['Communication', 'PPC', 'Google Analytics', 'SEO', 'Email Marketing', 'Social Media', 'Copywriting', 'Excel']",Communication PPC Google Analytics SEO Email Marketing Social Media Copywriting Excel,5.0,8.0,6.5,10.0,16.0,13.0,"we are looking for a digital marketing executive to join our growing team. the ideal candidate has hands-on experience with communication, ppc, google analytics, seo, email marketing, social media, copywriting, excel and can work independently on social media-driven projects. responsibilities include collaborating with cross-functional teams, contributing to excel initiatives, and driving continuous improvement. 5+ years of relevant experience required.","Digital Marketing Executive we are looking for a digital marketing executive to join our growing team. the ideal candidate has hands-on experience with communication, ppc, google analytics, seo, email marketing, social media, copywriting, excel and can work independently on social media-driven projects. responsibilities include collaborating with cross-functional teams, contributing to excel initiatives, and driving continuous improvement. 5+ years of relevant experience required. Communication PPC Google Analytics SEO Email Marketing Social Media Copywriting Excel",6
JOB00411,Mechanical Design Engineer,Mechanical Engineer,Kim Inc,Pune,SolidWorks; Project Management; AutoCAD; Quality Control; MATLAB; Thermodynamics; Six Sigma; Manufacturing,3-6 years,19-22,"Exciting opportunity for a Mechanical Design Engineer at Kim Inc. Must be proficient in SolidWorks, Project Management, AutoCAD, Quality Control, MATLAB, Thermodynamics, Six Sigma, Manufacturing, with practical exposure to AutoCAD and SolidWorks. You'll work in an agile environment solving real business problems. 3+ years experience preferred.","['SolidWorks', 'Project Management', 'AutoCAD', 'Quality Control', 'MATLAB', 'Thermodynamics', 'Six Sigma', 'Manufacturing']",SolidWorks Project Management AutoCAD Quality Control MATLAB Thermodynamics Six Sigma Manufacturing,3.0,6.0,4.5,19.0,22.0,20.5,"exciting opportunity for a mechanical design engineer at kim inc. must be proficient in solidworks, project management, autocad, quality control, matlab, thermodynamics, six sigma, manufacturing, with practical exposure to autocad and solidworks. you'll work in an agile environment solving real business problems. 3+ years experience preferred.","Mechanical Design Engineer exciting opportunity for a mechanical design engineer at kim inc. must be proficient in solidworks, project management, autocad, quality control, matlab, thermodynamics, six sigma, manufacturing, with practical exposure to autocad and solidworks. you'll work in an agile environment solving real business problems. 3+ years experience preferred. SolidWorks Project Management AutoCAD Quality Control MATLAB Thermodynamics Six Sigma Manufacturing",8
JOB00474,Graphic Designer,Graphic Designer,Lowery-Kennedy,Hyderabad,Illustrator; Figma; Creativity; Photoshop,8-11 years,14-17,"Lowery-Kennedy is hiring a Graphic Designer for our Hyderabad office. You will use Illustrator, Figma, Creativity, Photoshop daily and help scale our Illustrator capabilities. We value strong fundamentals in Figma and a collaborative mindset. Minimum 8 years of experience in a similar role.","['Illustrator', 'Figma', 'Creativity', 'Photoshop']",Illustrator Figma Creativity Photoshop,8.0,11.0,9.5,14.0,17.0,15.5,"lowery-kennedy is hiring a graphic designer for our hyderabad office. you will use illustrator, figma, creativity, photoshop daily and help scale our illustrator capabilities. we value strong fundamentals in figma and a collaborative mindset. minimum 8 years of experience in a similar role.","Graphic Designer lowery-kennedy is hiring a graphic designer for our hyderabad office. you will use illustrator, figma, creativity, photoshop daily and help scale our illustrator capabilities. we value strong fundamentals in figma and a collaborative mindset. minimum 8 years of experience in a similar role. Illustrator Figma Creativity Photoshop",0
JOB00296,Digital Marketing Executive,Digital Marketing,Williams Inc,Remote,Email Marketing; SEO; Marketing Strategy; Excel; PPC; Social Media,7-10 years,5-12,"We are looking for a Digital Marketing Executive to join our growing team. The ideal candidate has hands-on experience with Email Marketing, SEO, Marketing Strategy, Excel, PPC, Social Media and can work independently on Excel-driven projects. Responsibilities include collaborating with cross-functional teams, contributing to PPC initiatives, and driving continuous improvement. 7+ years of relevant experience required.","['Email Marketing', 'SEO', 'Marketing Strategy', 'Excel', 'PPC', 'Social Media']",Email Marketing SEO Marketing Strategy Excel PPC Social Media,7.0,10.0,8.5,5.0,12.0,8.5,"we are looking for a digital marketing executive to join our growing team. the ideal candidate has hands-on experience with email marketing, seo, marketing strategy, excel, ppc, social media and can work independently on excel-driven projects. responsibilities include collaborating with cross-functional teams, contributing to ppc initiatives, and driving continuous improvement. 7+ years of relevant experience required.","Digital Marketing Executive we are looking for a digital marketing executive to join our growing team. the ideal candidate has hands-on experience with email marketing, seo, marketing strategy, excel, ppc, social media and can work independently on excel-driven projects. responsibilities include collaborating with cross-functional teams, contributing to ppc initiatives, and driving continuous improvement. 7+ years of relevant experience required. Email Marketing SEO Marketing Strategy Excel PPC Social Media",6
JOB00337,HR Generalist,HR,"Newton, Moore and Perry",Bengaluru,Onboarding; Communication; Payroll; Conflict Resolution; Performance Management; HRIS; Employee Engagement; Recruitment,0-3 years,19-27,"Exciting opportunity for a HR Generalist at Newton, Moore and Perry. Must be proficient in Onboarding, Communication, Payroll, Conflict Resolution, Performance Management, HRIS, Employee Engagement, Recruitment, with practical exposure to Employee Engagement and Recruitment. You'll work in an agile environment solving real business problems. 0+ years experience preferred.","['Onboarding', 'Communication', 'Payroll', 'Conflict Resolution', 'Performance Management', 'HRIS', 'Employee Engagement', 'Recruitment']",Onboarding Communication Payroll Conflict Resolution Performance Management HRIS Employee Engagement Recruitment,0.0,3.0,1.5,19.0,27.0,23.0,"exciting opportunity for a hr generalist at newton, moore and perry. must be proficient in onboarding, communication, payroll, conflict resolution, performance management, hris, employee engagement, recruitment, with practical exposure to employee engagement and recruitment. you'll work in an agile environment solving real business problems. 0+ years experience preferred.","HR Generalist exciting opportunity for a hr generalist at newton, moore and perry. must be proficient in onboarding, communication, payroll, conflict resolution, performance management, hris, employee engagement, recruitment, with practical exposure to employee engagement and recruitment. you'll work in an agile environment solving real business problems. 0+ years experience preferred. Onboarding Communication Payroll Conflict Resolution Performance Management HRIS Employee Engagement Recruitment",1
JOB00071,Android Developer,Android Development,Gray Group,Bengaluru,Kotlin; Java; SQLite; Material Design; Git; Firebase,2-5 years,11-18,"Exciting opportunity for a Android Developer at Gray Group. Must be proficient in Kotlin, Java, SQLite, Material Design, Git, Firebase, with practical exposure to Git and SQLite. You'll work in an agile environment solving real business problems. 2+ years experience preferred.","['Kotlin', 'Java', 'SQLite', 'Material Design', 'Git', 'Firebase']",Kotlin Java SQLite Material Design Git Firebase,2.0,5.0,3.5,11.0,18.0,14.5,"exciting opportunity for a android developer at gray group. must be proficient in kotlin, java, sqlite, material design, git, firebase, with practical exposure to git and sqlite. you'll work in an agile environment solving real business problems. 2+ years experience preferred.","Android Developer exciting opportunity for a android developer at gray group. must be proficient in kotlin, java, sqlite, material design, git, firebase, with practical exposure to git and sqlite. you'll work in an agile environment solving real business problems. 2+ years experience preferred. Kotlin Java SQLite Material Design Git Firebase",4
JOB00343,HR Executive,HR,Lopez-Martinez,Pune,Employee Engagement; Conflict Resolution; Excel; Performance Management; HRIS,4-7 years,4-10,"We are looking for a HR Executive to join our growing team. The ideal candidate has hands-on experience with Employee Engagement, Conflict Resolution, Excel, Performance Management, HRIS and can work independently on Conflict Resolution-driven projects. Responsibilities include collaborating with cross-functional teams, contributing to Excel initiatives, and driving continuous improvement. 4+ years of relevant experience required.","['Employee Engagement', 'Conflict Resolution', 'Excel', 'Performance Management', 'HRIS']",Employee Engagement Conflict Resolution Excel Performance Management HRIS,4.0,7.0,5.5,4.0,10.0,7.0,"we are looking for a hr executive to join our growing team. the ideal candidate has hands-on experience with employee engagement, conflict resolution, excel, performance management, hris and can work independently on conflict resolution-driven projects. responsibilities include collaborating with cross-functional teams, contributing to excel initiatives, and driving continuous improvement. 4+ years of relevant experience required.","HR Executive we are looking for a hr executive to join our growing team. the ideal candidate has hands-on experience with employee engagement, conflict resolution, excel, performance management, hris and can work independently on conflict resolution-driven projects. responsibilities include collaborating with cross-functional teams, contributing to excel initiatives, and driving continuous improvement. 4+ years of relevant experience required. Employee Engagement Conflict Resolution Excel Performance Management HRIS",1
JOB00524,Fitness Trainer,Health and Fitness,"Griffin, Davies and Mitchell",Pune,Nutrition Planning; Communication; Program Design; Client Assessment; CPR Certified; First Aid,6-9 years,4-7,"We are looking for a Fitness Trainer to join our growing team. The ideal candidate has hands-on experience with Nutrition Planning, Communication, Program Design, Client Assessment, CPR Certified, First Aid and can work independently on First Aid-driven projects. Responsibilities include collaborating with cross-functional teams, contributing to CPR Certified initiatives, and driving continuous improvement. 6+ years of relevant experience required.","['Nutrition Planning', 'Communication', 'Program Design', 'Client Assessment', 'CPR Certified', 'First Aid']",Nutrition Planning Communication Program Design Client Assessment CPR Certified First Aid,6.0,9.0,7.5,4.0,7.0,5.5,"we are looking for a fitness trainer to join our growing team. the ideal candidate has hands-on experience with nutrition planning, communication, program design, client assessment, cpr certified, first aid and can work independently on first aid-driven projects. responsibilities include collaborating with cross-functional teams, contributing to cpr certified initiatives, and driving continuous improvement. 6+ years of relevant experience required.","Fitness Trainer we are looking for a fitness trainer to join our growing team. the ideal candidate has hands-on experience with nutrition planning, communication, program design, client assessment, cpr certified, first aid and can work independently on first aid-driven projects. responsibilities include collaborating with cross-functional teams, contributing to cpr certified initiatives, and driving continuous improvement. 6+ years of relevant experience required. Nutrition Planning Communication Program Design Client Assessment CPR Certified First Aid",5
JOB00254,Product Analyst,Business Analyst,"Garcia, Martin and Jenkins",Chennai,Data Visualization; Agile; Requirements Gathering; SQL; Process Improvement; Excel; Power BI; Stakeholder Management,6-9 years,17-19,"We are looking for a Product Analyst to join our growing team. The ideal candidate has hands-on experience with Data Visualization, Agile, Requirements Gathering, SQL, Process Improvement, Excel, Power BI, Stakeholder Management and can work independently on Agile-driven projects. Responsibilities include collaborating with cross-functional teams, contributing to Stakeholder Management initiatives, and driving continuous improvement. 6+ years of relevant experience required.","['Data Visualization', 'Agile', 'Requirements Gathering', 'SQL', 'Process Improvement', 'Excel', 'Power BI', 'Stakeholder Management']",Data Visualization Agile Requirements Gathering SQL Process Improvement Excel Power BI Stakeholder Management,6.0,9.0,7.5,17.0,19.0,18.0,"we are looking for a product analyst to join our growing team. the ideal candidate has hands-on experience with data visualization, agile, requirements gathering, sql, process improvement, excel, power bi, stakeholder management and can work independently on agile-driven projects. responsibilities include collaborating with cross-functional teams, contributing to stakeholder management initiatives, and driving continuous improvement. 6+ years of relevant experience required.","Product Analyst we are looking for a product analyst to join our growing team. the ideal candidate has hands-on experience with data visualization, agile, requirements gathering, sql, process improvement, excel, power bi, stakeholder management and can work independently on agile-driven projects. responsibilities include collaborating with cross-functional teams, contributing to stakeholder management initiatives, and driving continuous improvement. 6+ years of relevant experience required. Data Visualization Agile Requirements Gathering SQL Process Improvement Excel Power BI Stakeholder Management",9
JOB00146,Python Developer,Python Developer,Stafford Inc,Chennai,Django; Python; Docker; Unit Testing; Pandas; Flask,1-4 years,20-25,"Stafford Inc is hiring a Python Developer for our Chennai office. You will use Django, Python, Docker, Unit Testing, Pandas, Flask daily and help scale our Docker capabilities. We value strong fundamentals in Flask and a collaborative mindset. Minimum 1 years of experience in a similar role.","['Django', 'Python', 'Docker', 'Unit Testing', 'Pandas', 'Flask']",Django Python Docker Unit Testing Pandas Flask,1.0,4.0,2.5,20.0,25.0,22.5,"stafford inc is hiring a python developer for our chennai office. you will use django, python, docker, unit testing, pandas, flask daily and help scale our docker capabilities. we value strong fundamentals in flask and a collaborative mindset. minimum 1 years of experience in a similar role.","Python Developer stafford inc is hiring a python developer for our chennai office. you will use django, python, docker, unit testing, pandas, flask daily and help scale our docker capabilities. we value strong fundamentals in flask and a collaborative mindset. minimum 1 years of experience in a similar role. Django Python Docker Unit Testing Pandas Flask",7
JOB00298,Marketing Analyst,Digital Marketing,Schmidt PLC,Delhi NCR,Marketing Strategy; Email Marketing; Social Media; PPC,0-3 years,15-25,"We are looking for a Marketing Analyst to join our growing team. The ideal candidate has hands-on experience with Marketing Strategy, Email Marketing, Social Media, PPC and can work independently on Social Media-driven projects. Responsibilities include collaborating with cross-functional teams, contributing to PPC initiatives, and driving continuous improvement. 0+ years of relevant experience required.","['Marketing Strategy', 'Email Marketing', 'Social Media', 'PPC']",Marketing Strategy Email Marketing Social Media PPC,0.0,3.0,1.5,15.0,25.0,20.0,"we are looking for a marketing analyst to join our growing team. the ideal candidate has hands-on experience with marketing strategy, email marketing, social media, ppc and can work independently on social media-driven projects. responsibilities include collaborating with cross-functional teams, contributing to ppc initiatives, and driving continuous improvement. 0+ years of relevant experience required.","Marketing Analyst we are looking for a marketing analyst to join our growing team. the ideal candidate has hands-on experience with marketing strategy, email marketing, social media, ppc and can work independently on social media-driven projects. responsibilities include collaborating with cross-functional teams, contributing to ppc initiatives, and driving continuous improvement. 0+ years of relevant experience required. Marketing Strategy Email Marketing Social Media PPC",6
JOB00069,Frontend Developer,Web Development,Russell Group,Ahmedabad,Node.js; HTML; TypeScript; CSS,3-6 years,12-21,"Exciting opportunity for a Frontend Developer at Russell Group. Must be proficient in Node.js, HTML, TypeScript, CSS, with practical exposure to CSS and TypeScript. You'll work in an agile environment solving real business problems. 3+ years experience preferred.","['Node.js', 'HTML', 'TypeScript', 'CSS']",Node.js HTML TypeScript CSS,3.0,6.0,4.5,12.0,21.0,16.5,"exciting opportunity for a frontend developer at russell group. must be proficient in node.js, html, typescript, css, with practical exposure to css and typescript. you'll work in an agile environment solving real business problems. 3+ years experience preferred.","Frontend Developer exciting opportunity for a frontend developer at russell group. must be proficient in node.js, html, typescript, css, with practical exposure to css and typescript. you'll work in an agile environment solving real business problems. 3+ years experience preferred. Node.js HTML TypeScript CSS",2
JOB00206,Site Reliability Engineer,DevOps Engineer,Freeman-Chang,Bengaluru,Docker; Git; Shell Scripting; CI/CD; AWS; Jenkins,1-4 years,15-17,"Freeman-Chang is hiring a Site Reliability Engineer for our Bengaluru office. You will use Docker, Git, Shell Scripting, CI/CD, AWS, Jenkins daily and help scale our Shell Scripting capabilities. We value strong fundamentals in Docker and a collaborative mindset. Minimum 1 years of experience in a similar role.","['Docker', 'Git', 'Shell Scripting', 'CI/CD', 'AWS', 'Jenkins']",Docker Git Shell Scripting CI/CD AWS Jenkins,1.0,4.0,2.5,15.0,17.0,16.0,"freeman-chang is hiring a site reliability engineer for our bengaluru office. you will use docker, git, shell scripting, ci/cd, aws, jenkins daily and help scale our shell scripting capabilities. we value strong fundamentals in docker and a collaborative mindset. minimum 1 years of experience in a similar role.","Site Reliability Engineer freeman-chang is hiring a site reliability engineer for our bengaluru office. you will use docker, git, shell scripting, ci/cd, aws, jenkins daily and help scale our shell scripting capabilities. we value strong fundamentals in docker and a collaborative mindset. minimum 1 years of experience in a similar role. Docker Git Shell Scripting CI/CD AWS Jenkins",10
JOB00247,Business Analyst,Business Analyst,Davis Ltd,Remote,Process Improvement; Excel; Requirements Gathering; Data Visualization; Communication; Tableau,8-11 years,10-17,"We are looking for a Business Analyst to join our growing team. The ideal candidate has hands-on experience with Process Improvement, Excel, Requirements Gathering, Data Visualization, Communication, Tableau and can work independently on Communication-driven projects. Responsibilities include collaborating with cross-functional teams, contributing to Process Improvement initiatives, and driving continuous improvement. 8+ years of relevant experience required.","['Process Improvement', 'Excel', 'Requirements Gathering', 'Data Visualization', 'Communication', 'Tableau']",Process Improvement Excel Requirements Gathering Data Visualization Communication Tableau,8.0,11.0,9.5,10.0,17.0,13.5,"we are looking for a business analyst to join our growing team. the ideal candidate has hands-on experience with process improvement, excel, requirements gathering, data visualization, communication, tableau and can work independently on communication-driven projects. responsibilities include collaborating with cross-functional teams, contributing to process improvement initiatives, and driving continuous improvement. 8+ years of relevant experience required.","Business Analyst we are looking for a business analyst to join our growing team. the ideal candidate has hands-on experience with process improvement, excel, requirements gathering, data visualization, communication, tableau and can work independently on communication-driven projects. responsibilities include collaborating with cross-functional teams, contributing to process improvement initiatives, and driving continuous improvement. 8+ years of relevant experience required. Process Improvement Excel Requirements Gathering Data Visualization Communication Tableau",9
JOB00097,Android Developer,Android Development,Wagner-King,Bengaluru,MVVM; Jetpack Compose; Material Design; Firebase; REST API; Kotlin,4-7 years,16-22,"We are looking for a Android Developer to join our growing team. The ideal candidate has hands-on experience with MVVM, Jetpack Compose, Material Design, Firebase, REST API, Kotlin and can work independently on Kotlin-driven projects. Responsibilities include collaborating with cross-functional teams, contributing to Jetpack Compose initiatives, and driving continuous improvement. 4+ years of relevant experience required.","['MVVM', 'Jetpack Compose', 'Material Design', 'Firebase', 'REST API', 'Kotlin']",MVVM Jetpack Compose Material Design Firebase REST API Kotlin,4.0,7.0,5.5,16.0,22.0,19.0,"we are looking for a android developer to join our growing team. the ideal candidate has hands-on experience with mvvm, jetpack compose, material design, firebase, rest api, kotlin and can work independently on kotlin-driven projects. responsibilities include collaborating with cross-functional teams, contributing to jetpack compose initiatives, and driving continuous improvement. 4+ years of relevant experience required.","Android Developer we are looking for a android developer to join our growing team. the ideal candidate has hands-on experience with mvvm, jetpack compose, material design, firebase, rest api, kotlin and can work independently on kotlin-driven projects. responsibilities include collaborating with cross-functional teams, contributing to jetpack compose initiatives, and driving continuous improvement. 4+ years of relevant experience required. MVVM Jetpack Compose Material Design Firebase REST API Kotlin",4
JOB00335,HR Generalist,HR,Price LLC,Delhi NCR,Recruitment; Payroll; Excel; Performance Management; Onboarding; Communication,7-10 years,10-17,"Price LLC is hiring a HR Generalist for our Delhi NCR office. You will use Recruitment, Payroll, Excel, Performance Management, Onboarding, Communication daily and help scale our Payroll capabilities. We value strong fundamentals in Communication and a collaborative mindset. Minimum 7 years of experience in a similar role.","['Recruitment', 'Payroll', 'Excel', 'Performance Management', 'Onboarding', 'Communication']",Recruitment Payroll Excel Performance Management Onboarding Communication,7.0,10.0,8.5,10.0,17.0,13.5,"price llc is hiring a hr generalist for our delhi ncr office. you will use recruitment, payroll, excel, performance management, onboarding, communication daily and help scale our payroll capabilities. we value strong fundamentals in communication and a collaborative mindset. minimum 7 years of experience in a similar role.","HR Generalist price llc is hiring a hr generalist for our delhi ncr office. you will use recruitment, payroll, excel, performance management, onboarding, communication daily and help scale our payroll capabilities. we value strong fundamentals in communication and a collaborative mindset. minimum 7 years of experience in a similar role. Recruitment Payroll Excel Performance Management Onboarding Communication",1
JOB00384,Account Manager,Sales,"Gallegos, Adams and White",Mumbai,Excel; CRM; Lead Generation; Cold Calling; Communication; Client Relationship Management,7-10 years,6-13,"Gallegos, Adams and White is hiring a Account Manager for our Mumbai office. You will use Excel, CRM, Lead Generation, Cold Calling, Communication, Client Relationship Management daily and help scale our Lead Generation capabilities. We value strong fundamentals in Communication and a collaborative mindset. Minimum 7 years of experience in a similar role.","['Excel', 'CRM', 'Lead Generation', 'Cold Calling', 'Communication', 'Client Relationship Management']",Excel CRM Lead Generation Cold Calling Communication Client Relationship Management,7.0,10.0,8.5,6.0,13.0,9.5,"gallegos, adams and white is hiring a account manager for our mumbai office. you will use excel, crm, lead generation, cold calling, communication, client relationship management daily and help scale our lead generation capabilities. we value strong fundamentals in communication and a collaborative mindset. minimum 7 years of experience in a similar role.","Account Manager gallegos, adams and white is hiring a account manager for our mumbai office. you will use excel, crm, lead generation, cold calling, communication, client relationship management daily and help scale our lead generation capabilities. we value strong fundamentals in communication and a collaborative mindset. minimum 7 years of experience in a similar role. Excel CRM Lead Generation Cold Calling Communication Client Relationship Management",3
JOB00190,Site Reliability Engineer,DevOps Engineer,"Burke, Martinez and Riggs",Pune,Kubernetes; Git; Docker; CI/CD,0-3 years,7-14,"Burke, Martinez and Riggs is hiring a Site Reliability Engineer for our Pune office. You will use Kubernetes, Git, Docker, CI/CD daily and help scale our CI/CD capabilities. We value strong fundamentals in Kubernetes and a collaborative mindset. Minimum 0 years of experience in a similar role.","['Kubernetes', 'Git', 'Docker', 'CI/CD']",Kubernetes Git Docker CI/CD,0.0,3.0,1.5,7.0,14.0,10.5,"burke, martinez and riggs is hiring a site reliability engineer for our pune office. you will use kubernetes, git, docker, ci/cd daily and help scale our ci/cd capabilities. we value strong fundamentals in kubernetes and a collaborative mindset. minimum 0 years of experience in a similar role.","Site Reliability Engineer burke, martinez and riggs is hiring a site reliability engineer for our pune office. you will use kubernetes, git, docker, ci/cd daily and help scale our ci/cd capabilities. we value strong fundamentals in kubernetes and a collaborative mindset. minimum 0 years of experience in a similar role. Kubernetes Git Docker CI/CD",10
JOB00145,Python Developer,Python Developer,Hernandez Ltd,Chennai,Unit Testing; Django; Celery; Docker; REST API,0-3 years,5-10,"Exciting opportunity for a Python Developer at Hernandez Ltd. Must be proficient in Unit Testing, Django, Celery, Docker, REST API, with practical exposure to REST API and Django. You'll work in an agile environment solving real business problems. 0+ years experience preferred.","['Unit Testing', 'Django', 'Celery', 'Docker', 'REST API']",Unit Testing Django Celery Docker REST API,0.0,3.0,1.5,5.0,10.0,7.5,"exciting opportunity for a python developer at hernandez ltd. must be proficient in unit testing, django, celery, docker, rest api, with practical exposure to rest api and django. you'll work in an agile environment solving real business problems. 0+ years experience preferred.","Python Developer exciting opportunity for a python developer at hernandez ltd. must be proficient in unit testing, django, celery, docker, rest api, with practical exposure to rest api and django. you'll work in an agile environment solving real business problems. 0+ years experience preferred. Unit Testing Django Celery Docker REST API",7
JOB00491,Wellness Coach,Health and Fitness,"Fuller, Ingram and Moss",Delhi NCR,Client Assessment; Program Design; CPR Certified; First Aid; Nutrition Planning,6-9 years,19-29,"We are looking for a Wellness Coach to join our growing team. The ideal candidate has hands-on experience with Client Assessment, Program Design, CPR Certified, First Aid, Nutrition Planning and can work independently on CPR Certified-driven projects. Responsibilities include collaborating with cross-functional teams, contributing to Nutrition Planning initiatives, and driving continuous improvement. 6+ years of relevant experience required.","['Client Assessment', 'Program Design', 'CPR Certified', 'First Aid', 'Nutrition Planning']",Client Assessment Program Design CPR Certified First Aid Nutrition Planning,6.0,9.0,7.5,19.0,29.0,24.0,"we are looking for a wellness coach to join our growing team. the ideal candidate has hands-on experience with client assessment, program design, cpr certified, first aid, nutrition planning and can work independently on cpr certified-driven projects. responsibilities include collaborating with cross-functional teams, contributing to nutrition planning initiatives, and driving continuous improvement. 6+ years of relevant experience required.","Wellness Coach we are looking for a wellness coach to join our growing team. the ideal candidate has hands-on experience with client assessment, program design, cpr certified, first aid, nutrition planning and can work independently on cpr certified-driven projects. responsibilities include collaborating with cross-functional teams, contributing to nutrition planning initiatives, and driving continuous improvement. 6+ years of relevant experience required. Client Assessment Program Design CPR Certified First Aid Nutrition Planning",5
JOB00010,Machine Learning Engineer,Data Science,Abbott-Munoz,Kolkata,A/B Testing; Python; TensorFlow; Excel,4-7 years,11-13,"Abbott-Munoz is hiring a Machine Learning Engineer for our Kolkata office. You will use A/B Testing, Python, TensorFlow, Excel daily and help scale our A/B Testing capabilities. We value strong fundamentals in TensorFlow and a collaborative mindset. Minimum 4 years of experience in a similar role.","['A/B Testing', 'Python', 'TensorFlow', 'Excel']",A/B Testing Python TensorFlow Excel,4.0,7.0,5.5,11.0,13.0,12.0,"abbott-munoz is hiring a machine learning engineer for our kolkata office. you will use a/b testing, python, tensorflow, excel daily and help scale our a/b testing capabilities. we value strong fundamentals in tensorflow and a collaborative mindset. minimum 4 years of experience in a similar role.","Machine Learning Engineer abbott-munoz is hiring a machine learning engineer for our kolkata office. you will use a/b testing, python, tensorflow, excel daily and help scale our a/b testing capabilities. we value strong fundamentals in tensorflow and a collaborative mindset. minimum 4 years of experience in a similar role. A/B Testing Python TensorFlow Excel",13
JOB00412,Mechanical Design Engineer,Mechanical Engineer,Graham Group,Remote,SolidWorks; AutoCAD; Manufacturing; Quality Control; MATLAB; Six Sigma,6-9 years,13-20,"We are looking for a Mechanical Design Engineer to join our growing team. The ideal candidate has hands-on experience with SolidWorks, AutoCAD, Manufacturing, Quality Control, MATLAB, Six Sigma and can work independently on Manufacturing-driven projects. Responsibilities include collaborating with cross-functional teams, contributing to AutoCAD initiatives, and driving continuous improvement. 6+ years of relevant experience required.","['SolidWorks', 'AutoCAD', 'Manufacturing', 'Quality Control', 'MATLAB', 'Six Sigma']",SolidWorks AutoCAD Manufacturing Quality Control MATLAB Six Sigma,6.0,9.0,7.5,13.0,20.0,16.5,"we are looking for a mechanical design engineer to join our growing team. the ideal candidate has hands-on experience with solidworks, autocad, manufacturing, quality control, matlab, six sigma and can work independently on manufacturing-driven projects. responsibilities include collaborating with cross-functional teams, contributing to autocad initiatives, and driving continuous improvement. 6+ years of relevant experience required.","Mechanical Design Engineer we are looking for a mechanical design engineer to join our growing team. the ideal candidate has hands-on experience with solidworks, autocad, manufacturing, quality control, matlab, six sigma and can work independently on manufacturing-driven projects. responsibilities include collaborating with cross-functional teams, contributing to autocad initiatives, and driving continuous improvement. 6+ years of relevant experience required. SolidWorks AutoCAD Manufacturing Quality Control MATLAB Six Sigma",8
JOB00205,Site Reliability Engineer,DevOps Engineer,Miller Ltd,Ahmedabad,Docker; Git; AWS; Monitoring,2-5 years,13-16,"Miller Ltd is hiring a Site Reliability Engineer for our Ahmedabad office. You will use Docker, Git, AWS, Monitoring daily and help scale our Git capabilities. We value strong fundamentals in Monitoring and a collaborative mindset. Minimum 2 years of experience in a similar role.","['Docker', 'Git', 'AWS', 'Monitoring']",Docker Git AWS Monitoring,2.0,5.0,3.5,13.0,16.0,14.5,"miller ltd is hiring a site reliability engineer for our ahmedabad office. you will use docker, git, aws, monitoring daily and help scale our git capabilities. we value strong fundamentals in monitoring and a collaborative mindset. minimum 2 years of experience in a similar role.","Site Reliability Engineer miller ltd is hiring a site reliability engineer for our ahmedabad office. you will use docker, git, aws, monitoring daily and help scale our git capabilities. we value strong fundamentals in monitoring and a collaborative mindset. minimum 2 years of experience in a similar role. Docker Git AWS Monitoring",10
JOB00459,UI/UX Designer,Graphic Designer,Mckee-Lee,Remote,Communication; Branding; Creativity; UI/UX; Figma; InDesign,4-7 years,9-11,"We are looking for a UI/UX Designer to join our growing team. The ideal candidate has hands-on experience with Communication, Branding, Creativity, UI/UX, Figma, InDesign and can work independently on Figma-driven projects. Responsibilities include collaborating with cross-functional teams, contributing to Branding initiatives, and driving continuous improvement. 4+ years of relevant experience required.","['Communication', 'Branding', 'Creativity', 'UI/UX', 'Figma', 'InDesign']",Communication Branding Creativity UI/UX Figma InDesign,4.0,7.0,5.5,9.0,11.0,10.0,"we are looking for a ui/ux designer to join our growing team. the ideal candidate has hands-on experience with communication, branding, creativity, ui/ux, figma, indesign and can work independently on figma-driven projects. responsibilities include collaborating with cross-functional teams, contributing to branding initiatives, and driving continuous improvement. 4+ years of relevant experience required.","UI/UX Designer we are looking for a ui/ux designer to join our growing team. the ideal candidate has hands-on experience with communication, branding, creativity, ui/ux, figma, indesign and can work independently on figma-driven projects. responsibilities include collaborating with cross-functional teams, contributing to branding initiatives, and driving continuous improvement. 4+ years of relevant experience required. Communication Branding Creativity UI/UX Figma InDesign",0
JOB00401,Manufacturing Engineer,Mechanical Engineer,Wilson-Jimenez,Delhi NCR,Six Sigma; MATLAB; SolidWorks; Manufacturing; Project Management; Quality Control,7-10 years,9-16,"We are looking for a Manufacturing Engineer to join our growing team. The ideal candidate has hands-on experience with Six Sigma, MATLAB, SolidWorks, Manufacturing, Project Management, Quality Control and can work independently on Manufacturing-driven projects. Responsibilities include collaborating with cross-functional teams, contributing to SolidWorks initiatives, and driving continuous improvement. 7+ years of relevant experience required.","['Six Sigma', 'MATLAB', 'SolidWorks', 'Manufacturing', 'Project Management', 'Quality Control']",Six Sigma MATLAB SolidWorks Manufacturing Project Management Quality Control,7.0,10.0,8.5,9.0,16.0,12.5,"we are looking for a manufacturing engineer to join our growing team. the ideal candidate has hands-on experience with six sigma, matlab, solidworks, manufacturing, project management, quality control and can work independently on manufacturing-driven projects. responsibilities include collaborating with cross-functional teams, contributing to solidworks initiatives, and driving continuous improvement. 7+ years of relevant experience required.","Manufacturing Engineer we are looking for a manufacturing engineer to join our growing team. the ideal candidate has hands-on experience with six sigma, matlab, solidworks, manufacturing, project management, quality control and can work independently on manufacturing-driven projects. responsibilities include collaborating with cross-functional teams, contributing to solidworks initiatives, and driving continuous improvement. 7+ years of relevant experience required. Six Sigma MATLAB SolidWorks Manufacturing Project Management Quality Control",8
JOB00032,Data Analyst,Data Science,Carlson-Cruz,Noida,SQL; Tableau; Python; A/B Testing; NumPy; Pandas,5-8 years,16-24,"Exciting opportunity for a Data Analyst at Carlson-Cruz. Must be proficient in SQL, Tableau, Python, A/B Testing, NumPy, Pandas, with practical exposure to NumPy and Pandas. You'll work in an agile environment solving real business problems. 5+ years experience preferred.","['SQL', 'Tableau', 'Python', 'A/B Testing', 'NumPy', 'Pandas']",SQL Tableau Python A/B Testing NumPy Pandas,5.0,8.0,6.5,16.0,24.0,20.0,"exciting opportunity for a data analyst at carlson-cruz. must be proficient in sql, tableau, python, a/b testing, numpy, pandas, with practical exposure to numpy and pandas. you'll work in an agile environment solving real business problems. 5+ years experience preferred.","Data Analyst exciting opportunity for a data analyst at carlson-cruz. must be proficient in sql, tableau, python, a/b testing, numpy, pandas, with practical exposure to numpy and pandas. you'll work in an agile environment solving real business problems. 5+ years experience preferred. SQL Tableau Python A/B Testing NumPy Pandas",13
JOB00150,Backend Python Engineer,Python Developer,"Schmidt, Hansen and Stewart",Remote,Docker; Django; Python; Unit Testing; Flask; REST API; Celery; Pandas,1-4 years,6-12,"We are looking for a Backend Python Engineer to join our growing team. The ideal candidate has hands-on experience with Docker, Django, Python, Unit Testing, Flask, REST API, Celery, Pandas and can work independently on Python-driven projects. Responsibilities include collaborating with cross-functional teams, contributing to Pandas initiatives, and driving continuous improvement. 1+ years of relevant experience required.","['Docker', 'Django', 'Python', 'Unit Testing', 'Flask', 'REST API', 'Celery', 'Pandas']",Docker Django Python Unit Testing Flask REST API Celery Pandas,1.0,4.0,2.5,6.0,12.0,9.0,"we are looking for a backend python engineer to join our growing team. the ideal candidate has hands-on experience with docker, django, python, unit testing, flask, rest api, celery, pandas and can work independently on python-driven projects. responsibilities include collaborating with cross-functional teams, contributing to pandas initiatives, and driving continuous improvement. 1+ years of relevant experience required.","Backend Python Engineer we are looking for a backend python engineer to join our growing team. the ideal candidate has hands-on experience with docker, django, python, unit testing, flask, rest api, celery, pandas and can work independently on python-driven projects. responsibilities include collaborating with cross-functional teams, contributing to pandas initiatives, and driving continuous improvement. 1+ years of relevant experience required. Docker Django Python Unit Testing Flask REST API Celery Pandas",7
JOB00133,Backend Java Engineer,Java Developer,"Bentley, Byrd and Orr",Ahmedabad,Git; Spring Boot; Multithreading; Java; Microservices; REST API; JUnit; Maven,6-9 years,8-14,"Bentley, Byrd and Orr is hiring a Backend Java Engineer for our Ahmedabad office. You will use Git, Spring Boot, Multithreading, Java, Microservices, REST API, JUnit, Maven daily and help scale our Multithreading capabilities. We value strong fundamentals in REST API and a collaborative mindset. Minimum 6 years of experience in a similar role.","['Git', 'Spring Boot', 'Multithreading', 'Java', 'Microservices', 'REST API', 'JUnit', 'Maven']",Git Spring Boot Multithreading Java Microservices REST API JUnit Maven,6.0,9.0,7.5,8.0,14.0,11.0,"bentley, byrd and orr is hiring a backend java engineer for our ahmedabad office. you will use git, spring boot, multithreading, java, microservices, rest api, junit, maven daily and help scale our multithreading capabilities. we value strong fundamentals in rest api and a collaborative mindset. minimum 6 years of experience in a similar role.","Backend Java Engineer bentley, byrd and orr is hiring a backend java engineer for our ahmedabad office. you will use git, spring boot, multithreading, java, microservices, rest api, junit, maven daily and help scale our multithreading capabilities. we value strong fundamentals in rest api and a collaborative mindset. minimum 6 years of experience in a similar role. Git Spring Boot Multithreading Java Microservices REST API JUnit Maven",12
JOB00356,Business Development Executive,Sales,Strickland-Palmer,Remote,Cold Calling; Excel; Client Relationship Management; Communication; Lead Generation; Negotiation,4-7 years,14-21,"Strickland-Palmer is hiring a Business Development Executive for our Remote office. You will use Cold Calling, Excel, Client Relationship Management, Communication, Lead Generation, Negotiation daily and help scale our Client Relationship Management capabilities. We value strong fundamentals in Excel and a collaborative mindset. Minimum 4 years of experience in a similar role.","['Cold Calling', 'Excel', 'Client Relationship Management', 'Communication', 'Lead Generation', 'Negotiation']",Cold Calling Excel Client Relationship Management Communication Lead Generation Negotiation,4.0,7.0,5.5,14.0,21.0,17.5,"strickland-palmer is hiring a business development executive for our remote office. you will use cold calling, excel, client relationship management, communication, lead generation, negotiation daily and help scale our client relationship management capabilities. we value strong fundamentals in excel and a collaborative mindset. minimum 4 years of experience in a similar role.","Business Development Executive strickland-palmer is hiring a business development executive for our remote office. you will use cold calling, excel, client relationship management, communication, lead generation, negotiation daily and help scale our client relationship management capabilities. we value strong fundamentals in excel and a collaborative mindset. minimum 4 years of experience in a similar role. Cold Calling Excel Client Relationship Management Communication Lead Generation Negotiation",3
JOB00095,Android Developer,Android Development,Campbell-Clark,Kolkata,Android SDK; Firebase; REST API; Java; Material Design; MVVM,3-6 years,13-22,"Exciting opportunity for a Android Developer at Campbell-Clark. Must be proficient in Android SDK, Firebase, REST API, Java, Material Design, MVVM, with practical exposure to Android SDK and Firebase. You'll work in an agile environment solving real business problems. 3+ years experience preferred.","['Android SDK', 'Firebase', 'REST API', 'Java', 'Material Design', 'MVVM']",Android SDK Firebase REST API Java Material Design MVVM,3.0,6.0,4.5,13.0,22.0,17.5,"exciting opportunity for a android developer at campbell-clark. must be proficient in android sdk, firebase, rest api, java, material design, mvvm, with practical exposure to android sdk and firebase. you'll work in an agile environment solving real business problems. 3+ years experience preferred.","Android Developer exciting opportunity for a android developer at campbell-clark. must be proficient in android sdk, firebase, rest api, java, material design, mvvm, with practical exposure to android sdk and firebase. you'll work in an agile environment solving real business problems. 3+ years experience preferred. Android SDK Firebase REST API Java Material Design MVVM",4
JOB00444,Structural Engineer,Civil Engineer,Collins Group,Ahmedabad,AutoCAD; Surveying; Structural Analysis; Revit; Cost Estimation; Construction Management,1-4 years,19-25,"Exciting opportunity for a Structural Engineer at Collins Group. Must be proficient in AutoCAD, Surveying, Structural Analysis, Revit, Cost Estimation, Construction Management, with practical exposure to Surveying and Cost Estimation. You'll work in an agile environment solving real business problems. 1+ years experience preferred.","['AutoCAD', 'Surveying', 'Structural Analysis', 'Revit', 'Cost Estimation', 'Construction Management']",AutoCAD Surveying Structural Analysis Revit Cost Estimation Construction Management,1.0,4.0,2.5,19.0,25.0,22.0,"exciting opportunity for a structural engineer at collins group. must be proficient in autocad, surveying, structural analysis, revit, cost estimation, construction management, with practical exposure to surveying and cost estimation. you'll work in an agile environment solving real business problems. 1+ years experience preferred.","Structural Engineer exciting opportunity for a structural engineer at collins group. must be proficient in autocad, surveying, structural analysis, revit, cost estimation, construction management, with practical exposure to surveying and cost estimation. you'll work in an agile environment solving real business problems. 1+ years experience preferred. AutoCAD Surveying Structural Analysis Revit Cost Estimation Construction Management",11
JOB00084,Android Developer,Android Development,"Edwards, Baker and Anderson",Remote,Material Design; Jetpack Compose; Android SDK; Java; MVVM,5-8 years,14-22,"Exciting opportunity for a Android Developer at Edwards, Baker and Anderson. Must be proficient in Material Design, Jetpack Compose, Android SDK, Java, MVVM, with practical exposure to Material Design and MVVM. You'll work in an agile environment solving real business problems. 5+ years experience preferred.","['Material Design', 'Jetpack Compose', 'Android SDK', 'Java', 'MVVM']",Material Design Jetpack Compose Android SDK Java MVVM,5.0,8.0,6.5,14.0,22.0,18.0,"exciting opportunity for a android developer at edwards, baker and anderson. must be proficient in material design, jetpack compose, android sdk, java, mvvm, with practical exposure to material design and mvvm. you'll work in an agile environment solving real business problems. 5+ years experience preferred.","Android Developer exciting opportunity for a android developer at edwards, baker and anderson. must be proficient in material design, jetpack compose, android sdk, java, mvvm, with practical exposure to material design and mvvm. you'll work in an agile environment solving real business problems. 5+ years experience preferred. Material Design Jetpack Compose Android SDK Java MVVM",4
JOB00355,Sales Executive,Sales,"Fisher, Wilson and Brown",Delhi NCR,Client Relationship Management; Cold Calling; CRM; Sales Strategy,2-5 years,9-13,"We are looking for a Sales Executive to join our growing team. The ideal candidate has hands-on experience with Client Relationship Management, Cold Calling, CRM, Sales Strategy and can work independently on Cold Calling-driven projects. Responsibilities include collaborating with cross-functional teams, contributing to Sales Strategy initiatives, and driving continuous improvement. 2+ years of relevant experience required.","['Client Relationship Management', 'Cold Calling', 'CRM', 'Sales Strategy']",Client Relationship Management Cold Calling CRM Sales Strategy,2.0,5.0,3.5,9.0,13.0,11.0,"we are looking for a sales executive to join our growing team. the ideal candidate has hands-on experience with client relationship management, cold calling, crm, sales strategy and can work independently on cold calling-driven projects. responsibilities include collaborating with cross-functional teams, contributing to sales strategy initiatives, and driving continuous improvement. 2+ years of relevant experience required.","Sales Executive we are looking for a sales executive to join our growing team. the ideal candidate has hands-on experience with client relationship management, cold calling, crm, sales strategy and can work independently on cold calling-driven projects. responsibilities include collaborating with cross-functional teams, contributing to sales strategy initiatives, and driving continuous improvement. 2+ years of relevant experience required. Client Relationship Management Cold Calling CRM Sales Strategy",3
JOB00502,Fitness Trainer,Health and Fitness,Paul-Kline,Remote,Exercise Physiology; Communication; First Aid; Nutrition Planning; Program Design; Client Assessment; CPR Certified,8-11 years,12-20,"Paul-Kline is hiring a Fitness Trainer for our Remote office. You will use Exercise Physiology, Communication, First Aid, Nutrition Planning, Program Design, Client Assessment, CPR Certified daily and help scale our Program Design capabilities. We value strong fundamentals in Communication and a collaborative mindset. Minimum 8 years of experience in a similar role.","['Exercise Physiology', 'Communication', 'First Aid', 'Nutrition Planning', 'Program Design', 'Client Assessment', 'CPR Certified']",Exercise Physiology Communication First Aid Nutrition Planning Program Design Client Assessment CPR Certified,8.0,11.0,9.5,12.0,20.0,16.0,"paul-kline is hiring a fitness trainer for our remote office. you will use exercise physiology, communication, first aid, nutrition planning, program design, client assessment, cpr certified daily and help scale our program design capabilities. we value strong fundamentals in communication and a collaborative mindset. minimum 8 years of experience in a similar role.","Fitness Trainer paul-kline is hiring a fitness trainer for our remote office. you will use exercise physiology, communication, first aid, nutrition planning, program design, client assessment, cpr certified daily and help scale our program design capabilities. we value strong fundamentals in communication and a collaborative mindset. minimum 8 years of experience in a similar role. Exercise Physiology Communication First Aid Nutrition Planning Program Design Client Assessment CPR Certified",5
JOB00402,Manufacturing Engineer,Mechanical Engineer,Thompson-James,Ahmedabad,SolidWorks; Six Sigma; Quality Control; Thermodynamics,8-11 years,6-11,"Exciting opportunity for a Manufacturing Engineer at Thompson-James. Must be proficient in SolidWorks, Six Sigma, Quality Control, Thermodynamics, with practical exposure to Six Sigma and Thermodynamics. You'll work in an agile environment solving real business problems. 8+ years experience preferred.","['SolidWorks', 'Six Sigma', 'Quality Control', 'Thermodynamics']",SolidWorks Six Sigma Quality Control Thermodynamics,8.0,11.0,9.5,6.0,11.0,8.5,"exciting opportunity for a manufacturing engineer at thompson-james. must be proficient in solidworks, six sigma, quality control, thermodynamics, with practical exposure to six sigma and thermodynamics. you'll work in an agile environment solving real business problems. 8+ years experience preferred.","Manufacturing Engineer exciting opportunity for a manufacturing engineer at thompson-james. must be proficient in solidworks, six sigma, quality control, thermodynamics, with practical exposure to six sigma and thermodynamics. you'll work in an agile environment solving real business problems. 8+ years experience preferred. SolidWorks Six Sigma Quality Control Thermodynamics",8
JOB00157,Python Developer,Python Developer,"Mitchell, Nelson and Flores",Pune,Git; Pandas; Docker; Django,0-3 years,9-12,"Mitchell, Nelson and Flores is hiring a Python Developer for our Pune office. You will use Git, Pandas, Docker, Django daily and help scale our Django capabilities. We value strong fundamentals in Pandas and a collaborative mindset. Minimum 0 years of experience in a similar role.","['Git', 'Pandas', 'Docker', 'Django']",Git Pandas Docker Django,0.0,3.0,1.5,9.0,12.0,10.5,"mitchell, nelson and flores is hiring a python developer for our pune office. you will use git, pandas, docker, django daily and help scale our django capabilities. we value strong fundamentals in pandas and a collaborative mindset. minimum 0 years of experience in a similar role.","Python Developer mitchell, nelson and flores is hiring a python developer for our pune office. you will use git, pandas, docker, django daily and help scale our django capabilities. we value strong fundamentals in pandas and a collaborative mindset. minimum 0 years of experience in a similar role. Git Pandas Docker Django",7
JOB00383,Business Development Executive,Sales,"Austin, Day and Johnson",Noida,Communication; Excel; Client Relationship Management; Cold Calling; Sales Strategy; Negotiation,7-10 years,12-22,"We are looking for a Business Development Executive to join our growing team. The ideal candidate has hands-on experience with Communication, Excel, Client Relationship Management, Cold Calling, Sales Strategy, Negotiation and can work independently on Sales Strategy-driven projects. Responsibilities include collaborating with cross-functional teams, contributing to Cold Calling initiatives, and driving continuous improvement. 7+ years of relevant experience required.","['Communication', 'Excel', 'Client Relationship Management', 'Cold Calling', 'Sales Strategy', 'Negotiation']",Communication Excel Client Relationship Management Cold Calling Sales Strategy Negotiation,7.0,10.0,8.5,12.0,22.0,17.0,"we are looking for a business development executive to join our growing team. the ideal candidate has hands-on experience with communication, excel, client relationship management, cold calling, sales strategy, negotiation and can work independently on sales strategy-driven projects. responsibilities include collaborating with cross-functional teams, contributing to cold calling initiatives, and driving continuous improvement. 7+ years of relevant experience required.","Business Development Executive we are looking for a business development executive to join our growing team. the ideal candidate has hands-on experience with communication, excel, client relationship management, cold calling, sales strategy, negotiation and can work independently on sales strategy-driven projects. responsibilities include collaborating with cross-functional teams, contributing to cold calling initiatives, and driving continuous improvement. 7+ years of relevant experience required. Communication Excel Client Relationship Management Cold Calling Sales Strategy Negotiation",3
JOB00104,Android Developer,Android Development,"Tran, Jordan and Williams",Delhi NCR,Java; SQLite; MVVM; Jetpack Compose; Android SDK; Material Design; Firebase; Kotlin,4-7 years,9-17,"Exciting opportunity for a Android Developer at Tran, Jordan and Williams. Must be proficient in Java, SQLite, MVVM, Jetpack Compose, Android SDK, Material Design, Firebase, Kotlin, with practical exposure to Java and MVVM. You'll work in an agile environment solving real business problems. 4+ years experience preferred.","['Java', 'SQLite', 'MVVM', 'Jetpack Compose', 'Android SDK', 'Material Design', 'Firebase', 'Kotlin']",Java SQLite MVVM Jetpack Compose Android SDK Material Design Firebase Kotlin,4.0,7.0,5.5,9.0,17.0,13.0,"exciting opportunity for a android developer at tran, jordan and williams. must be proficient in java, sqlite, mvvm, jetpack compose, android sdk, material design, firebase, kotlin, with practical exposure to java and mvvm. you'll work in an agile environment solving real business problems. 4+ years experience preferred.","Android Developer exciting opportunity for a android developer at tran, jordan and williams. must be proficient in java, sqlite, mvvm, jetpack compose, android sdk, material design, firebase, kotlin, with practical exposure to java and mvvm. you'll work in an agile environment solving real business problems. 4+ years experience preferred. Java SQLite MVVM Jetpack Compose Android SDK Material Design Firebase Kotlin",4
JOB00115,Backend Java Engineer,Java Developer,Torres-Pope,Hyderabad,SQL; REST API; Maven; Hibernate; JUnit; Java,6-9 years,13-16,"Torres-Pope is hiring a Backend Java Engineer for our Hyderabad office. You will use SQL, REST API, Maven, Hibernate, JUnit, Java daily and help scale our Hibernate capabilities. We value strong fundamentals in Maven and a collaborative mindset. Minimum 6 years of experience in a similar role.","['SQL', 'REST API', 'Maven', 'Hibernate', 'JUnit', 'Java']",SQL REST API Maven Hibernate JUnit Java,6.0,9.0,7.5,13.0,16.0,14.5,"torres-pope is hiring a backend java engineer for our hyderabad office. you will use sql, rest api, maven, hibernate, junit, java daily and help scale our hibernate capabilities. we value strong fundamentals in maven and a collaborative mindset. minimum 6 years of experience in a similar role.","Backend Java Engineer torres-pope is hiring a backend java engineer for our hyderabad office. you will use sql, rest api, maven, hibernate, junit, java daily and help scale our hibernate capabilities. we value strong fundamentals in maven and a collaborative mindset. minimum 6 years of experience in a similar role. SQL REST API Maven Hibernate JUnit Java",12
JOB00431,Civil Site Engineer,Civil Engineer,"Huang, Cole and Pacheco",Mumbai,Structural Analysis; Revit; AutoCAD; Construction Management; Cost Estimation; Surveying; Project Management,8-11 years,14-23,"We are looking for a Civil Site Engineer to join our growing team. The ideal candidate has hands-on experience with Structural Analysis, Revit, AutoCAD, Construction Management, Cost Estimation, Surveying, Project Management and can work independently on Revit-driven projects. Responsibilities include collaborating with cross-functional teams, contributing to Surveying initiatives, and driving continuous improvement. 8+ years of relevant experience required.","['Structural Analysis', 'Revit', 'AutoCAD', 'Construction Management', 'Cost Estimation', 'Surveying', 'Project Management']",Structural Analysis Revit AutoCAD Construction Management Cost Estimation Surveying Project Management,8.0,11.0,9.5,14.0,23.0,18.5,"we are looking for a civil site engineer to join our growing team. the ideal candidate has hands-on experience with structural analysis, revit, autocad, construction management, cost estimation, surveying, project management and can work independently on revit-driven projects. responsibilities include collaborating with cross-functional teams, contributing to surveying initiatives, and driving continuous improvement. 8+ years of relevant experience required.","Civil Site Engineer we are looking for a civil site engineer to join our growing team. the ideal candidate has hands-on experience with structural analysis, revit, autocad, construction management, cost estimation, surveying, project management and can work independently on revit-driven projects. responsibilities include collaborating with cross-functional teams, contributing to surveying initiatives, and driving continuous improvement. 8+ years of relevant experience required. Structural Analysis Revit AutoCAD Construction Management Cost Estimation Surveying Project Management",11
JOB00211,Cybersecurity Analyst,Network Security Engineer,"Pierce, Bell and Chavez",Bengaluru,Cryptography; IDS/IPS; Risk Assessment; Linux; Python; Firewalls,8-11 years,13-18,"Exciting opportunity for a Cybersecurity Analyst at Pierce, Bell and Chavez. Must be proficient in Cryptography, IDS/IPS, Risk Assessment, Linux, Python, Firewalls, with practical exposure to Cryptography and IDS/IPS. You'll work in an agile environment solving real business problems. 8+ years experience preferred.","['Cryptography', 'IDS/IPS', 'Risk Assessment', 'Linux', 'Python', 'Firewalls']",Cryptography IDS/IPS Risk Assessment Linux Python Firewalls,8.0,11.0,9.5,13.0,18.0,15.5,"exciting opportunity for a cybersecurity analyst at pierce, bell and chavez. must be proficient in cryptography, ids/ips, risk assessment, linux, python, firewalls, with practical exposure to cryptography and ids/ips. you'll work in an agile environment solving real business problems. 8+ years experience preferred.","Cybersecurity Analyst exciting opportunity for a cybersecurity analyst at pierce, bell and chavez. must be proficient in cryptography, ids/ips, risk assessment, linux, python, firewalls, with practical exposure to cryptography and ids/ips. you'll work in an agile environment solving real business problems. 8+ years experience preferred. Cryptography IDS/IPS Risk Assessment Linux Python Firewalls",14
JOB00467,UI/UX Designer,Graphic Designer,Davis-Lozano,Mumbai,Communication; Photoshop; Figma; Typography; Creativity; UI/UX; Branding,5-8 years,12-15,"Exciting opportunity for a UI/UX Designer at Davis-Lozano. Must be proficient in Communication, Photoshop, Figma, Typography, Creativity, UI/UX, Branding, with practical exposure to Typography and Creativity. You'll work in an agile environment solving real business problems. 5+ years experience preferred.","['Communication', 'Photoshop', 'Figma', 'Typography', 'Creativity', 'UI/UX', 'Branding']",Communication Photoshop Figma Typography Creativity UI/UX Branding,5.0,8.0,6.5,12.0,15.0,13.5,"exciting opportunity for a ui/ux designer at davis-lozano. must be proficient in communication, photoshop, figma, typography, creativity, ui/ux, branding, with practical exposure to typography and creativity. you'll work in an agile environment solving real business problems. 5+ years experience preferred.","UI/UX Designer exciting opportunity for a ui/ux designer at davis-lozano. must be proficient in communication, photoshop, figma, typography, creativity, ui/ux, branding, with practical exposure to typography and creativity. you'll work in an agile environment solving real business problems. 5+ years experience preferred. Communication Photoshop Figma Typography Creativity UI/UX Branding",0
JOB00270,Product Analyst,Business Analyst,Baird-Sanchez,Kolkata,Power BI; Excel; Tableau; Data Visualization; Agile,5-8 years,12-14,"Baird-Sanchez is hiring a Product Analyst for our Kolkata office. You will use Power BI, Excel, Tableau, Data Visualization, Agile daily and help scale our Data Visualization capabilities. We value strong fundamentals in Agile and a collaborative mindset. Minimum 5 years of experience in a similar role.","['Power BI', 'Excel', 'Tableau', 'Data Visualization', 'Agile']",Power BI Excel Tableau Data Visualization Agile,5.0,8.0,6.5,12.0,14.0,13.0,"baird-sanchez is hiring a product analyst for our kolkata office. you will use power bi, excel, tableau, data visualization, agile daily and help scale our data visualization capabilities. we value strong fundamentals in agile and a collaborative mindset. minimum 5 years of experience in a similar role.","Product Analyst baird-sanchez is hiring a product analyst for our kolkata office. you will use power bi, excel, tableau, data visualization, agile daily and help scale our data visualization capabilities. we value strong fundamentals in agile and a collaborative mindset. minimum 5 years of experience in a similar role. Power BI Excel Tableau Data Visualization Agile",9
JOB00285,Digital Marketing Executive,Digital Marketing,Garcia-Lozano,Remote,Marketing Strategy; Social Media; PPC; Email Marketing; Excel; Content Marketing,7-10 years,20-29,"We are looking for a Digital Marketing Executive to join our growing team. The ideal candidate has hands-on experience with Marketing Strategy, Social Media, PPC, Email Marketing, Excel, Content Marketing and can work independently on PPC-driven projects. Responsibilities include collaborating with cross-functional teams, contributing to Social Media initiatives, and driving continuous improvement. 7+ years of relevant experience required.","['Marketing Strategy', 'Social Media', 'PPC', 'Email Marketing', 'Excel', 'Content Marketing']",Marketing Strategy Social Media PPC Email Marketing Excel Content Marketing,7.0,10.0,8.5,20.0,29.0,24.5,"we are looking for a digital marketing executive to join our growing team. the ideal candidate has hands-on experience with marketing strategy, social media, ppc, email marketing, excel, content marketing and can work independently on ppc-driven projects. responsibilities include collaborating with cross-functional teams, contributing to social media initiatives, and driving continuous improvement. 7+ years of relevant experience required.","Digital Marketing Executive we are looking for a digital marketing executive to join our growing team. the ideal candidate has hands-on experience with marketing strategy, social media, ppc, email marketing, excel, content marketing and can work independently on ppc-driven projects. responsibilities include collaborating with cross-functional teams, contributing to social media initiatives, and driving continuous improvement. 7+ years of relevant experience required. Marketing Strategy Social Media PPC Email Marketing Excel Content Marketing",6
JOB00480,UI/UX Designer,Graphic Designer,Barnes PLC,Bengaluru,UI/UX; Branding; Figma; Creativity; Photoshop; InDesign,7-10 years,10-14,"Barnes PLC is hiring a UI/UX Designer for our Bengaluru office. You will use UI/UX, Branding, Figma, Creativity, Photoshop, InDesign daily and help scale our Photoshop capabilities. We value strong fundamentals in InDesign and a collaborative mindset. Minimum 7 years of experience in a similar role.","['UI/UX', 'Branding', 'Figma', 'Creativity', 'Photoshop', 'InDesign']",UI/UX Branding Figma Creativity Photoshop InDesign,7.0,10.0,8.5,10.0,14.0,12.0,"barnes plc is hiring a ui/ux designer for our bengaluru office. you will use ui/ux, branding, figma, creativity, photoshop, indesign daily and help scale our photoshop capabilities. we value strong fundamentals in indesign and a collaborative mindset. minimum 7 years of experience in a similar role.","UI/UX Designer barnes plc is hiring a ui/ux designer for our bengaluru office. you will use ui/ux, branding, figma, creativity, photoshop, indesign daily and help scale our photoshop capabilities. we value strong fundamentals in indesign and a collaborative mindset. minimum 7 years of experience in a similar role. UI/UX Branding Figma Creativity Photoshop InDesign",0
JOB00007,Data Analyst,Data Science,Blake and Sons,Noida,Machine Learning; Pandas; A/B Testing; Python; Data Visualization; Scikit-learn,0-3 years,7-16,"We are looking for a Data Analyst to join our growing team. The ideal candidate has hands-on experience with Machine Learning, Pandas, A/B Testing, Python, Data Visualization, Scikit-learn and can work independently on A/B Testing-driven projects. Responsibilities include collaborating with cross-functional teams, contributing to Scikit-learn initiatives, and driving continuous improvement. 0+ years of relevant experience required.","['Machine Learning', 'Pandas', 'A/B Testing', 'Python', 'Data Visualization', 'Scikit-learn']",Machine Learning Pandas A/B Testing Python Data Visualization Scikit-learn,0.0,3.0,1.5,7.0,16.0,11.5,"we are looking for a data analyst to join our growing team. the ideal candidate has hands-on experience with machine learning, pandas, a/b testing, python, data visualization, scikit-learn and can work independently on a/b testing-driven projects. responsibilities include collaborating with cross-functional teams, contributing to scikit-learn initiatives, and driving continuous improvement. 0+ years of relevant experience required.","Data Analyst we are looking for a data analyst to join our growing team. the ideal candidate has hands-on experience with machine learning, pandas, a/b testing, python, data visualization, scikit-learn and can work independently on a/b testing-driven projects. responsibilities include collaborating with cross-functional teams, contributing to scikit-learn initiatives, and driving continuous improvement. 0+ years of relevant experience required. Machine Learning Pandas A/B Testing Python Data Visualization Scikit-learn",13
JOB00016,Data Analyst,Data Science,Galloway-Wyatt,Pune,SQL; NumPy; Pandas; Data Visualization; Python; Scikit-learn; Tableau,0-3 years,10-15,"Exciting opportunity for a Data Analyst at Galloway-Wyatt. Must be proficient in SQL, NumPy, Pandas, Data Visualization, Python, Scikit-learn, Tableau, with practical exposure to NumPy and Data Visualization. You'll work in an agile environment solving real business problems. 0+ years experience preferred.","['SQL', 'NumPy', 'Pandas', 'Data Visualization', 'Python', 'Scikit-learn', 'Tableau']",SQL NumPy Pandas Data Visualization Python Scikit-learn Tableau,0.0,3.0,1.5,10.0,15.0,12.5,"exciting opportunity for a data analyst at galloway-wyatt. must be proficient in sql, numpy, pandas, data visualization, python, scikit-learn, tableau, with practical exposure to numpy and data visualization. you'll work in an agile environment solving real business problems. 0+ years experience preferred.","Data Analyst exciting opportunity for a data analyst at galloway-wyatt. must be proficient in sql, numpy, pandas, data visualization, python, scikit-learn, tableau, with practical exposure to numpy and data visualization. you'll work in an agile environment solving real business problems. 0+ years experience preferred. SQL NumPy Pandas Data Visualization Python Scikit-learn Tableau",13
JOB00290,Digital Marketing Executive,Digital Marketing,"James, Stewart and Higgins",Hyderabad,Content Marketing; SEO; Social Media; Google Analytics; Marketing Strategy,2-5 years,6-8,"James, Stewart and Higgins is hiring a Digital Marketing Executive for our Hyderabad office. You will use Content Marketing, SEO, Social Media, Google Analytics, Marketing Strategy daily and help scale our Google Analytics capabilities. We value strong fundamentals in Content Marketing and a collaborative mindset. Minimum 2 years of experience in a similar role.","['Content Marketing', 'SEO', 'Social Media', 'Google Analytics', 'Marketing Strategy']",Content Marketing SEO Social Media Google Analytics Marketing Strategy,2.0,5.0,3.5,6.0,8.0,7.0,"james, stewart and higgins is hiring a digital marketing executive for our hyderabad office. you will use content marketing, seo, social media, google analytics, marketing strategy daily and help scale our google analytics capabilities. we value strong fundamentals in content marketing and a collaborative mindset. minimum 2 years of experience in a similar role.","Digital Marketing Executive james, stewart and higgins is hiring a digital marketing executive for our hyderabad office. you will use content marketing, seo, social media, google analytics, marketing strategy daily and help scale our google analytics capabilities. we value strong fundamentals in content marketing and a collaborative mindset. minimum 2 years of experience in a similar role. Content Marketing SEO Social Media Google Analytics Marketing Strategy",6
JOB00499,Wellness Coach,Health and Fitness,"Kennedy, Johnson and Lucas",Delhi NCR,Communication; CPR Certified; First Aid; Nutrition Planning; Client Assessment; Exercise Physiology; Program Design,7-10 years,19-27,"Exciting opportunity for a Wellness Coach at Kennedy, Johnson and Lucas. Must be proficient in Communication, CPR Certified, First Aid, Nutrition Planning, Client Assessment, Exercise Physiology, Program Design, with practical exposure to Communication and First Aid. You'll work in an agile environment solving real business problems. 7+ years experience preferred.","['Communication', 'CPR Certified', 'First Aid', 'Nutrition Planning', 'Client Assessment', 'Exercise Physiology', 'Program Design']",Communication CPR Certified First Aid Nutrition Planning Client Assessment Exercise Physiology Program Design,7.0,10.0,8.5,19.0,27.0,23.0,"exciting opportunity for a wellness coach at kennedy, johnson and lucas. must be proficient in communication, cpr certified, first aid, nutrition planning, client assessment, exercise physiology, program design, with practical exposure to communication and first aid. you'll work in an agile environment solving real business problems. 7+ years experience preferred.","Wellness Coach exciting opportunity for a wellness coach at kennedy, johnson and lucas. must be proficient in communication, cpr certified, first aid, nutrition planning, client assessment, exercise physiology, program design, with practical exposure to communication and first aid. you'll work in an agile environment solving real business problems. 7+ years experience preferred. Communication CPR Certified First Aid Nutrition Planning Client Assessment Exercise Physiology Program Design",5
JOB00360,Business Development Executive,Sales,Boone-Simmons,Delhi NCR,Cold Calling; CRM; Lead Generation; Client Relationship Management; Communication; Negotiation; Excel,0-3 years,13-16,"Boone-Simmons is hiring a Business Development Executive for our Delhi NCR office. You will use Cold Calling, CRM, Lead Generation, Client Relationship Management, Communication, Negotiation, Excel daily and help scale our Communication capabilities. We value strong fundamentals in Lead Generation and a collaborative mindset. Minimum 0 years of experience in a similar role.","['Cold Calling', 'CRM', 'Lead Generation', 'Client Relationship Management', 'Communication', 'Negotiation', 'Excel']",Cold Calling CRM Lead Generation Client Relationship Management Communication Negotiation Excel,0.0,3.0,1.5,13.0,16.0,14.5,"boone-simmons is hiring a business development executive for our delhi ncr office. you will use cold calling, crm, lead generation, client relationship management, communication, negotiation, excel daily and help scale our communication capabilities. we value strong fundamentals in lead generation and a collaborative mindset. minimum 0 years of experience in a similar role.","Business Development Executive boone-simmons is hiring a business development executive for our delhi ncr office. you will use cold calling, crm, lead generation, client relationship management, communication, negotiation, excel daily and help scale our communication capabilities. we value strong fundamentals in lead generation and a collaborative mindset. minimum 0 years of experience in a similar role. Cold Calling CRM Lead Generation Client Relationship Management Communication Negotiation Excel",3
JOB00215,Network Security Engineer,Network Security Engineer,"Washington, Hardy and Bray",Pune,Firewalls; SIEM; Penetration Testing; Network Protocols,1-4 years,20-29,"We are looking for a Network Security Engineer to join our growing team. The ideal candidate has hands-on experience with Firewalls, SIEM, Penetration Testing, Network Protocols and can work independently on Firewalls-driven projects. Responsibilities include collaborating with cross-functional teams, contributing to SIEM initiatives, and driving continuous improvement. 1+ years of relevant experience required.","['Firewalls', 'SIEM', 'Penetration Testing', 'Network Protocols']",Firewalls SIEM Penetration Testing Network Protocols,1.0,4.0,2.5,20.0,29.0,24.5,"we are looking for a network security engineer to join our growing team. the ideal candidate has hands-on experience with firewalls, siem, penetration testing, network protocols and can work independently on firewalls-driven projects. responsibilities include collaborating with cross-functional teams, contributing to siem initiatives, and driving continuous improvement. 1+ years of relevant experience required.","Network Security Engineer we are looking for a network security engineer to join our growing team. the ideal candidate has hands-on experience with firewalls, siem, penetration testing, network protocols and can work independently on firewalls-driven projects. responsibilities include collaborating with cross-functional teams, contributing to siem initiatives, and driving continuous improvement. 1+ years of relevant experience required. Firewalls SIEM Penetration Testing Network Protocols",14
JOB00213,Cybersecurity Analyst,Network Security Engineer,Stewart Ltd,Chennai,Firewalls; Network Protocols; Penetration Testing; SIEM,1-4 years,20-22,"We are looking for a Cybersecurity Analyst to join our growing team. The ideal candidate has hands-on experience with Firewalls, Network Protocols, Penetration Testing, SIEM and can work independently on Penetration Testing-driven projects. Responsibilities include collaborating with cross-functional teams, contributing to Firewalls initiatives, and driving continuous improvement. 1+ years of relevant experience required.","['Firewalls', 'Network Protocols', 'Penetration Testing', 'SIEM']",Firewalls Network Protocols Penetration Testing SIEM,1.0,4.0,2.5,20.0,22.0,21.0,"we are looking for a cybersecurity analyst to join our growing team. the ideal candidate has hands-on experience with firewalls, network protocols, penetration testing, siem and can work independently on penetration testing-driven projects. responsibilities include collaborating with cross-functional teams, contributing to firewalls initiatives, and driving continuous improvement. 1+ years of relevant experience required.","Cybersecurity Analyst we are looking for a cybersecurity analyst to join our growing team. the ideal candidate has hands-on experience with firewalls, network protocols, penetration testing, siem and can work independently on penetration testing-driven projects. responsibilities include collaborating with cross-functional teams, contributing to firewalls initiatives, and driving continuous improvement. 1+ years of relevant experience required. Firewalls Network Protocols Penetration Testing SIEM",14
JOB00003,Data Scientist,Data Science,"Mcclain, Miller and Henderson",Mumbai,TensorFlow; Scikit-learn; Tableau; NumPy; Pandas,2-5 years,12-17,"Exciting opportunity for a Data Scientist at Mcclain, Miller and Henderson. Must be proficient in TensorFlow, Scikit-learn, Tableau, NumPy, Pandas, with practical exposure to Tableau and Scikit-learn. You'll work in an agile environment solving real business problems. 2+ years experience preferred.","['TensorFlow', 'Scikit-learn', 'Tableau', 'NumPy', 'Pandas']",TensorFlow Scikit-learn Tableau NumPy Pandas,2.0,5.0,3.5,12.0,17.0,14.5,"exciting opportunity for a data scientist at mcclain, miller and henderson. must be proficient in tensorflow, scikit-learn, tableau, numpy, pandas, with practical exposure to tableau and scikit-learn. you'll work in an agile environment solving real business problems. 2+ years experience preferred.","Data Scientist exciting opportunity for a data scientist at mcclain, miller and henderson. must be proficient in tensorflow, scikit-learn, tableau, numpy, pandas, with practical exposure to tableau and scikit-learn. you'll work in an agile environment solving real business problems. 2+ years experience preferred. TensorFlow Scikit-learn Tableau NumPy Pandas",13
JOB00043,Frontend Developer,Web Development,Rodriguez LLC,Noida,MongoDB; Node.js; JavaScript; Express.js; Git,0-3 years,16-20,"We are looking for a Frontend Developer to join our growing team. The ideal candidate has hands-on experience with MongoDB, Node.js, JavaScript, Express.js, Git and can work independently on Node.js-driven projects. Responsibilities include collaborating with cross-functional teams, contributing to JavaScript initiatives, and driving continuous improvement. 0+ years of relevant experience required.","['MongoDB', 'Node.js', 'JavaScript', 'Express.js', 'Git']",MongoDB Node.js JavaScript Express.js Git,0.0,3.0,1.5,16.0,20.0,18.0,"we are looking for a frontend developer to join our growing team. the ideal candidate has hands-on experience with mongodb, node.js, javascript, express.js, git and can work independently on node.js-driven projects. responsibilities include collaborating with cross-functional teams, contributing to javascript initiatives, and driving continuous improvement. 0+ years of relevant experience required.","Frontend Developer we are looking for a frontend developer to join our growing team. the ideal candidate has hands-on experience with mongodb, node.js, javascript, express.js, git and can work independently on node.js-driven projects. responsibilities include collaborating with cross-functional teams, contributing to javascript initiatives, and driving continuous improvement. 0+ years of relevant experience required. MongoDB Node.js JavaScript Express.js Git",2
JOB00130,Java Developer,Java Developer,Cortez LLC,Hyderabad,Maven; Multithreading; Hibernate; JUnit; Microservices,7-10 years,7-9,"Exciting opportunity for a Java Developer at Cortez LLC. Must be proficient in Maven, Multithreading, Hibernate, JUnit, Microservices, with practical exposure to Maven and Hibernate. You'll work in an agile environment solving real business problems. 7+ years experience preferred.","['Maven', 'Multithreading', 'Hibernate', 'JUnit', 'Microservices']",Maven Multithreading Hibernate JUnit Microservices,7.0,10.0,8.5,7.0,9.0,8.0,"exciting opportunity for a java developer at cortez llc. must be proficient in maven, multithreading, hibernate, junit, microservices, with practical exposure to maven and hibernate. you'll work in an agile environment solving real business problems. 7+ years experience preferred.","Java Developer exciting opportunity for a java developer at cortez llc. must be proficient in maven, multithreading, hibernate, junit, microservices, with practical exposure to maven and hibernate. you'll work in an agile environment solving real business problems. 7+ years experience preferred. Maven Multithreading Hibernate JUnit Microservices",12
JOB00306,Digital Marketing Executive,Digital Marketing,Bruce-Gonzalez,Delhi NCR,PPC; Copywriting; Excel; Marketing Strategy; Email Marketing; SEO; Content Marketing; Social Media,1-4 years,14-21,"Bruce-Gonzalez is hiring a Digital Marketing Executive for our Delhi NCR office. You will use PPC, Copywriting, Excel, Marketing Strategy, Email Marketing, SEO, Content Marketing, Social Media daily and help scale our Excel capabilities. We value strong fundamentals in Marketing Strategy and a collaborative mindset. Minimum 1 years of experience in a similar role.","['PPC', 'Copywriting', 'Excel', 'Marketing Strategy', 'Email Marketing', 'SEO', 'Content Marketing', 'Social Media']",PPC Copywriting Excel Marketing Strategy Email Marketing SEO Content Marketing Social Media,1.0,4.0,2.5,14.0,21.0,17.5,"bruce-gonzalez is hiring a digital marketing executive for our delhi ncr office. you will use ppc, copywriting, excel, marketing strategy, email marketing, seo, content marketing, social media daily and help scale our excel capabilities. we value strong fundamentals in marketing strategy and a collaborative mindset. minimum 1 years of experience in a similar role.","Digital Marketing Executive bruce-gonzalez is hiring a digital marketing executive for our delhi ncr office. you will use ppc, copywriting, excel, marketing strategy, email marketing, seo, content marketing, social media daily and help scale our excel capabilities. we value strong fundamentals in marketing strategy and a collaborative mindset. minimum 1 years of experience in a similar role. PPC Copywriting Excel Marketing Strategy Email Marketing SEO Content Marketing Social Media",6
JOB00050,Web Developer,Web Development,"Harris, Collins and Carney",Hyderabad,TypeScript; JavaScript; Node.js; CSS; Express.js; Responsive Design; React; MongoDB,5-8 years,19-22,"Exciting opportunity for a Web Developer at Harris, Collins and Carney. Must be proficient in TypeScript, JavaScript, Node.js, CSS, Express.js, Responsive Design, React, MongoDB, with practical exposure to Responsive Design and React. You'll work in an agile environment solving real business problems. 5+ years experience preferred.","['TypeScript', 'JavaScript', 'Node.js', 'CSS', 'Express.js', 'Responsive Design', 'React', 'MongoDB']",TypeScript JavaScript Node.js CSS Express.js Responsive Design React MongoDB,5.0,8.0,6.5,19.0,22.0,20.5,"exciting opportunity for a web developer at harris, collins and carney. must be proficient in typescript, javascript, node.js, css, express.js, responsive design, react, mongodb, with practical exposure to responsive design and react. you'll work in an agile environment solving real business problems. 5+ years experience preferred.","Web Developer exciting opportunity for a web developer at harris, collins and carney. must be proficient in typescript, javascript, node.js, css, express.js, responsive design, react, mongodb, with practical exposure to responsive design and react. you'll work in an agile environment solving real business problems. 5+ years experience preferred. TypeScript JavaScript Node.js CSS Express.js Responsive Design React MongoDB",2
JOB00504,Fitness Trainer,Health and Fitness,"Jimenez, Glass and Stone",Remote,Program Design; Exercise Physiology; Nutrition Planning; CPR Certified,7-10 years,9-17,"Exciting opportunity for a Fitness Trainer at Jimenez, Glass and Stone. Must be proficient in Program Design, Exercise Physiology, Nutrition Planning, CPR Certified, with practical exposure to Program Design and Exercise Physiology. You'll work in an agile environment solving real business problems. 7+ years experience preferred.","['Program Design', 'Exercise Physiology', 'Nutrition Planning', 'CPR Certified']",Program Design Exercise Physiology Nutrition Planning CPR Certified,7.0,10.0,8.5,9.0,17.0,13.0,"exciting opportunity for a fitness trainer at jimenez, glass and stone. must be proficient in program design, exercise physiology, nutrition planning, cpr certified, with practical exposure to program design and exercise physiology. you'll work in an agile environment solving real business problems. 7+ years experience preferred.","Fitness Trainer exciting opportunity for a fitness trainer at jimenez, glass and stone. must be proficient in program design, exercise physiology, nutrition planning, cpr certified, with practical exposure to program design and exercise physiology. you'll work in an agile environment solving real business problems. 7+ years experience preferred. Program Design Exercise Physiology Nutrition Planning CPR Certified",5
JOB00201,Site Reliability Engineer,DevOps Engineer,"Barnett, Rogers and Snyder",Chennai,Terraform; Git; Monitoring; Shell Scripting; Jenkins; AWS,7-10 years,13-20,"Barnett, Rogers and Snyder is hiring a Site Reliability Engineer for our Chennai office. You will use Terraform, Git, Monitoring, Shell Scripting, Jenkins, AWS daily and help scale our Shell Scripting capabilities. We value strong fundamentals in Terraform and a collaborative mindset. Minimum 7 years of experience in a similar role.","['Terraform', 'Git', 'Monitoring', 'Shell Scripting', 'Jenkins', 'AWS']",Terraform Git Monitoring Shell Scripting Jenkins AWS,7.0,10.0,8.5,13.0,20.0,16.5,"barnett, rogers and snyder is hiring a site reliability engineer for our chennai office. you will use terraform, git, monitoring, shell scripting, jenkins, aws daily and help scale our shell scripting capabilities. we value strong fundamentals in terraform and a collaborative mindset. minimum 7 years of experience in a similar role.","Site Reliability Engineer barnett, rogers and snyder is hiring a site reliability engineer for our chennai office. you will use terraform, git, monitoring, shell scripting, jenkins, aws daily and help scale our shell scripting capabilities. we value strong fundamentals in terraform and a collaborative mindset. minimum 7 years of experience in a similar role. Terraform Git Monitoring Shell Scripting Jenkins AWS",10
JOB00518,Nutrition Consultant,Health and Fitness,"Hernandez, Cole and Watson",Ahmedabad,Exercise Physiology; Communication; CPR Certified; Client Assessment; Program Design; Nutrition Planning,5-8 years,17-22,"Hernandez, Cole and Watson is hiring a Nutrition Consultant for our Ahmedabad office. You will use Exercise Physiology, Communication, CPR Certified, Client Assessment, Program Design, Nutrition Planning daily and help scale our Client Assessment capabilities. We value strong fundamentals in CPR Certified and a collaborative mindset. Minimum 5 years of experience in a similar role.","['Exercise Physiology', 'Communication', 'CPR Certified', 'Client Assessment', 'Program Design', 'Nutrition Planning']",Exercise Physiology Communication CPR Certified Client Assessment Program Design Nutrition Planning,5.0,8.0,6.5,17.0,22.0,19.5,"hernandez, cole and watson is hiring a nutrition consultant for our ahmedabad office. you will use exercise physiology, communication, cpr certified, client assessment, program design, nutrition planning daily and help scale our client assessment capabilities. we value strong fundamentals in cpr certified and a collaborative mindset. minimum 5 years of experience in a similar role.","Nutrition Consultant hernandez, cole and watson is hiring a nutrition consultant for our ahmedabad office. you will use exercise physiology, communication, cpr certified, client assessment, program design, nutrition planning daily and help scale our client assessment capabilities. we value strong fundamentals in cpr certified and a collaborative mindset. minimum 5 years of experience in a similar role. Exercise Physiology Communication CPR Certified Client Assessment Program Design Nutrition Planning",5
JOB00488,UI/UX Designer,Graphic Designer,Williams-Hughes,Bengaluru,UI/UX; Illustrator; Creativity; Branding; InDesign,0-3 years,9-11,"Williams-Hughes is hiring a UI/UX Designer for our Bengaluru office. You will use UI/UX, Illustrator, Creativity, Branding, InDesign daily and help scale our Branding capabilities. We value strong fundamentals in InDesign and a collaborative mindset. Minimum 0 years of experience in a similar role.","['UI/UX', 'Illustrator', 'Creativity', 'Branding', 'InDesign']",UI/UX Illustrator Creativity Branding InDesign,0.0,3.0,1.5,9.0,11.0,10.0,"williams-hughes is hiring a ui/ux designer for our bengaluru office. you will use ui/ux, illustrator, creativity, branding, indesign daily and help scale our branding capabilities. we value strong fundamentals in indesign and a collaborative mindset. minimum 0 years of experience in a similar role.","UI/UX Designer williams-hughes is hiring a ui/ux designer for our bengaluru office. you will use ui/ux, illustrator, creativity, branding, indesign daily and help scale our branding capabilities. we value strong fundamentals in indesign and a collaborative mindset. minimum 0 years of experience in a similar role. UI/UX Illustrator Creativity Branding InDesign",0
JOB00472,UI/UX Designer,Graphic Designer,Combs Ltd,Hyderabad,Figma; Branding; Photoshop; InDesign; Communication; Creativity; UI/UX; Illustrator,5-8 years,17-24,"We are looking for a UI/UX Designer to join our growing team. The ideal candidate has hands-on experience with Figma, Branding, Photoshop, InDesign, Communication, Creativity, UI/UX, Illustrator and can work independently on UI/UX-driven projects. Responsibilities include collaborating with cross-functional teams, contributing to Communication initiatives, and driving continuous improvement. 5+ years of relevant experience required.","['Figma', 'Branding', 'Photoshop', 'InDesign', 'Communication', 'Creativity', 'UI/UX', 'Illustrator']",Figma Branding Photoshop InDesign Communication Creativity UI/UX Illustrator,5.0,8.0,6.5,17.0,24.0,20.5,"we are looking for a ui/ux designer to join our growing team. the ideal candidate has hands-on experience with figma, branding, photoshop, indesign, communication, creativity, ui/ux, illustrator and can work independently on ui/ux-driven projects. responsibilities include collaborating with cross-functional teams, contributing to communication initiatives, and driving continuous improvement. 5+ years of relevant experience required.","UI/UX Designer we are looking for a ui/ux designer to join our growing team. the ideal candidate has hands-on experience with figma, branding, photoshop, indesign, communication, creativity, ui/ux, illustrator and can work independently on ui/ux-driven projects. responsibilities include collaborating with cross-functional teams, contributing to communication initiatives, and driving continuous improvement. 5+ years of relevant experience required. Figma Branding Photoshop InDesign Communication Creativity UI/UX Illustrator",0
JOB00496,Nutrition Consultant,Health and Fitness,Carter Inc,Mumbai,Exercise Physiology; Program Design; CPR Certified; Nutrition Planning; Client Assessment; First Aid; Communication,2-5 years,13-18,"Carter Inc is hiring a Nutrition Consultant for our Mumbai office. You will use Exercise Physiology, Program Design, CPR Certified, Nutrition Planning, Client Assessment, First Aid, Communication daily and help scale our CPR Certified capabilities. We value strong fundamentals in Program Design and a collaborative mindset. Minimum 2 years of experience in a similar role.","['Exercise Physiology', 'Program Design', 'CPR Certified', 'Nutrition Planning', 'Client Assessment', 'First Aid', 'Communication']",Exercise Physiology Program Design CPR Certified Nutrition Planning Client Assessment First Aid Communication,2.0,5.0,3.5,13.0,18.0,15.5,"carter inc is hiring a nutrition consultant for our mumbai office. you will use exercise physiology, program design, cpr certified, nutrition planning, client assessment, first aid, communication daily and help scale our cpr certified capabilities. we value strong fundamentals in program design and a collaborative mindset. minimum 2 years of experience in a similar role.","Nutrition Consultant carter inc is hiring a nutrition consultant for our mumbai office. you will use exercise physiology, program design, cpr certified, nutrition planning, client assessment, first aid, communication daily and help scale our cpr certified capabilities. we value strong fundamentals in program design and a collaborative mindset. minimum 2 years of experience in a similar role. Exercise Physiology Program Design CPR Certified Nutrition Planning Client Assessment First Aid Communication",5
JOB00142,Backend Python Engineer,Python Developer,Riggs PLC,Chennai,Python; Pandas; Unit Testing; Git; SQL,8-11 years,12-15,"We are looking for a Backend Python Engineer to join our growing team. The ideal candidate has hands-on experience with Python, Pandas, Unit Testing, Git, SQL and can work independently on Pandas-driven projects. Responsibilities include collaborating with cross-functional teams, contributing to Git initiatives, and driving continuous improvement. 8+ years of relevant experience required.","['Python', 'Pandas', 'Unit Testing', 'Git', 'SQL']",Python Pandas Unit Testing Git SQL,8.0,11.0,9.5,12.0,15.0,13.5,"we are looking for a backend python engineer to join our growing team. the ideal candidate has hands-on experience with python, pandas, unit testing, git, sql and can work independently on pandas-driven projects. responsibilities include collaborating with cross-functional teams, contributing to git initiatives, and driving continuous improvement. 8+ years of relevant experience required.","Backend Python Engineer we are looking for a backend python engineer to join our growing team. the ideal candidate has hands-on experience with python, pandas, unit testing, git, sql and can work independently on pandas-driven projects. responsibilities include collaborating with cross-functional teams, contributing to git initiatives, and driving continuous improvement. 8+ years of relevant experience required. Python Pandas Unit Testing Git SQL",7
JOB00132,Java Developer,Java Developer,Spencer-Lee,Hyderabad,Hibernate; Git; REST API; Spring Boot; JUnit; SQL; Java,7-10 years,15-18,"Spencer-Lee is hiring a Java Developer for our Hyderabad office. You will use Hibernate, Git, REST API, Spring Boot, JUnit, SQL, Java daily and help scale our Git capabilities. We value strong fundamentals in Hibernate and a collaborative mindset. Minimum 7 years of experience in a similar role.","['Hibernate', 'Git', 'REST API', 'Spring Boot', 'JUnit', 'SQL', 'Java']",Hibernate Git REST API Spring Boot JUnit SQL Java,7.0,10.0,8.5,15.0,18.0,16.5,"spencer-lee is hiring a java developer for our hyderabad office. you will use hibernate, git, rest api, spring boot, junit, sql, java daily and help scale our git capabilities. we value strong fundamentals in hibernate and a collaborative mindset. minimum 7 years of experience in a similar role.","Java Developer spencer-lee is hiring a java developer for our hyderabad office. you will use hibernate, git, rest api, spring boot, junit, sql, java daily and help scale our git capabilities. we value strong fundamentals in hibernate and a collaborative mindset. minimum 7 years of experience in a similar role. Hibernate Git REST API Spring Boot JUnit SQL Java",12
JOB00463,UI/UX Designer,Graphic Designer,"Taylor, Wright and Davidson",Delhi NCR,Communication; InDesign; UI/UX; Illustrator; Creativity; Photoshop; Branding; Typography,1-4 years,20-29,"We are looking for a UI/UX Designer to join our growing team. The ideal candidate has hands-on experience with Communication, InDesign, UI/UX, Illustrator, Creativity, Photoshop, Branding, Typography and can work independently on Creativity-driven projects. Responsibilities include collaborating with cross-functional teams, contributing to InDesign initiatives, and driving continuous improvement. 1+ years of relevant experience required.","['Communication', 'InDesign', 'UI/UX', 'Illustrator', 'Creativity', 'Photoshop', 'Branding', 'Typography']",Communication InDesign UI/UX Illustrator Creativity Photoshop Branding Typography,1.0,4.0,2.5,20.0,29.0,24.5,"we are looking for a ui/ux designer to join our growing team. the ideal candidate has hands-on experience with communication, indesign, ui/ux, illustrator, creativity, photoshop, branding, typography and can work independently on creativity-driven projects. responsibilities include collaborating with cross-functional teams, contributing to indesign initiatives, and driving continuous improvement. 1+ years of relevant experience required.","UI/UX Designer we are looking for a ui/ux designer to join our growing team. the ideal candidate has hands-on experience with communication, indesign, ui/ux, illustrator, creativity, photoshop, branding, typography and can work independently on creativity-driven projects. responsibilities include collaborating with cross-functional teams, contributing to indesign initiatives, and driving continuous improvement. 1+ years of relevant experience required. Communication InDesign UI/UX Illustrator Creativity Photoshop Branding Typography",0
JOB00262,Business Analyst,Business Analyst,"Anderson, Roberts and Gilmore",Chennai,Data Visualization; Agile; Stakeholder Management; Excel; Tableau; Power BI; Requirements Gathering; SQL,7-10 years,7-14,"Exciting opportunity for a Business Analyst at Anderson, Roberts and Gilmore. Must be proficient in Data Visualization, Agile, Stakeholder Management, Excel, Tableau, Power BI, Requirements Gathering, SQL, with practical exposure to Stakeholder Management and SQL. You'll work in an agile environment solving real business problems. 7+ years experience preferred.","['Data Visualization', 'Agile', 'Stakeholder Management', 'Excel', 'Tableau', 'Power BI', 'Requirements Gathering', 'SQL']",Data Visualization Agile Stakeholder Management Excel Tableau Power BI Requirements Gathering SQL,7.0,10.0,8.5,7.0,14.0,10.5,"exciting opportunity for a business analyst at anderson, roberts and gilmore. must be proficient in data visualization, agile, stakeholder management, excel, tableau, power bi, requirements gathering, sql, with practical exposure to stakeholder management and sql. you'll work in an agile environment solving real business problems. 7+ years experience preferred.","Business Analyst exciting opportunity for a business analyst at anderson, roberts and gilmore. must be proficient in data visualization, agile, stakeholder management, excel, tableau, power bi, requirements gathering, sql, with practical exposure to stakeholder management and sql. you'll work in an agile environment solving real business problems. 7+ years experience preferred. Data Visualization Agile Stakeholder Management Excel Tableau Power BI Requirements Gathering SQL",9
JOB00505,Nutrition Consultant,Health and Fitness,Acosta Inc,Pune,Client Assessment; Exercise Physiology; Program Design; CPR Certified,7-10 years,7-11,"We are looking for a Nutrition Consultant to join our growing team. The ideal candidate has hands-on experience with Client Assessment, Exercise Physiology, Program Design, CPR Certified and can work independently on CPR Certified-driven projects. Responsibilities include collaborating with cross-functional teams, contributing to Program Design initiatives, and driving continuous improvement. 7+ years of relevant experience required.","['Client Assessment', 'Exercise Physiology', 'Program Design', 'CPR Certified']",Client Assessment Exercise Physiology Program Design CPR Certified,7.0,10.0,8.5,7.0,11.0,9.0,"we are looking for a nutrition consultant to join our growing team. the ideal candidate has hands-on experience with client assessment, exercise physiology, program design, cpr certified and can work independently on cpr certified-driven projects. responsibilities include collaborating with cross-functional teams, contributing to program design initiatives, and driving continuous improvement. 7+ years of relevant experience required.","Nutrition Consultant we are looking for a nutrition consultant to join our growing team. the ideal candidate has hands-on experience with client assessment, exercise physiology, program design, cpr certified and can work independently on cpr certified-driven projects. responsibilities include collaborating with cross-functional teams, contributing to program design initiatives, and driving continuous improvement. 7+ years of relevant experience required. Client Assessment Exercise Physiology Program Design CPR Certified",5
JOB00020,Data Scientist,Data Science,"Reid, Ferguson and Sanchez",Mumbai,SQL; Excel; NumPy; TensorFlow; Statistics,1-4 years,16-23,"We are looking for a Data Scientist to join our growing team. The ideal candidate has hands-on experience with SQL, Excel, NumPy, TensorFlow, Statistics and can work independently on Excel-driven projects. Responsibilities include collaborating with cross-functional teams, contributing to Statistics initiatives, and driving continuous improvement. 1+ years of relevant experience required.","['SQL', 'Excel', 'NumPy', 'TensorFlow', 'Statistics']",SQL Excel NumPy TensorFlow Statistics,1.0,4.0,2.5,16.0,23.0,19.5,"we are looking for a data scientist to join our growing team. the ideal candidate has hands-on experience with sql, excel, numpy, tensorflow, statistics and can work independently on excel-driven projects. responsibilities include collaborating with cross-functional teams, contributing to statistics initiatives, and driving continuous improvement. 1+ years of relevant experience required.","Data Scientist we are looking for a data scientist to join our growing team. the ideal candidate has hands-on experience with sql, excel, numpy, tensorflow, statistics and can work independently on excel-driven projects. responsibilities include collaborating with cross-functional teams, contributing to statistics initiatives, and driving continuous improvement. 1+ years of relevant experience required. SQL Excel NumPy TensorFlow Statistics",13
JOB00111,Backend Java Engineer,Java Developer,Patton-Jenkins,Pune,REST API; Spring Boot; Multithreading; Git; JUnit,6-9 years,8-13,"We are looking for a Backend Java Engineer to join our growing team. The ideal candidate has hands-on experience with REST API, Spring Boot, Multithreading, Git, JUnit and can work independently on REST API-driven projects. Responsibilities include collaborating with cross-functional teams, contributing to Spring Boot initiatives, and driving continuous improvement. 6+ years of relevant experience required.","['REST API', 'Spring Boot', 'Multithreading', 'Git', 'JUnit']",REST API Spring Boot Multithreading Git JUnit,6.0,9.0,7.5,8.0,13.0,10.5,"we are looking for a backend java engineer to join our growing team. the ideal candidate has hands-on experience with rest api, spring boot, multithreading, git, junit and can work independently on rest api-driven projects. responsibilities include collaborating with cross-functional teams, contributing to spring boot initiatives, and driving continuous improvement. 6+ years of relevant experience required.","Backend Java Engineer we are looking for a backend java engineer to join our growing team. the ideal candidate has hands-on experience with rest api, spring boot, multithreading, git, junit and can work independently on rest api-driven projects. responsibilities include collaborating with cross-functional teams, contributing to spring boot initiatives, and driving continuous improvement. 6+ years of relevant experience required. REST API Spring Boot Multithreading Git JUnit",12
JOB00168,Backend Python Engineer,Python Developer,Johnson-Rogers,Noida,Celery; Pandas; SQL; REST API; Docker,3-6 years,16-20,"We are looking for a Backend Python Engineer to join our growing team. The ideal candidate has hands-on experience with Celery, Pandas, SQL, REST API, Docker and can work independently on Celery-driven projects. Responsibilities include collaborating with cross-functional teams, contributing to REST API initiatives, and driving continuous improvement. 3+ years of relevant experience required.","['Celery', 'Pandas', 'SQL', 'REST API', 'Docker']",Celery Pandas SQL REST API Docker,3.0,6.0,4.5,16.0,20.0,18.0,"we are looking for a backend python engineer to join our growing team. the ideal candidate has hands-on experience with celery, pandas, sql, rest api, docker and can work independently on celery-driven projects. responsibilities include collaborating with cross-functional teams, contributing to rest api initiatives, and driving continuous improvement. 3+ years of relevant experience required.","Backend Python Engineer we are looking for a backend python engineer to join our growing team. the ideal candidate has hands-on experience with celery, pandas, sql, rest api, docker and can work independently on celery-driven projects. responsibilities include collaborating with cross-functional teams, contributing to rest api initiatives, and driving continuous improvement. 3+ years of relevant experience required. Celery Pandas SQL REST API Docker",7
JOB00099,Android Developer,Android Development,Williams-Cook,Mumbai,MVVM; Firebase; REST API; Git; Java; Android SDK; Jetpack Compose,5-8 years,6-10,"We are looking for a Android Developer to join our growing team. The ideal candidate has hands-on experience with MVVM, Firebase, REST API, Git, Java, Android SDK, Jetpack Compose and can work independently on MVVM-driven projects. Responsibilities include collaborating with cross-functional teams, contributing to Android SDK initiatives, and driving continuous improvement. 5+ years of relevant experience required.","['MVVM', 'Firebase', 'REST API', 'Git', 'Java', 'Android SDK', 'Jetpack Compose']",MVVM Firebase REST API Git Java Android SDK Jetpack Compose,5.0,8.0,6.5,6.0,10.0,8.0,"we are looking for a android developer to join our growing team. the ideal candidate has hands-on experience with mvvm, firebase, rest api, git, java, android sdk, jetpack compose and can work independently on mvvm-driven projects. responsibilities include collaborating with cross-functional teams, contributing to android sdk initiatives, and driving continuous improvement. 5+ years of relevant experience required.","Android Developer we are looking for a android developer to join our growing team. the ideal candidate has hands-on experience with mvvm, firebase, rest api, git, java, android sdk, jetpack compose and can work independently on mvvm-driven projects. responsibilities include collaborating with cross-functional teams, contributing to android sdk initiatives, and driving continuous improvement. 5+ years of relevant experience required. MVVM Firebase REST API Git Java Android SDK Jetpack Compose",4
JOB00493,Nutrition Consultant,Health and Fitness,Li-Thompson,Pune,Communication; Client Assessment; CPR Certified; Exercise Physiology; Program Design,2-5 years,7-17,"Li-Thompson is hiring a Nutrition Consultant for our Pune office. You will use Communication, Client Assessment, CPR Certified, Exercise Physiology, Program Design daily and help scale our Exercise Physiology capabilities. We value strong fundamentals in Communication and a collaborative mindset. Minimum 2 years of experience in a similar role.","['Communication', 'Client Assessment', 'CPR Certified', 'Exercise Physiology', 'Program Design']",Communication Client Assessment CPR Certified Exercise Physiology Program Design,2.0,5.0,3.5,7.0,17.0,12.0,"li-thompson is hiring a nutrition consultant for our pune office. you will use communication, client assessment, cpr certified, exercise physiology, program design daily and help scale our exercise physiology capabilities. we value strong fundamentals in communication and a collaborative mindset. minimum 2 years of experience in a similar role.","Nutrition Consultant li-thompson is hiring a nutrition consultant for our pune office. you will use communication, client assessment, cpr certified, exercise physiology, program design daily and help scale our exercise physiology capabilities. we value strong fundamentals in communication and a collaborative mindset. minimum 2 years of experience in a similar role. Communication Client Assessment CPR Certified Exercise Physiology Program Design",5
JOB00492,Nutrition Consultant,Health and Fitness,Anderson-Bell,Remote,Client Assessment; First Aid; Nutrition Planning; CPR Certified; Communication; Exercise Physiology; Program Design,7-10 years,5-12,"We are looking for a Nutrition Consultant to join our growing team. The ideal candidate has hands-on experience with Client Assessment, First Aid, Nutrition Planning, CPR Certified, Communication, Exercise Physiology, Program Design and can work independently on Program Design-driven projects. Responsibilities include collaborating with cross-functional teams, contributing to Exercise Physiology initiatives, and driving continuous improvement. 7+ years of relevant experience required.","['Client Assessment', 'First Aid', 'Nutrition Planning', 'CPR Certified', 'Communication', 'Exercise Physiology', 'Program Design']",Client Assessment First Aid Nutrition Planning CPR Certified Communication Exercise Physiology Program Design,7.0,10.0,8.5,5.0,12.0,8.5,"we are looking for a nutrition consultant to join our growing team. the ideal candidate has hands-on experience with client assessment, first aid, nutrition planning, cpr certified, communication, exercise physiology, program design and can work independently on program design-driven projects. responsibilities include collaborating with cross-functional teams, contributing to exercise physiology initiatives, and driving continuous improvement. 7+ years of relevant experience required.","Nutrition Consultant we are looking for a nutrition consultant to join our growing team. the ideal candidate has hands-on experience with client assessment, first aid, nutrition planning, cpr certified, communication, exercise physiology, program design and can work independently on program design-driven projects. responsibilities include collaborating with cross-functional teams, contributing to exercise physiology initiatives, and driving continuous improvement. 7+ years of relevant experience required. Client Assessment First Aid Nutrition Planning CPR Certified Communication Exercise Physiology Program Design",5
JOB00341,Talent Acquisition Specialist,HR,Garcia-Jennings,Noida,Communication; Excel; Conflict Resolution; HRIS; Employee Engagement; Payroll,4-7 years,8-18,"We are looking for a Talent Acquisition Specialist to join our growing team. The ideal candidate has hands-on experience with Communication, Excel, Conflict Resolution, HRIS, Employee Engagement, Payroll and can work independently on Employee Engagement-driven projects. Responsibilities include collaborating with cross-functional teams, contributing to Communication initiatives, and driving continuous improvement. 4+ years of relevant experience required.","['Communication', 'Excel', 'Conflict Resolution', 'HRIS', 'Employee Engagement', 'Payroll']",Communication Excel Conflict Resolution HRIS Employee Engagement Payroll,4.0,7.0,5.5,8.0,18.0,13.0,"we are looking for a talent acquisition specialist to join our growing team. the ideal candidate has hands-on experience with communication, excel, conflict resolution, hris, employee engagement, payroll and can work independently on employee engagement-driven projects. responsibilities include collaborating with cross-functional teams, contributing to communication initiatives, and driving continuous improvement. 4+ years of relevant experience required.","Talent Acquisition Specialist we are looking for a talent acquisition specialist to join our growing team. the ideal candidate has hands-on experience with communication, excel, conflict resolution, hris, employee engagement, payroll and can work independently on employee engagement-driven projects. responsibilities include collaborating with cross-functional teams, contributing to communication initiatives, and driving continuous improvement. 4+ years of relevant experience required. Communication Excel Conflict Resolution HRIS Employee Engagement Payroll",1
JOB00244,Network Security Engineer,Network Security Engineer,Lyons-Bender,Remote,IDS/IPS; Firewalls; Risk Assessment; Python,5-8 years,6-12,"Exciting opportunity for a Network Security Engineer at Lyons-Bender. Must be proficient in IDS/IPS, Firewalls, Risk Assessment, Python, with practical exposure to Python and IDS/IPS. You'll work in an agile environment solving real business problems. 5+ years experience preferred.","['IDS/IPS', 'Firewalls', 'Risk Assessment', 'Python']",IDS/IPS Firewalls Risk Assessment Python,5.0,8.0,6.5,6.0,12.0,9.0,"exciting opportunity for a network security engineer at lyons-bender. must be proficient in ids/ips, firewalls, risk assessment, python, with practical exposure to python and ids/ips. you'll work in an agile environment solving real business problems. 5+ years experience preferred.","Network Security Engineer exciting opportunity for a network security engineer at lyons-bender. must be proficient in ids/ips, firewalls, risk assessment, python, with practical exposure to python and ids/ips. you'll work in an agile environment solving real business problems. 5+ years experience preferred. IDS/IPS Firewalls Risk Assessment Python",14
JOB00076,Android Developer,Android Development,"Daniels, Adkins and Brown",Pune,Android SDK; MVVM; SQLite; Java,5-8 years,16-26,"Exciting opportunity for a Android Developer at Daniels, Adkins and Brown. Must be proficient in Android SDK, MVVM, SQLite, Java, with practical exposure to SQLite and MVVM. You'll work in an agile environment solving real business problems. 5+ years experience preferred.","['Android SDK', 'MVVM', 'SQLite', 'Java']",Android SDK MVVM SQLite Java,5.0,8.0,6.5,16.0,26.0,21.0,"exciting opportunity for a android developer at daniels, adkins and brown. must be proficient in android sdk, mvvm, sqlite, java, with practical exposure to sqlite and mvvm. you'll work in an agile environment solving real business problems. 5+ years experience preferred.","Android Developer exciting opportunity for a android developer at daniels, adkins and brown. must be proficient in android sdk, mvvm, sqlite, java, with practical exposure to sqlite and mvvm. you'll work in an agile environment solving real business problems. 5+ years experience preferred. Android SDK MVVM SQLite Java",4
JOB00369,Business Development Executive,Sales,Perry-Davis,Hyderabad,Excel; Negotiation; Lead Generation; Cold Calling; CRM; Client Relationship Management; Sales Strategy; Communication,4-7 years,15-17,"We are looking for a Business Development Executive to join our growing team. The ideal candidate has hands-on experience with Excel, Negotiation, Lead Generation, Cold Calling, CRM, Client Relationship Management, Sales Strategy, Communication and can work independently on CRM-driven projects. Responsibilities include collaborating with cross-functional teams, contributing to Negotiation initiatives, and driving continuous improvement. 4+ years of relevant experience required.","['Excel', 'Negotiation', 'Lead Generation', 'Cold Calling', 'CRM', 'Client Relationship Management', 'Sales Strategy', 'Communication']",Excel Negotiation Lead Generation Cold Calling CRM Client Relationship Management Sales Strategy Communication,4.0,7.0,5.5,15.0,17.0,16.0,"we are looking for a business development executive to join our growing team. the ideal candidate has hands-on experience with excel, negotiation, lead generation, cold calling, crm, client relationship management, sales strategy, communication and can work independently on crm-driven projects. responsibilities include collaborating with cross-functional teams, contributing to negotiation initiatives, and driving continuous improvement. 4+ years of relevant experience required.","Business Development Executive we are looking for a business development executive to join our growing team. the ideal candidate has hands-on experience with excel, negotiation, lead generation, cold calling, crm, client relationship management, sales strategy, communication and can work independently on crm-driven projects. responsibilities include collaborating with cross-functional teams, contributing to negotiation initiatives, and driving continuous improvement. 4+ years of relevant experience required. Excel Negotiation Lead Generation Cold Calling CRM Client Relationship Management Sales Strategy Communication",3
JOB00248,Product Analyst,Business Analyst,"Matthews, Smith and Hubbard",Noida,Tableau; Power BI; SQL; Communication; Requirements Gathering; Data Visualization; Agile; Excel,5-8 years,15-24,"Exciting opportunity for a Product Analyst at Matthews, Smith and Hubbard. Must be proficient in Tableau, Power BI, SQL, Communication, Requirements Gathering, Data Visualization, Agile, Excel, with practical exposure to Data Visualization and Communication. You'll work in an agile environment solving real business problems. 5+ years experience preferred.","['Tableau', 'Power BI', 'SQL', 'Communication', 'Requirements Gathering', 'Data Visualization', 'Agile', 'Excel']",Tableau Power BI SQL Communication Requirements Gathering Data Visualization Agile Excel,5.0,8.0,6.5,15.0,24.0,19.5,"exciting opportunity for a product analyst at matthews, smith and hubbard. must be proficient in tableau, power bi, sql, communication, requirements gathering, data visualization, agile, excel, with practical exposure to data visualization and communication. you'll work in an agile environment solving real business problems. 5+ years experience preferred.","Product Analyst exciting opportunity for a product analyst at matthews, smith and hubbard. must be proficient in tableau, power bi, sql, communication, requirements gathering, data visualization, agile, excel, with practical exposure to data visualization and communication. you'll work in an agile environment solving real business problems. 5+ years experience preferred. Tableau Power BI SQL Communication Requirements Gathering Data Visualization Agile Excel",9
JOB00391,Mechanical Design Engineer,Mechanical Engineer,Frank-Bradley,Delhi NCR,Thermodynamics; SolidWorks; Manufacturing; Project Management,4-7 years,20-23,"Frank-Bradley is hiring a Mechanical Design Engineer for our Delhi NCR office. You will use Thermodynamics, SolidWorks, Manufacturing, Project Management daily and help scale our Thermodynamics capabilities. We value strong fundamentals in Manufacturing and a collaborative mindset. Minimum 4 years of experience in a similar role.","['Thermodynamics', 'SolidWorks', 'Manufacturing', 'Project Management']",Thermodynamics SolidWorks Manufacturing Project Management,4.0,7.0,5.5,20.0,23.0,21.5,"frank-bradley is hiring a mechanical design engineer for our delhi ncr office. you will use thermodynamics, solidworks, manufacturing, project management daily and help scale our thermodynamics capabilities. we value strong fundamentals in manufacturing and a collaborative mindset. minimum 4 years of experience in a similar role.","Mechanical Design Engineer frank-bradley is hiring a mechanical design engineer for our delhi ncr office. you will use thermodynamics, solidworks, manufacturing, project management daily and help scale our thermodynamics capabilities. we value strong fundamentals in manufacturing and a collaborative mindset. minimum 4 years of experience in a similar role. Thermodynamics SolidWorks Manufacturing Project Management",8
JOB00234,Network Security Engineer,Network Security Engineer,Arnold and Sons,Bengaluru,Firewalls; Linux; Cryptography; Vulnerability Assessment; Network Protocols; IDS/IPS; Risk Assessment; Python,3-6 years,9-15,"Arnold and Sons is hiring a Network Security Engineer for our Bengaluru office. You will use Firewalls, Linux, Cryptography, Vulnerability Assessment, Network Protocols, IDS/IPS, Risk Assessment, Python daily and help scale our Firewalls capabilities. We value strong fundamentals in Linux and a collaborative mindset. Minimum 3 years of experience in a similar role.","['Firewalls', 'Linux', 'Cryptography', 'Vulnerability Assessment', 'Network Protocols', 'IDS/IPS', 'Risk Assessment', 'Python']",Firewalls Linux Cryptography Vulnerability Assessment Network Protocols IDS/IPS Risk Assessment Python,3.0,6.0,4.5,9.0,15.0,12.0,"arnold and sons is hiring a network security engineer for our bengaluru office. you will use firewalls, linux, cryptography, vulnerability assessment, network protocols, ids/ips, risk assessment, python daily and help scale our firewalls capabilities. we value strong fundamentals in linux and a collaborative mindset. minimum 3 years of experience in a similar role.","Network Security Engineer arnold and sons is hiring a network security engineer for our bengaluru office. you will use firewalls, linux, cryptography, vulnerability assessment, network protocols, ids/ips, risk assessment, python daily and help scale our firewalls capabilities. we value strong fundamentals in linux and a collaborative mindset. minimum 3 years of experience in a similar role. Firewalls Linux Cryptography Vulnerability Assessment Network Protocols IDS/IPS Risk Assessment Python",14
JOB00014,Data Scientist,Data Science,"Mcclure, Ward and Lee",Bengaluru,Machine Learning; Tableau; SQL; Excel; A/B Testing; Python; TensorFlow,2-5 years,17-24,"We are looking for a Data Scientist to join our growing team. The ideal candidate has hands-on experience with Machine Learning, Tableau, SQL, Excel, A/B Testing, Python, TensorFlow and can work independently on A/B Testing-driven projects. Responsibilities include collaborating with cross-functional teams, contributing to TensorFlow initiatives, and driving continuous improvement. 2+ years of relevant experience required.","['Machine Learning', 'Tableau', 'SQL', 'Excel', 'A/B Testing', 'Python', 'TensorFlow']",Machine Learning Tableau SQL Excel A/B Testing Python TensorFlow,2.0,5.0,3.5,17.0,24.0,20.5,"we are looking for a data scientist to join our growing team. the ideal candidate has hands-on experience with machine learning, tableau, sql, excel, a/b testing, python, tensorflow and can work independently on a/b testing-driven projects. responsibilities include collaborating with cross-functional teams, contributing to tensorflow initiatives, and driving continuous improvement. 2+ years of relevant experience required.","Data Scientist we are looking for a data scientist to join our growing team. the ideal candidate has hands-on experience with machine learning, tableau, sql, excel, a/b testing, python, tensorflow and can work independently on a/b testing-driven projects. responsibilities include collaborating with cross-functional teams, contributing to tensorflow initiatives, and driving continuous improvement. 2+ years of relevant experience required. Machine Learning Tableau SQL Excel A/B Testing Python TensorFlow",13
JOB00483,UI/UX Designer,Graphic Designer,"Andrews, Higgins and Carter",Noida,Branding; Communication; UI/UX; Typography; Illustrator; InDesign; Creativity,8-11 years,6-9,"We are looking for a UI/UX Designer to join our growing team. The ideal candidate has hands-on experience with Branding, Communication, UI/UX, Typography, Illustrator, InDesign, Creativity and can work independently on Creativity-driven projects. Responsibilities include collaborating with cross-functional teams, contributing to InDesign initiatives, and driving continuous improvement. 8+ years of relevant experience required.","['Branding', 'Communication', 'UI/UX', 'Typography', 'Illustrator', 'InDesign', 'Creativity']",Branding Communication UI/UX Typography Illustrator InDesign Creativity,8.0,11.0,9.5,6.0,9.0,7.5,"we are looking for a ui/ux designer to join our growing team. the ideal candidate has hands-on experience with branding, communication, ui/ux, typography, illustrator, indesign, creativity and can work independently on creativity-driven projects. responsibilities include collaborating with cross-functional teams, contributing to indesign initiatives, and driving continuous improvement. 8+ years of relevant experience required.","UI/UX Designer we are looking for a ui/ux designer to join our growing team. the ideal candidate has hands-on experience with branding, communication, ui/ux, typography, illustrator, indesign, creativity and can work independently on creativity-driven projects. responsibilities include collaborating with cross-functional teams, contributing to indesign initiatives, and driving continuous improvement. 8+ years of relevant experience required. Branding Communication UI/UX Typography Illustrator InDesign Creativity",0
JOB00415,Manufacturing Engineer,Mechanical Engineer,Dixon Inc,Noida,Quality Control; AutoCAD; Six Sigma; MATLAB; Thermodynamics; Project Management; Manufacturing,3-6 years,15-18,"We are looking for a Manufacturing Engineer to join our growing team. The ideal candidate has hands-on experience with Quality Control, AutoCAD, Six Sigma, MATLAB, Thermodynamics, Project Management, Manufacturing and can work independently on AutoCAD-driven projects. Responsibilities include collaborating with cross-functional teams, contributing to Thermodynamics initiatives, and driving continuous improvement. 3+ years of relevant experience required.","['Quality Control', 'AutoCAD', 'Six Sigma', 'MATLAB', 'Thermodynamics', 'Project Management', 'Manufacturing']",Quality Control AutoCAD Six Sigma MATLAB Thermodynamics Project Management Manufacturing,3.0,6.0,4.5,15.0,18.0,16.5,"we are looking for a manufacturing engineer to join our growing team. the ideal candidate has hands-on experience with quality control, autocad, six sigma, matlab, thermodynamics, project management, manufacturing and can work independently on autocad-driven projects. responsibilities include collaborating with cross-functional teams, contributing to thermodynamics initiatives, and driving continuous improvement. 3+ years of relevant experience required.","Manufacturing Engineer we are looking for a manufacturing engineer to join our growing team. the ideal candidate has hands-on experience with quality control, autocad, six sigma, matlab, thermodynamics, project management, manufacturing and can work independently on autocad-driven projects. responsibilities include collaborating with cross-functional teams, contributing to thermodynamics initiatives, and driving continuous improvement. 3+ years of relevant experience required. Quality Control AutoCAD Six Sigma MATLAB Thermodynamics Project Management Manufacturing",8
JOB00351,Account Manager,Sales,Fernandez and Sons,Noida,Negotiation; Client Relationship Management; Communication; Cold Calling; Excel; Lead Generation,3-6 years,12-20,"We are looking for a Account Manager to join our growing team. The ideal candidate has hands-on experience with Negotiation, Client Relationship Management, Communication, Cold Calling, Excel, Lead Generation and can work independently on Excel-driven projects. Responsibilities include collaborating with cross-functional teams, contributing to Cold Calling initiatives, and driving continuous improvement. 3+ years of relevant experience required.","['Negotiation', 'Client Relationship Management', 'Communication', 'Cold Calling', 'Excel', 'Lead Generation']",Negotiation Client Relationship Management Communication Cold Calling Excel Lead Generation,3.0,6.0,4.5,12.0,20.0,16.0,"we are looking for a account manager to join our growing team. the ideal candidate has hands-on experience with negotiation, client relationship management, communication, cold calling, excel, lead generation and can work independently on excel-driven projects. responsibilities include collaborating with cross-functional teams, contributing to cold calling initiatives, and driving continuous improvement. 3+ years of relevant experience required.","Account Manager we are looking for a account manager to join our growing team. the ideal candidate has hands-on experience with negotiation, client relationship management, communication, cold calling, excel, lead generation and can work independently on excel-driven projects. responsibilities include collaborating with cross-functional teams, contributing to cold calling initiatives, and driving continuous improvement. 3+ years of relevant experience required. Negotiation Client Relationship Management Communication Cold Calling Excel Lead Generation",3
JOB00053,Web Developer,Web Development,Chapman and Sons,Bengaluru,TypeScript; MongoDB; REST API; JavaScript; Responsive Design,5-8 years,11-18,"We are looking for a Web Developer to join our growing team. The ideal candidate has hands-on experience with TypeScript, MongoDB, REST API, JavaScript, Responsive Design and can work independently on JavaScript-driven projects. Responsibilities include collaborating with cross-functional teams, contributing to REST API initiatives, and driving continuous improvement. 5+ years of relevant experience required.","['TypeScript', 'MongoDB', 'REST API', 'JavaScript', 'Responsive Design']",TypeScript MongoDB REST API JavaScript Responsive Design,5.0,8.0,6.5,11.0,18.0,14.5,"we are looking for a web developer to join our growing team. the ideal candidate has hands-on experience with typescript, mongodb, rest api, javascript, responsive design and can work independently on javascript-driven projects. responsibilities include collaborating with cross-functional teams, contributing to rest api initiatives, and driving continuous improvement. 5+ years of relevant experience required.","Web Developer we are looking for a web developer to join our growing team. the ideal candidate has hands-on experience with typescript, mongodb, rest api, javascript, responsive design and can work independently on javascript-driven projects. responsibilities include collaborating with cross-functional teams, contributing to rest api initiatives, and driving continuous improvement. 5+ years of relevant experience required. TypeScript MongoDB REST API JavaScript Responsive Design",2
JOB00322,HR Generalist,HR,Brock-Mcdonald,Hyderabad,Recruitment; Payroll; Onboarding; Performance Management; Conflict Resolution; Excel,2-5 years,15-24,"Brock-Mcdonald is hiring a HR Generalist for our Hyderabad office. You will use Recruitment, Payroll, Onboarding, Performance Management, Conflict Resolution, Excel daily and help scale our Performance Management capabilities. We value strong fundamentals in Excel and a collaborative mindset. Minimum 2 years of experience in a similar role.","['Recruitment', 'Payroll', 'Onboarding', 'Performance Management', 'Conflict Resolution', 'Excel']",Recruitment Payroll Onboarding Performance Management Conflict Resolution Excel,2.0,5.0,3.5,15.0,24.0,19.5,"brock-mcdonald is hiring a hr generalist for our hyderabad office. you will use recruitment, payroll, onboarding, performance management, conflict resolution, excel daily and help scale our performance management capabilities. we value strong fundamentals in excel and a collaborative mindset. minimum 2 years of experience in a similar role.","HR Generalist brock-mcdonald is hiring a hr generalist for our hyderabad office. you will use recruitment, payroll, onboarding, performance management, conflict resolution, excel daily and help scale our performance management capabilities. we value strong fundamentals in excel and a collaborative mindset. minimum 2 years of experience in a similar role. Recruitment Payroll Onboarding Performance Management Conflict Resolution Excel",1
JOB00225,Network Security Engineer,Network Security Engineer,Jones-Soto,Mumbai,SIEM; Cryptography; Linux; Firewalls; Network Protocols,0-3 years,15-23,"We are looking for a Network Security Engineer to join our growing team. The ideal candidate has hands-on experience with SIEM, Cryptography, Linux, Firewalls, Network Protocols and can work independently on SIEM-driven projects. Responsibilities include collaborating with cross-functional teams, contributing to Cryptography initiatives, and driving continuous improvement. 0+ years of relevant experience required.","['SIEM', 'Cryptography', 'Linux', 'Firewalls', 'Network Protocols']",SIEM Cryptography Linux Firewalls Network Protocols,0.0,3.0,1.5,15.0,23.0,19.0,"we are looking for a network security engineer to join our growing team. the ideal candidate has hands-on experience with siem, cryptography, linux, firewalls, network protocols and can work independently on siem-driven projects. responsibilities include collaborating with cross-functional teams, contributing to cryptography initiatives, and driving continuous improvement. 0+ years of relevant experience required.","Network Security Engineer we are looking for a network security engineer to join our growing team. the ideal candidate has hands-on experience with siem, cryptography, linux, firewalls, network protocols and can work independently on siem-driven projects. responsibilities include collaborating with cross-functional teams, contributing to cryptography initiatives, and driving continuous improvement. 0+ years of relevant experience required. SIEM Cryptography Linux Firewalls Network Protocols",14
JOB00183,Cloud Engineer,DevOps Engineer,Jackson-Lawson,Pune,Kubernetes; Git; AWS; Terraform,6-9 years,4-13,"We are looking for a Cloud Engineer to join our growing team. The ideal candidate has hands-on experience with Kubernetes, Git, AWS, Terraform and can work independently on Kubernetes-driven projects. Responsibilities include collaborating with cross-functional teams, contributing to Git initiatives, and driving continuous improvement. 6+ years of relevant experience required.","['Kubernetes', 'Git', 'AWS', 'Terraform']",Kubernetes Git AWS Terraform,6.0,9.0,7.5,4.0,13.0,8.5,"we are looking for a cloud engineer to join our growing team. the ideal candidate has hands-on experience with kubernetes, git, aws, terraform and can work independently on kubernetes-driven projects. responsibilities include collaborating with cross-functional teams, contributing to git initiatives, and driving continuous improvement. 6+ years of relevant experience required.","Cloud Engineer we are looking for a cloud engineer to join our growing team. the ideal candidate has hands-on experience with kubernetes, git, aws, terraform and can work independently on kubernetes-driven projects. responsibilities include collaborating with cross-functional teams, contributing to git initiatives, and driving continuous improvement. 6+ years of relevant experience required. Kubernetes Git AWS Terraform",10
JOB00120,Backend Java Engineer,Java Developer,"Rivera, Johnson and Wiley",Kolkata,JUnit; Multithreading; Spring Boot; Maven; SQL; REST API; Git,8-11 years,9-11,"We are looking for a Backend Java Engineer to join our growing team. The ideal candidate has hands-on experience with JUnit, Multithreading, Spring Boot, Maven, SQL, REST API, Git and can work independently on SQL-driven projects. Responsibilities include collaborating with cross-functional teams, contributing to Spring Boot initiatives, and driving continuous improvement. 8+ years of relevant experience required.","['JUnit', 'Multithreading', 'Spring Boot', 'Maven', 'SQL', 'REST API', 'Git']",JUnit Multithreading Spring Boot Maven SQL REST API Git,8.0,11.0,9.5,9.0,11.0,10.0,"we are looking for a backend java engineer to join our growing team. the ideal candidate has hands-on experience with junit, multithreading, spring boot, maven, sql, rest api, git and can work independently on sql-driven projects. responsibilities include collaborating with cross-functional teams, contributing to spring boot initiatives, and driving continuous improvement. 8+ years of relevant experience required.","Backend Java Engineer we are looking for a backend java engineer to join our growing team. the ideal candidate has hands-on experience with junit, multithreading, spring boot, maven, sql, rest api, git and can work independently on sql-driven projects. responsibilities include collaborating with cross-functional teams, contributing to spring boot initiatives, and driving continuous improvement. 8+ years of relevant experience required. JUnit Multithreading Spring Boot Maven SQL REST API Git",12
JOB00103,Android Developer,Android Development,"Mckee, Gardner and Davenport",Chennai,Firebase; MVVM; Kotlin; Android SDK; Material Design; Jetpack Compose,4-7 years,10-16,"Mckee, Gardner and Davenport is hiring a Android Developer for our Chennai office. You will use Firebase, MVVM, Kotlin, Android SDK, Material Design, Jetpack Compose daily and help scale our Firebase capabilities. We value strong fundamentals in Material Design and a collaborative mindset. Minimum 4 years of experience in a similar role.","['Firebase', 'MVVM', 'Kotlin', 'Android SDK', 'Material Design', 'Jetpack Compose']",Firebase MVVM Kotlin Android SDK Material Design Jetpack Compose,4.0,7.0,5.5,10.0,16.0,13.0,"mckee, gardner and davenport is hiring a android developer for our chennai office. you will use firebase, mvvm, kotlin, android sdk, material design, jetpack compose daily and help scale our firebase capabilities. we value strong fundamentals in material design and a collaborative mindset. minimum 4 years of experience in a similar role.","Android Developer mckee, gardner and davenport is hiring a android developer for our chennai office. you will use firebase, mvvm, kotlin, android sdk, material design, jetpack compose daily and help scale our firebase capabilities. we value strong fundamentals in material design and a collaborative mindset. minimum 4 years of experience in a similar role. Firebase MVVM Kotlin Android SDK Material Design Jetpack Compose",4
JOB00255,Business Analyst,Business Analyst,Roberts-Landry,Kolkata,SQL; Data Visualization; Power BI; Requirements Gathering; Process Improvement,2-5 years,14-17,"Roberts-Landry is hiring a Business Analyst for our Kolkata office. You will use SQL, Data Visualization, Power BI, Requirements Gathering, Process Improvement daily and help scale our Power BI capabilities. We value strong fundamentals in SQL and a collaborative mindset. Minimum 2 years of experience in a similar role.","['SQL', 'Data Visualization', 'Power BI', 'Requirements Gathering', 'Process Improvement']",SQL Data Visualization Power BI Requirements Gathering Process Improvement,2.0,5.0,3.5,14.0,17.0,15.5,"roberts-landry is hiring a business analyst for our kolkata office. you will use sql, data visualization, power bi, requirements gathering, process improvement daily and help scale our power bi capabilities. we value strong fundamentals in sql and a collaborative mindset. minimum 2 years of experience in a similar role.","Business Analyst roberts-landry is hiring a business analyst for our kolkata office. you will use sql, data visualization, power bi, requirements gathering, process improvement daily and help scale our power bi capabilities. we value strong fundamentals in sql and a collaborative mindset. minimum 2 years of experience in a similar role. SQL Data Visualization Power BI Requirements Gathering Process Improvement",9
JOB00323,HR Generalist,HR,Taylor and Sons,Kolkata,HRIS; Performance Management; Recruitment; Payroll; Employee Engagement; Excel; Communication; Conflict Resolution,1-4 years,13-21,"Exciting opportunity for a HR Generalist at Taylor and Sons. Must be proficient in HRIS, Performance Management, Recruitment, Payroll, Employee Engagement, Excel, Communication, Conflict Resolution, with practical exposure to Performance Management and Recruitment. You'll work in an agile environment solving real business problems. 1+ years experience preferred.","['HRIS', 'Performance Management', 'Recruitment', 'Payroll', 'Employee Engagement', 'Excel', 'Communication', 'Conflict Resolution']",HRIS Performance Management Recruitment Payroll Employee Engagement Excel Communication Conflict Resolution,1.0,4.0,2.5,13.0,21.0,17.0,"exciting opportunity for a hr generalist at taylor and sons. must be proficient in hris, performance management, recruitment, payroll, employee engagement, excel, communication, conflict resolution, with practical exposure to performance management and recruitment. you'll work in an agile environment solving real business problems. 1+ years experience preferred.","HR Generalist exciting opportunity for a hr generalist at taylor and sons. must be proficient in hris, performance management, recruitment, payroll, employee engagement, excel, communication, conflict resolution, with practical exposure to performance management and recruitment. you'll work in an agile environment solving real business problems. 1+ years experience preferred. HRIS Performance Management Recruitment Payroll Employee Engagement Excel Communication Conflict Resolution",1
JOB00388,Manufacturing Engineer,Mechanical Engineer,Davis PLC,Chennai,Project Management; Six Sigma; SolidWorks; Thermodynamics; AutoCAD,6-9 years,18-25,"Davis PLC is hiring a Manufacturing Engineer for our Chennai office. You will use Project Management, Six Sigma, SolidWorks, Thermodynamics, AutoCAD daily and help scale our AutoCAD capabilities. We value strong fundamentals in Thermodynamics and a collaborative mindset. Minimum 6 years of experience in a similar role.","['Project Management', 'Six Sigma', 'SolidWorks', 'Thermodynamics', 'AutoCAD']",Project Management Six Sigma SolidWorks Thermodynamics AutoCAD,6.0,9.0,7.5,18.0,25.0,21.5,"davis plc is hiring a manufacturing engineer for our chennai office. you will use project management, six sigma, solidworks, thermodynamics, autocad daily and help scale our autocad capabilities. we value strong fundamentals in thermodynamics and a collaborative mindset. minimum 6 years of experience in a similar role.","Manufacturing Engineer davis plc is hiring a manufacturing engineer for our chennai office. you will use project management, six sigma, solidworks, thermodynamics, autocad daily and help scale our autocad capabilities. we value strong fundamentals in thermodynamics and a collaborative mindset. minimum 6 years of experience in a similar role. Project Management Six Sigma SolidWorks Thermodynamics AutoCAD",8
JOB00059,Frontend Developer,Web Development,Lee-Davis,Remote,MongoDB; Node.js; Git; Responsive Design; HTML; JavaScript,2-5 years,4-14,"We are looking for a Frontend Developer to join our growing team. The ideal candidate has hands-on experience with MongoDB, Node.js, Git, Responsive Design, HTML, JavaScript and can work independently on Node.js-driven projects. Responsibilities include collaborating with cross-functional teams, contributing to JavaScript initiatives, and driving continuous improvement. 2+ years of relevant experience required.","['MongoDB', 'Node.js', 'Git', 'Responsive Design', 'HTML', 'JavaScript']",MongoDB Node.js Git Responsive Design HTML JavaScript,2.0,5.0,3.5,4.0,14.0,9.0,"we are looking for a frontend developer to join our growing team. the ideal candidate has hands-on experience with mongodb, node.js, git, responsive design, html, javascript and can work independently on node.js-driven projects. responsibilities include collaborating with cross-functional teams, contributing to javascript initiatives, and driving continuous improvement. 2+ years of relevant experience required.","Frontend Developer we are looking for a frontend developer to join our growing team. the ideal candidate has hands-on experience with mongodb, node.js, git, responsive design, html, javascript and can work independently on node.js-driven projects. responsibilities include collaborating with cross-functional teams, contributing to javascript initiatives, and driving continuous improvement. 2+ years of relevant experience required. MongoDB Node.js Git Responsive Design HTML JavaScript",2
JOB00231,Cybersecurity Analyst,Network Security Engineer,"Branch, Torres and Oliver",Kolkata,SIEM; Network Protocols; Firewalls; IDS/IPS; Cryptography; Linux; Penetration Testing,5-8 years,5-7,"We are looking for a Cybersecurity Analyst to join our growing team. The ideal candidate has hands-on experience with SIEM, Network Protocols, Firewalls, IDS/IPS, Cryptography, Linux, Penetration Testing and can work independently on Firewalls-driven projects. Responsibilities include collaborating with cross-functional teams, contributing to Network Protocols initiatives, and driving continuous improvement. 5+ years of relevant experience required.","['SIEM', 'Network Protocols', 'Firewalls', 'IDS/IPS', 'Cryptography', 'Linux', 'Penetration Testing']",SIEM Network Protocols Firewalls IDS/IPS Cryptography Linux Penetration Testing,5.0,8.0,6.5,5.0,7.0,6.0,"we are looking for a cybersecurity analyst to join our growing team. the ideal candidate has hands-on experience with siem, network protocols, firewalls, ids/ips, cryptography, linux, penetration testing and can work independently on firewalls-driven projects. responsibilities include collaborating with cross-functional teams, contributing to network protocols initiatives, and driving continuous improvement. 5+ years of relevant experience required.","Cybersecurity Analyst we are looking for a cybersecurity analyst to join our growing team. the ideal candidate has hands-on experience with siem, network protocols, firewalls, ids/ips, cryptography, linux, penetration testing and can work independently on firewalls-driven projects. responsibilities include collaborating with cross-functional teams, contributing to network protocols initiatives, and driving continuous improvement. 5+ years of relevant experience required. SIEM Network Protocols Firewalls IDS/IPS Cryptography Linux Penetration Testing",14
JOB00473,Graphic Designer,Graphic Designer,Moody-Taylor,Ahmedabad,Figma; Branding; Typography; Photoshop; Creativity; InDesign; UI/UX,0-3 years,8-17,"Exciting opportunity for a Graphic Designer at Moody-Taylor. Must be proficient in Figma, Branding, Typography, Photoshop, Creativity, InDesign, UI/UX, with practical exposure to InDesign and UI/UX. You'll work in an agile environment solving real business problems. 0+ years experience preferred.","['Figma', 'Branding', 'Typography', 'Photoshop', 'Creativity', 'InDesign', 'UI/UX']",Figma Branding Typography Photoshop Creativity InDesign UI/UX,0.0,3.0,1.5,8.0,17.0,12.5,"exciting opportunity for a graphic designer at moody-taylor. must be proficient in figma, branding, typography, photoshop, creativity, indesign, ui/ux, with practical exposure to indesign and ui/ux. you'll work in an agile environment solving real business problems. 0+ years experience preferred.","Graphic Designer exciting opportunity for a graphic designer at moody-taylor. must be proficient in figma, branding, typography, photoshop, creativity, indesign, ui/ux, with practical exposure to indesign and ui/ux. you'll work in an agile environment solving real business problems. 0+ years experience preferred. Figma Branding Typography Photoshop Creativity InDesign UI/UX",0
JOB00037,Frontend Developer,Web Development,Smith-Bowen,Chennai,TypeScript; Responsive Design; Node.js; React; Express.js,7-10 years,6-14,"Smith-Bowen is hiring a Frontend Developer for our Chennai office. You will use TypeScript, Responsive Design, Node.js, React, Express.js daily and help scale our TypeScript capabilities. We value strong fundamentals in Responsive Design and a collaborative mindset. Minimum 7 years of experience in a similar role.","['TypeScript', 'Responsive Design', 'Node.js', 'React', 'Express.js']",TypeScript Responsive Design Node.js React Express.js,7.0,10.0,8.5,6.0,14.0,10.0,"smith-bowen is hiring a frontend developer for our chennai office. you will use typescript, responsive design, node.js, react, express.js daily and help scale our typescript capabilities. we value strong fundamentals in responsive design and a collaborative mindset. minimum 7 years of experience in a similar role.","Frontend Developer smith-bowen is hiring a frontend developer for our chennai office. you will use typescript, responsive design, node.js, react, express.js daily and help scale our typescript capabilities. we value strong fundamentals in responsive design and a collaborative mindset. minimum 7 years of experience in a similar role. TypeScript Responsive Design Node.js React Express.js",2
JOB00063,Frontend Developer,Web Development,Wright and Sons,Bengaluru,TypeScript; MongoDB; JavaScript; Node.js; CSS; Responsive Design,2-5 years,6-16,"Wright and Sons is hiring a Frontend Developer for our Bengaluru office. You will use TypeScript, MongoDB, JavaScript, Node.js, CSS, Responsive Design daily and help scale our TypeScript capabilities. We value strong fundamentals in Node.js and a collaborative mindset. Minimum 2 years of experience in a similar role.","['TypeScript', 'MongoDB', 'JavaScript', 'Node.js', 'CSS', 'Responsive Design']",TypeScript MongoDB JavaScript Node.js CSS Responsive Design,2.0,5.0,3.5,6.0,16.0,11.0,"wright and sons is hiring a frontend developer for our bengaluru office. you will use typescript, mongodb, javascript, node.js, css, responsive design daily and help scale our typescript capabilities. we value strong fundamentals in node.js and a collaborative mindset. minimum 2 years of experience in a similar role.","Frontend Developer wright and sons is hiring a frontend developer for our bengaluru office. you will use typescript, mongodb, javascript, node.js, css, responsive design daily and help scale our typescript capabilities. we value strong fundamentals in node.js and a collaborative mindset. minimum 2 years of experience in a similar role. TypeScript MongoDB JavaScript Node.js CSS Responsive Design",2
JOB00102,Mobile App Developer,Android Development,"Patterson, Smith and Jones",Bengaluru,SQLite; Android SDK; Firebase; Kotlin; Java; MVVM; Material Design; REST API,5-8 years,15-18,"We are looking for a Mobile App Developer to join our growing team. The ideal candidate has hands-on experience with SQLite, Android SDK, Firebase, Kotlin, Java, MVVM, Material Design, REST API and can work independently on REST API-driven projects. Responsibilities include collaborating with cross-functional teams, contributing to Kotlin initiatives, and driving continuous improvement. 5+ years of relevant experience required.","['SQLite', 'Android SDK', 'Firebase', 'Kotlin', 'Java', 'MVVM', 'Material Design', 'REST API']",SQLite Android SDK Firebase Kotlin Java MVVM Material Design REST API,5.0,8.0,6.5,15.0,18.0,16.5,"we are looking for a mobile app developer to join our growing team. the ideal candidate has hands-on experience with sqlite, android sdk, firebase, kotlin, java, mvvm, material design, rest api and can work independently on rest api-driven projects. responsibilities include collaborating with cross-functional teams, contributing to kotlin initiatives, and driving continuous improvement. 5+ years of relevant experience required.","Mobile App Developer we are looking for a mobile app developer to join our growing team. the ideal candidate has hands-on experience with sqlite, android sdk, firebase, kotlin, java, mvvm, material design, rest api and can work independently on rest api-driven projects. responsibilities include collaborating with cross-functional teams, contributing to kotlin initiatives, and driving continuous improvement. 5+ years of relevant experience required. SQLite Android SDK Firebase Kotlin Java MVVM Material Design REST API",4
JOB00078,Mobile App Developer,Android Development,Yu Inc,Kolkata,Material Design; Java; REST API; MVVM; SQLite; Git,3-6 years,8-18,"Exciting opportunity for a Mobile App Developer at Yu Inc. Must be proficient in Material Design, Java, REST API, MVVM, SQLite, Git, with practical exposure to REST API and Git. You'll work in an agile environment solving real business problems. 3+ years experience preferred.","['Material Design', 'Java', 'REST API', 'MVVM', 'SQLite', 'Git']",Material Design Java REST API MVVM SQLite Git,3.0,6.0,4.5,8.0,18.0,13.0,"exciting opportunity for a mobile app developer at yu inc. must be proficient in material design, java, rest api, mvvm, sqlite, git, with practical exposure to rest api and git. you'll work in an agile environment solving real business problems. 3+ years experience preferred.","Mobile App Developer exciting opportunity for a mobile app developer at yu inc. must be proficient in material design, java, rest api, mvvm, sqlite, git, with practical exposure to rest api and git. you'll work in an agile environment solving real business problems. 3+ years experience preferred. Material Design Java REST API MVVM SQLite Git",4
JOB00204,Cloud Engineer,DevOps Engineer,"Beard, Peters and Black",Delhi NCR,Monitoring; Linux; Jenkins; Ansible; Kubernetes; Docker; Git,8-11 years,15-21,"Beard, Peters and Black is hiring a Cloud Engineer for our Delhi NCR office. You will use Monitoring, Linux, Jenkins, Ansible, Kubernetes, Docker, Git daily and help scale our Monitoring capabilities. We value strong fundamentals in Ansible and a collaborative mindset. Minimum 8 years of experience in a similar role.","['Monitoring', 'Linux', 'Jenkins', 'Ansible', 'Kubernetes', 'Docker', 'Git']",Monitoring Linux Jenkins Ansible Kubernetes Docker Git,8.0,11.0,9.5,15.0,21.0,18.0,"beard, peters and black is hiring a cloud engineer for our delhi ncr office. you will use monitoring, linux, jenkins, ansible, kubernetes, docker, git daily and help scale our monitoring capabilities. we value strong fundamentals in ansible and a collaborative mindset. minimum 8 years of experience in a similar role.","Cloud Engineer beard, peters and black is hiring a cloud engineer for our delhi ncr office. you will use monitoring, linux, jenkins, ansible, kubernetes, docker, git daily and help scale our monitoring capabilities. we value strong fundamentals in ansible and a collaborative mindset. minimum 8 years of experience in a similar role. Monitoring Linux Jenkins Ansible Kubernetes Docker Git",10
JOB00319,HR Generalist,HR,Buchanan LLC,Ahmedabad,Recruitment; Communication; Performance Management; Excel; Employee Engagement,3-6 years,18-24,"We are looking for a HR Generalist to join our growing team. The ideal candidate has hands-on experience with Recruitment, Communication, Performance Management, Excel, Employee Engagement and can work independently on Excel-driven projects. Responsibilities include collaborating with cross-functional teams, contributing to Employee Engagement initiatives, and driving continuous improvement. 3+ years of relevant experience required.","['Recruitment', 'Communication', 'Performance Management', 'Excel', 'Employee Engagement']",Recruitment Communication Performance Management Excel Employee Engagement,3.0,6.0,4.5,18.0,24.0,21.0,"we are looking for a hr generalist to join our growing team. the ideal candidate has hands-on experience with recruitment, communication, performance management, excel, employee engagement and can work independently on excel-driven projects. responsibilities include collaborating with cross-functional teams, contributing to employee engagement initiatives, and driving continuous improvement. 3+ years of relevant experience required.","HR Generalist we are looking for a hr generalist to join our growing team. the ideal candidate has hands-on experience with recruitment, communication, performance management, excel, employee engagement and can work independently on excel-driven projects. responsibilities include collaborating with cross-functional teams, contributing to employee engagement initiatives, and driving continuous improvement. 3+ years of relevant experience required. Recruitment Communication Performance Management Excel Employee Engagement",1
JOB00036,Frontend Developer,Web Development,Rodriguez-Graham,Kolkata,CSS; JavaScript; Express.js; Git; React,1-4 years,17-26,"Rodriguez-Graham is hiring a Frontend Developer for our Kolkata office. You will use CSS, JavaScript, Express.js, Git, React daily and help scale our JavaScript capabilities. We value strong fundamentals in React and a collaborative mindset. Minimum 1 years of experience in a similar role.","['CSS', 'JavaScript', 'Express.js', 'Git', 'React']",CSS JavaScript Express.js Git React,1.0,4.0,2.5,17.0,26.0,21.5,"rodriguez-graham is hiring a frontend developer for our kolkata office. you will use css, javascript, express.js, git, react daily and help scale our javascript capabilities. we value strong fundamentals in react and a collaborative mindset. minimum 1 years of experience in a similar role.","Frontend Developer rodriguez-graham is hiring a frontend developer for our kolkata office. you will use css, javascript, express.js, git, react daily and help scale our javascript capabilities. we value strong fundamentals in react and a collaborative mindset. minimum 1 years of experience in a similar role. CSS JavaScript Express.js Git React",2
JOB00286,Digital Marketing Executive,Digital Marketing,Bowen Group,Mumbai,PPC; Excel; Content Marketing; Google Analytics,7-10 years,10-13,"We are looking for a Digital Marketing Executive to join our growing team. The ideal candidate has hands-on experience with PPC, Excel, Content Marketing, Google Analytics and can work independently on Content Marketing-driven projects. Responsibilities include collaborating with cross-functional teams, contributing to Google Analytics initiatives, and driving continuous improvement. 7+ years of relevant experience required.","['PPC', 'Excel', 'Content Marketing', 'Google Analytics']",PPC Excel Content Marketing Google Analytics,7.0,10.0,8.5,10.0,13.0,11.5,"we are looking for a digital marketing executive to join our growing team. the ideal candidate has hands-on experience with ppc, excel, content marketing, google analytics and can work independently on content marketing-driven projects. responsibilities include collaborating with cross-functional teams, contributing to google analytics initiatives, and driving continuous improvement. 7+ years of relevant experience required.","Digital Marketing Executive we are looking for a digital marketing executive to join our growing team. the ideal candidate has hands-on experience with ppc, excel, content marketing, google analytics and can work independently on content marketing-driven projects. responsibilities include collaborating with cross-functional teams, contributing to google analytics initiatives, and driving continuous improvement. 7+ years of relevant experience required. PPC Excel Content Marketing Google Analytics",6
JOB00424,Civil Site Engineer,Civil Engineer,Hernandez-Jones,Kolkata,Structural Analysis; Revit; AutoCAD; Project Management; Surveying; Construction Management; Cost Estimation,2-5 years,8-12,"We are looking for a Civil Site Engineer to join our growing team. The ideal candidate has hands-on experience with Structural Analysis, Revit, AutoCAD, Project Management, Surveying, Construction Management, Cost Estimation and can work independently on AutoCAD-driven projects. Responsibilities include collaborating with cross-functional teams, contributing to Project Management initiatives, and driving continuous improvement. 2+ years of relevant experience required.","['Structural Analysis', 'Revit', 'AutoCAD', 'Project Management', 'Surveying', 'Construction Management', 'Cost Estimation']",Structural Analysis Revit AutoCAD Project Management Surveying Construction Management Cost Estimation,2.0,5.0,3.5,8.0,12.0,10.0,"we are looking for a civil site engineer to join our growing team. the ideal candidate has hands-on experience with structural analysis, revit, autocad, project management, surveying, construction management, cost estimation and can work independently on autocad-driven projects. responsibilities include collaborating with cross-functional teams, contributing to project management initiatives, and driving continuous improvement. 2+ years of relevant experience required.","Civil Site Engineer we are looking for a civil site engineer to join our growing team. the ideal candidate has hands-on experience with structural analysis, revit, autocad, project management, surveying, construction management, cost estimation and can work independently on autocad-driven projects. responsibilities include collaborating with cross-functional teams, contributing to project management initiatives, and driving continuous improvement. 2+ years of relevant experience required. Structural Analysis Revit AutoCAD Project Management Surveying Construction Management Cost Estimation",11
JOB00327,Talent Acquisition Specialist,HR,Richards-Carson,Noida,Communication; HRIS; Recruitment; Excel,4-7 years,14-24,"Exciting opportunity for a Talent Acquisition Specialist at Richards-Carson. Must be proficient in Communication, HRIS, Recruitment, Excel, with practical exposure to Excel and Recruitment. You'll work in an agile environment solving real business problems. 4+ years experience preferred.","['Communication', 'HRIS', 'Recruitment', 'Excel']",Communication HRIS Recruitment Excel,4.0,7.0,5.5,14.0,24.0,19.0,"exciting opportunity for a talent acquisition specialist at richards-carson. must be proficient in communication, hris, recruitment, excel, with practical exposure to excel and recruitment. you'll work in an agile environment solving real business problems. 4+ years experience preferred.","Talent Acquisition Specialist exciting opportunity for a talent acquisition specialist at richards-carson. must be proficient in communication, hris, recruitment, excel, with practical exposure to excel and recruitment. you'll work in an agile environment solving real business problems. 4+ years experience preferred. Communication HRIS Recruitment Excel",1
JOB00152,Python Developer,Python Developer,"Simmons, Meadows and Griffin",Delhi NCR,Pandas; Celery; Flask; SQL; Docker; REST API,5-8 years,18-24,"Exciting opportunity for a Python Developer at Simmons, Meadows and Griffin. Must be proficient in Pandas, Celery, Flask, SQL, Docker, REST API, with practical exposure to REST API and SQL. You'll work in an agile environment solving real business problems. 5+ years experience preferred.","['Pandas', 'Celery', 'Flask', 'SQL', 'Docker', 'REST API']",Pandas Celery Flask SQL Docker REST API,5.0,8.0,6.5,18.0,24.0,21.0,"exciting opportunity for a python developer at simmons, meadows and griffin. must be proficient in pandas, celery, flask, sql, docker, rest api, with practical exposure to rest api and sql. you'll work in an agile environment solving real business problems. 5+ years experience preferred.","Python Developer exciting opportunity for a python developer at simmons, meadows and griffin. must be proficient in pandas, celery, flask, sql, docker, rest api, with practical exposure to rest api and sql. you'll work in an agile environment solving real business problems. 5+ years experience preferred. Pandas Celery Flask SQL Docker REST API",7
JOB00222,Cybersecurity Analyst,Network Security Engineer,Harrison-Alexander,Mumbai,Firewalls; Risk Assessment; SIEM; Penetration Testing,1-4 years,11-14,"We are looking for a Cybersecurity Analyst to join our growing team. The ideal candidate has hands-on experience with Firewalls, Risk Assessment, SIEM, Penetration Testing and can work independently on Penetration Testing-driven projects. Responsibilities include collaborating with cross-functional teams, contributing to Risk Assessment initiatives, and driving continuous improvement. 1+ years of relevant experience required.","['Firewalls', 'Risk Assessment', 'SIEM', 'Penetration Testing']",Firewalls Risk Assessment SIEM Penetration Testing,1.0,4.0,2.5,11.0,14.0,12.5,"we are looking for a cybersecurity analyst to join our growing team. the ideal candidate has hands-on experience with firewalls, risk assessment, siem, penetration testing and can work independently on penetration testing-driven projects. responsibilities include collaborating with cross-functional teams, contributing to risk assessment initiatives, and driving continuous improvement. 1+ years of relevant experience required.","Cybersecurity Analyst we are looking for a cybersecurity analyst to join our growing team. the ideal candidate has hands-on experience with firewalls, risk assessment, siem, penetration testing and can work independently on penetration testing-driven projects. responsibilities include collaborating with cross-functional teams, contributing to risk assessment initiatives, and driving continuous improvement. 1+ years of relevant experience required. Firewalls Risk Assessment SIEM Penetration Testing",14
JOB00116,Senior Java Developer,Java Developer,Walker Ltd,Delhi NCR,Java; JUnit; Hibernate; Maven,5-8 years,12-17,"Exciting opportunity for a Senior Java Developer at Walker Ltd. Must be proficient in Java, JUnit, Hibernate, Maven, with practical exposure to Hibernate and Java. You'll work in an agile environment solving real business problems. 5+ years experience preferred.","['Java', 'JUnit', 'Hibernate', 'Maven']",Java JUnit Hibernate Maven,5.0,8.0,6.5,12.0,17.0,14.5,"exciting opportunity for a senior java developer at walker ltd. must be proficient in java, junit, hibernate, maven, with practical exposure to hibernate and java. you'll work in an agile environment solving real business problems. 5+ years experience preferred.","Senior Java Developer exciting opportunity for a senior java developer at walker ltd. must be proficient in java, junit, hibernate, maven, with practical exposure to hibernate and java. you'll work in an agile environment solving real business problems. 5+ years experience preferred. Java JUnit Hibernate Maven",12
JOB00266,Business Analyst,Business Analyst,Gay Inc,Hyderabad,Excel; Power BI; SQL; Requirements Gathering; Stakeholder Management,3-6 years,16-21,"Exciting opportunity for a Business Analyst at Gay Inc. Must be proficient in Excel, Power BI, SQL, Requirements Gathering, Stakeholder Management, with practical exposure to Requirements Gathering and SQL. You'll work in an agile environment solving real business problems. 3+ years experience preferred.","['Excel', 'Power BI', 'SQL', 'Requirements Gathering', 'Stakeholder Management']",Excel Power BI SQL Requirements Gathering Stakeholder Management,3.0,6.0,4.5,16.0,21.0,18.5,"exciting opportunity for a business analyst at gay inc. must be proficient in excel, power bi, sql, requirements gathering, stakeholder management, with practical exposure to requirements gathering and sql. you'll work in an agile environment solving real business problems. 3+ years experience preferred.","Business Analyst exciting opportunity for a business analyst at gay inc. must be proficient in excel, power bi, sql, requirements gathering, stakeholder management, with practical exposure to requirements gathering and sql. you'll work in an agile environment solving real business problems. 3+ years experience preferred. Excel Power BI SQL Requirements Gathering Stakeholder Management",9
JOB00253,Product Analyst,Business Analyst,Bailey-Cook,Chennai,Requirements Gathering; Data Visualization; Communication; Power BI; Agile; Stakeholder Management; SQL,4-7 years,17-25,"We are looking for a Product Analyst to join our growing team. The ideal candidate has hands-on experience with Requirements Gathering, Data Visualization, Communication, Power BI, Agile, Stakeholder Management, SQL and can work independently on Communication-driven projects. Responsibilities include collaborating with cross-functional teams, contributing to Requirements Gathering initiatives, and driving continuous improvement. 4+ years of relevant experience required.","['Requirements Gathering', 'Data Visualization', 'Communication', 'Power BI', 'Agile', 'Stakeholder Management', 'SQL']",Requirements Gathering Data Visualization Communication Power BI Agile Stakeholder Management SQL,4.0,7.0,5.5,17.0,25.0,21.0,"we are looking for a product analyst to join our growing team. the ideal candidate has hands-on experience with requirements gathering, data visualization, communication, power bi, agile, stakeholder management, sql and can work independently on communication-driven projects. responsibilities include collaborating with cross-functional teams, contributing to requirements gathering initiatives, and driving continuous improvement. 4+ years of relevant experience required.","Product Analyst we are looking for a product analyst to join our growing team. the ideal candidate has hands-on experience with requirements gathering, data visualization, communication, power bi, agile, stakeholder management, sql and can work independently on communication-driven projects. responsibilities include collaborating with cross-functional teams, contributing to requirements gathering initiatives, and driving continuous improvement. 4+ years of relevant experience required. Requirements Gathering Data Visualization Communication Power BI Agile Stakeholder Management SQL",9
JOB00164,Python Developer,Python Developer,Smith-Bell,Mumbai,Celery; Flask; Pandas; SQL; Unit Testing; Docker; Git; REST API,1-4 years,17-20,"We are looking for a Python Developer to join our growing team. The ideal candidate has hands-on experience with Celery, Flask, Pandas, SQL, Unit Testing, Docker, Git, REST API and can work independently on Flask-driven projects. Responsibilities include collaborating with cross-functional teams, contributing to Docker initiatives, and driving continuous improvement. 1+ years of relevant experience required.","['Celery', 'Flask', 'Pandas', 'SQL', 'Unit Testing', 'Docker', 'Git', 'REST API']",Celery Flask Pandas SQL Unit Testing Docker Git REST API,1.0,4.0,2.5,17.0,20.0,18.5,"we are looking for a python developer to join our growing team. the ideal candidate has hands-on experience with celery, flask, pandas, sql, unit testing, docker, git, rest api and can work independently on flask-driven projects. responsibilities include collaborating with cross-functional teams, contributing to docker initiatives, and driving continuous improvement. 1+ years of relevant experience required.","Python Developer we are looking for a python developer to join our growing team. the ideal candidate has hands-on experience with celery, flask, pandas, sql, unit testing, docker, git, rest api and can work independently on flask-driven projects. responsibilities include collaborating with cross-functional teams, contributing to docker initiatives, and driving continuous improvement. 1+ years of relevant experience required. Celery Flask Pandas SQL Unit Testing Docker Git REST API",7
JOB00451,Structural Engineer,Civil Engineer,"Wise, Conley and Stephenson",Mumbai,Surveying; Structural Analysis; Construction Management; Project Management; Revit; AutoCAD,7-10 years,8-11,"We are looking for a Structural Engineer to join our growing team. The ideal candidate has hands-on experience with Surveying, Structural Analysis, Construction Management, Project Management, Revit, AutoCAD and can work independently on Revit-driven projects. Responsibilities include collaborating with cross-functional teams, contributing to Surveying initiatives, and driving continuous improvement. 7+ years of relevant experience required.","['Surveying', 'Structural Analysis', 'Construction Management', 'Project Management', 'Revit', 'AutoCAD']",Surveying Structural Analysis Construction Management Project Management Revit AutoCAD,7.0,10.0,8.5,8.0,11.0,9.5,"we are looking for a structural engineer to join our growing team. the ideal candidate has hands-on experience with surveying, structural analysis, construction management, project management, revit, autocad and can work independently on revit-driven projects. responsibilities include collaborating with cross-functional teams, contributing to surveying initiatives, and driving continuous improvement. 7+ years of relevant experience required.","Structural Engineer we are looking for a structural engineer to join our growing team. the ideal candidate has hands-on experience with surveying, structural analysis, construction management, project management, revit, autocad and can work independently on revit-driven projects. responsibilities include collaborating with cross-functional teams, contributing to surveying initiatives, and driving continuous improvement. 7+ years of relevant experience required. Surveying Structural Analysis Construction Management Project Management Revit AutoCAD",11
JOB00510,Fitness Trainer,Health and Fitness,Williams-Berg,Ahmedabad,Program Design; CPR Certified; First Aid; Nutrition Planning; Exercise Physiology,0-3 years,20-22,"Exciting opportunity for a Fitness Trainer at Williams-Berg. Must be proficient in Program Design, CPR Certified, First Aid, Nutrition Planning, Exercise Physiology, with practical exposure to Program Design and First Aid. You'll work in an agile environment solving real business problems. 0+ years experience preferred.","['Program Design', 'CPR Certified', 'First Aid', 'Nutrition Planning', 'Exercise Physiology']",Program Design CPR Certified First Aid Nutrition Planning Exercise Physiology,0.0,3.0,1.5,20.0,22.0,21.0,"exciting opportunity for a fitness trainer at williams-berg. must be proficient in program design, cpr certified, first aid, nutrition planning, exercise physiology, with practical exposure to program design and first aid. you'll work in an agile environment solving real business problems. 0+ years experience preferred.","Fitness Trainer exciting opportunity for a fitness trainer at williams-berg. must be proficient in program design, cpr certified, first aid, nutrition planning, exercise physiology, with practical exposure to program design and first aid. you'll work in an agile environment solving real business problems. 0+ years experience preferred. Program Design CPR Certified First Aid Nutrition Planning Exercise Physiology",5
JOB00056,Web Developer,Web Development,Jones-Young,Hyderabad,CSS; Git; MongoDB; Node.js; Responsive Design; REST API; TypeScript; Express.js,6-9 years,18-23,"Jones-Young is hiring a Web Developer for our Hyderabad office. You will use CSS, Git, MongoDB, Node.js, Responsive Design, REST API, TypeScript, Express.js daily and help scale our Node.js capabilities. We value strong fundamentals in MongoDB and a collaborative mindset. Minimum 6 years of experience in a similar role.","['CSS', 'Git', 'MongoDB', 'Node.js', 'Responsive Design', 'REST API', 'TypeScript', 'Express.js']",CSS Git MongoDB Node.js Responsive Design REST API TypeScript Express.js,6.0,9.0,7.5,18.0,23.0,20.5,"jones-young is hiring a web developer for our hyderabad office. you will use css, git, mongodb, node.js, responsive design, rest api, typescript, express.js daily and help scale our node.js capabilities. we value strong fundamentals in mongodb and a collaborative mindset. minimum 6 years of experience in a similar role.","Web Developer jones-young is hiring a web developer for our hyderabad office. you will use css, git, mongodb, node.js, responsive design, rest api, typescript, express.js daily and help scale our node.js capabilities. we value strong fundamentals in mongodb and a collaborative mindset. minimum 6 years of experience in a similar role. CSS Git MongoDB Node.js Responsive Design REST API TypeScript Express.js",2
JOB00320,HR Generalist,HR,"Shaw, Nelson and Martin",Noida,Onboarding; Performance Management; HRIS; Employee Engagement,0-3 years,14-20,"Shaw, Nelson and Martin is hiring a HR Generalist for our Noida office. You will use Onboarding, Performance Management, HRIS, Employee Engagement daily and help scale our HRIS capabilities. We value strong fundamentals in Performance Management and a collaborative mindset. Minimum 0 years of experience in a similar role.","['Onboarding', 'Performance Management', 'HRIS', 'Employee Engagement']",Onboarding Performance Management HRIS Employee Engagement,0.0,3.0,1.5,14.0,20.0,17.0,"shaw, nelson and martin is hiring a hr generalist for our noida office. you will use onboarding, performance management, hris, employee engagement daily and help scale our hris capabilities. we value strong fundamentals in performance management and a collaborative mindset. minimum 0 years of experience in a similar role.","HR Generalist shaw, nelson and martin is hiring a hr generalist for our noida office. you will use onboarding, performance management, hris, employee engagement daily and help scale our hris capabilities. we value strong fundamentals in performance management and a collaborative mindset. minimum 0 years of experience in a similar role. Onboarding Performance Management HRIS Employee Engagement",1
JOB00453,Civil Site Engineer,Civil Engineer,Harper and Sons,Noida,Surveying; Revit; Construction Management; Project Management; Cost Estimation,1-4 years,6-10,"We are looking for a Civil Site Engineer to join our growing team. The ideal candidate has hands-on experience with Surveying, Revit, Construction Management, Project Management, Cost Estimation and can work independently on Surveying-driven projects. Responsibilities include collaborating with cross-functional teams, contributing to Revit initiatives, and driving continuous improvement. 1+ years of relevant experience required.","['Surveying', 'Revit', 'Construction Management', 'Project Management', 'Cost Estimation']",Surveying Revit Construction Management Project Management Cost Estimation,1.0,4.0,2.5,6.0,10.0,8.0,"we are looking for a civil site engineer to join our growing team. the ideal candidate has hands-on experience with surveying, revit, construction management, project management, cost estimation and can work independently on surveying-driven projects. responsibilities include collaborating with cross-functional teams, contributing to revit initiatives, and driving continuous improvement. 1+ years of relevant experience required.","Civil Site Engineer we are looking for a civil site engineer to join our growing team. the ideal candidate has hands-on experience with surveying, revit, construction management, project management, cost estimation and can work independently on surveying-driven projects. responsibilities include collaborating with cross-functional teams, contributing to revit initiatives, and driving continuous improvement. 1+ years of relevant experience required. Surveying Revit Construction Management Project Management Cost Estimation",11
JOB00051,Web Developer,Web Development,"Brooks, Lam and Hayes",Ahmedabad,HTML; TypeScript; MongoDB; Git; Node.js; REST API,3-6 years,4-7,"We are looking for a Web Developer to join our growing team. The ideal candidate has hands-on experience with HTML, TypeScript, MongoDB, Git, Node.js, REST API and can work independently on REST API-driven projects. Responsibilities include collaborating with cross-functional teams, contributing to HTML initiatives, and driving continuous improvement. 3+ years of relevant experience required.","['HTML', 'TypeScript', 'MongoDB', 'Git', 'Node.js', 'REST API']",HTML TypeScript MongoDB Git Node.js REST API,3.0,6.0,4.5,4.0,7.0,5.5,"we are looking for a web developer to join our growing team. the ideal candidate has hands-on experience with html, typescript, mongodb, git, node.js, rest api and can work independently on rest api-driven projects. responsibilities include collaborating with cross-functional teams, contributing to html initiatives, and driving continuous improvement. 3+ years of relevant experience required.","Web Developer we are looking for a web developer to join our growing team. the ideal candidate has hands-on experience with html, typescript, mongodb, git, node.js, rest api and can work independently on rest api-driven projects. responsibilities include collaborating with cross-functional teams, contributing to html initiatives, and driving continuous improvement. 3+ years of relevant experience required. HTML TypeScript MongoDB Git Node.js REST API",2
JOB00418,Manufacturing Engineer,Mechanical Engineer,Thomas and Sons,Pune,SolidWorks; Thermodynamics; Six Sigma; Project Management,2-5 years,15-17,"We are looking for a Manufacturing Engineer to join our growing team. The ideal candidate has hands-on experience with SolidWorks, Thermodynamics, Six Sigma, Project Management and can work independently on Thermodynamics-driven projects. Responsibilities include collaborating with cross-functional teams, contributing to Project Management initiatives, and driving continuous improvement. 2+ years of relevant experience required.","['SolidWorks', 'Thermodynamics', 'Six Sigma', 'Project Management']",SolidWorks Thermodynamics Six Sigma Project Management,2.0,5.0,3.5,15.0,17.0,16.0,"we are looking for a manufacturing engineer to join our growing team. the ideal candidate has hands-on experience with solidworks, thermodynamics, six sigma, project management and can work independently on thermodynamics-driven projects. responsibilities include collaborating with cross-functional teams, contributing to project management initiatives, and driving continuous improvement. 2+ years of relevant experience required.","Manufacturing Engineer we are looking for a manufacturing engineer to join our growing team. the ideal candidate has hands-on experience with solidworks, thermodynamics, six sigma, project management and can work independently on thermodynamics-driven projects. responsibilities include collaborating with cross-functional teams, contributing to project management initiatives, and driving continuous improvement. 2+ years of relevant experience required. SolidWorks Thermodynamics Six Sigma Project Management",8
JOB00162,Backend Python Engineer,Python Developer,Stein-Silva,Delhi NCR,Git; SQL; Unit Testing; Celery; REST API,0-3 years,20-23,"Stein-Silva is hiring a Backend Python Engineer for our Delhi NCR office. You will use Git, SQL, Unit Testing, Celery, REST API daily and help scale our Git capabilities. We value strong fundamentals in Unit Testing and a collaborative mindset. Minimum 0 years of experience in a similar role.","['Git', 'SQL', 'Unit Testing', 'Celery', 'REST API']",Git SQL Unit Testing Celery REST API,0.0,3.0,1.5,20.0,23.0,21.5,"stein-silva is hiring a backend python engineer for our delhi ncr office. you will use git, sql, unit testing, celery, rest api daily and help scale our git capabilities. we value strong fundamentals in unit testing and a collaborative mindset. minimum 0 years of experience in a similar role.","Backend Python Engineer stein-silva is hiring a backend python engineer for our delhi ncr office. you will use git, sql, unit testing, celery, rest api daily and help scale our git capabilities. we value strong fundamentals in unit testing and a collaborative mindset. minimum 0 years of experience in a similar role. Git SQL Unit Testing Celery REST API",7
JOB00421,Civil Site Engineer,Civil Engineer,Marshall-Elliott,Noida,Surveying; AutoCAD; Structural Analysis; Revit,4-7 years,4-6,"We are looking for a Civil Site Engineer to join our growing team. The ideal candidate has hands-on experience with Surveying, AutoCAD, Structural Analysis, Revit and can work independently on Structural Analysis-driven projects. Responsibilities include collaborating with cross-functional teams, contributing to Revit initiatives, and driving continuous improvement. 4+ years of relevant experience required.","['Surveying', 'AutoCAD', 'Structural Analysis', 'Revit']",Surveying AutoCAD Structural Analysis Revit,4.0,7.0,5.5,4.0,6.0,5.0,"we are looking for a civil site engineer to join our growing team. the ideal candidate has hands-on experience with surveying, autocad, structural analysis, revit and can work independently on structural analysis-driven projects. responsibilities include collaborating with cross-functional teams, contributing to revit initiatives, and driving continuous improvement. 4+ years of relevant experience required.","Civil Site Engineer we are looking for a civil site engineer to join our growing team. the ideal candidate has hands-on experience with surveying, autocad, structural analysis, revit and can work independently on structural analysis-driven projects. responsibilities include collaborating with cross-functional teams, contributing to revit initiatives, and driving continuous improvement. 4+ years of relevant experience required. Surveying AutoCAD Structural Analysis Revit",11
JOB00192,Site Reliability Engineer,DevOps Engineer,"Wood, Hunter and Peterson",Chennai,Git; Monitoring; Ansible; CI/CD; Linux; Shell Scripting; Kubernetes,1-4 years,7-11,"Wood, Hunter and Peterson is hiring a Site Reliability Engineer for our Chennai office. You will use Git, Monitoring, Ansible, CI/CD, Linux, Shell Scripting, Kubernetes daily and help scale our Monitoring capabilities. We value strong fundamentals in Shell Scripting and a collaborative mindset. Minimum 1 years of experience in a similar role.","['Git', 'Monitoring', 'Ansible', 'CI/CD', 'Linux', 'Shell Scripting', 'Kubernetes']",Git Monitoring Ansible CI/CD Linux Shell Scripting Kubernetes,1.0,4.0,2.5,7.0,11.0,9.0,"wood, hunter and peterson is hiring a site reliability engineer for our chennai office. you will use git, monitoring, ansible, ci/cd, linux, shell scripting, kubernetes daily and help scale our monitoring capabilities. we value strong fundamentals in shell scripting and a collaborative mindset. minimum 1 years of experience in a similar role.","Site Reliability Engineer wood, hunter and peterson is hiring a site reliability engineer for our chennai office. you will use git, monitoring, ansible, ci/cd, linux, shell scripting, kubernetes daily and help scale our monitoring capabilities. we value strong fundamentals in shell scripting and a collaborative mindset. minimum 1 years of experience in a similar role. Git Monitoring Ansible CI/CD Linux Shell Scripting Kubernetes",10
JOB00154,Backend Python Engineer,Python Developer,Green-Wright,Delhi NCR,SQL; Pandas; Docker; Git,1-4 years,18-21,"Exciting opportunity for a Backend Python Engineer at Green-Wright. Must be proficient in SQL, Pandas, Docker, Git, with practical exposure to Git and Docker. You'll work in an agile environment solving real business problems. 1+ years experience preferred.","['SQL', 'Pandas', 'Docker', 'Git']",SQL Pandas Docker Git,1.0,4.0,2.5,18.0,21.0,19.5,"exciting opportunity for a backend python engineer at green-wright. must be proficient in sql, pandas, docker, git, with practical exposure to git and docker. you'll work in an agile environment solving real business problems. 1+ years experience preferred.","Backend Python Engineer exciting opportunity for a backend python engineer at green-wright. must be proficient in sql, pandas, docker, git, with practical exposure to git and docker. you'll work in an agile environment solving real business problems. 1+ years experience preferred. SQL Pandas Docker Git",7
JOB00193,Cloud Engineer,DevOps Engineer,Short-Garcia,Remote,Kubernetes; Shell Scripting; CI/CD; Docker; Ansible; Monitoring; AWS,0-3 years,12-15,"Short-Garcia is hiring a Cloud Engineer for our Remote office. You will use Kubernetes, Shell Scripting, CI/CD, Docker, Ansible, Monitoring, AWS daily and help scale our Ansible capabilities. We value strong fundamentals in Docker and a collaborative mindset. Minimum 0 years of experience in a similar role.","['Kubernetes', 'Shell Scripting', 'CI/CD', 'Docker', 'Ansible', 'Monitoring', 'AWS']",Kubernetes Shell Scripting CI/CD Docker Ansible Monitoring AWS,0.0,3.0,1.5,12.0,15.0,13.5,"short-garcia is hiring a cloud engineer for our remote office. you will use kubernetes, shell scripting, ci/cd, docker, ansible, monitoring, aws daily and help scale our ansible capabilities. we value strong fundamentals in docker and a collaborative mindset. minimum 0 years of experience in a similar role.","Cloud Engineer short-garcia is hiring a cloud engineer for our remote office. you will use kubernetes, shell scripting, ci/cd, docker, ansible, monitoring, aws daily and help scale our ansible capabilities. we value strong fundamentals in docker and a collaborative mindset. minimum 0 years of experience in a similar role. Kubernetes Shell Scripting CI/CD Docker Ansible Monitoring AWS",10
JOB00380,Account Manager,Sales,Boone LLC,Chennai,Lead Generation; CRM; Excel; Negotiation; Client Relationship Management,6-9 years,12-16,"We are looking for a Account Manager to join our growing team. The ideal candidate has hands-on experience with Lead Generation, CRM, Excel, Negotiation, Client Relationship Management and can work independently on Lead Generation-driven projects. Responsibilities include collaborating with cross-functional teams, contributing to CRM initiatives, and driving continuous improvement. 6+ years of relevant experience required.","['Lead Generation', 'CRM', 'Excel', 'Negotiation', 'Client Relationship Management']",Lead Generation CRM Excel Negotiation Client Relationship Management,6.0,9.0,7.5,12.0,16.0,14.0,"we are looking for a account manager to join our growing team. the ideal candidate has hands-on experience with lead generation, crm, excel, negotiation, client relationship management and can work independently on lead generation-driven projects. responsibilities include collaborating with cross-functional teams, contributing to crm initiatives, and driving continuous improvement. 6+ years of relevant experience required.","Account Manager we are looking for a account manager to join our growing team. the ideal candidate has hands-on experience with lead generation, crm, excel, negotiation, client relationship management and can work independently on lead generation-driven projects. responsibilities include collaborating with cross-functional teams, contributing to crm initiatives, and driving continuous improvement. 6+ years of relevant experience required. Lead Generation CRM Excel Negotiation Client Relationship Management",3
JOB00212,Cybersecurity Analyst,Network Security Engineer,King-Martinez,Hyderabad,Python; Vulnerability Assessment; SIEM; Network Protocols; Cryptography; Risk Assessment; IDS/IPS; Firewalls,6-9 years,18-20,"Exciting opportunity for a Cybersecurity Analyst at King-Martinez. Must be proficient in Python, Vulnerability Assessment, SIEM, Network Protocols, Cryptography, Risk Assessment, IDS/IPS, Firewalls, with practical exposure to Python and Network Protocols. You'll work in an agile environment solving real business problems. 6+ years experience preferred.","['Python', 'Vulnerability Assessment', 'SIEM', 'Network Protocols', 'Cryptography', 'Risk Assessment', 'IDS/IPS', 'Firewalls']",Python Vulnerability Assessment SIEM Network Protocols Cryptography Risk Assessment IDS/IPS Firewalls,6.0,9.0,7.5,18.0,20.0,19.0,"exciting opportunity for a cybersecurity analyst at king-martinez. must be proficient in python, vulnerability assessment, siem, network protocols, cryptography, risk assessment, ids/ips, firewalls, with practical exposure to python and network protocols. you'll work in an agile environment solving real business problems. 6+ years experience preferred.","Cybersecurity Analyst exciting opportunity for a cybersecurity analyst at king-martinez. must be proficient in python, vulnerability assessment, siem, network protocols, cryptography, risk assessment, ids/ips, firewalls, with practical exposure to python and network protocols. you'll work in an agile environment solving real business problems. 6+ years experience preferred. Python Vulnerability Assessment SIEM Network Protocols Cryptography Risk Assessment IDS/IPS Firewalls",14
JOB00060,Full Stack Developer,Web Development,Gomez-Jenkins,Remote,MongoDB; Git; TypeScript; Express.js; REST API; JavaScript,6-9 years,17-19,"We are looking for a Full Stack Developer to join our growing team. The ideal candidate has hands-on experience with MongoDB, Git, TypeScript, Express.js, REST API, JavaScript and can work independently on JavaScript-driven projects. Responsibilities include collaborating with cross-functional teams, contributing to REST API initiatives, and driving continuous improvement. 6+ years of relevant experience required.","['MongoDB', 'Git', 'TypeScript', 'Express.js', 'REST API', 'JavaScript']",MongoDB Git TypeScript Express.js REST API JavaScript,6.0,9.0,7.5,17.0,19.0,18.0,"we are looking for a full stack developer to join our growing team. the ideal candidate has hands-on experience with mongodb, git, typescript, express.js, rest api, javascript and can work independently on javascript-driven projects. responsibilities include collaborating with cross-functional teams, contributing to rest api initiatives, and driving continuous improvement. 6+ years of relevant experience required.","Full Stack Developer we are looking for a full stack developer to join our growing team. the ideal candidate has hands-on experience with mongodb, git, typescript, express.js, rest api, javascript and can work independently on javascript-driven projects. responsibilities include collaborating with cross-functional teams, contributing to rest api initiatives, and driving continuous improvement. 6+ years of relevant experience required. MongoDB Git TypeScript Express.js REST API JavaScript",2
JOB00153,Python Developer,Python Developer,Manning Group,Bengaluru,Celery; Python; SQL; Git,8-11 years,9-17,"Manning Group is hiring a Python Developer for our Bengaluru office. You will use Celery, Python, SQL, Git daily and help scale our Celery capabilities. We value strong fundamentals in Python and a collaborative mindset. Minimum 8 years of experience in a similar role.","['Celery', 'Python', 'SQL', 'Git']",Celery Python SQL Git,8.0,11.0,9.5,9.0,17.0,13.0,"manning group is hiring a python developer for our bengaluru office. you will use celery, python, sql, git daily and help scale our celery capabilities. we value strong fundamentals in python and a collaborative mindset. minimum 8 years of experience in a similar role.","Python Developer manning group is hiring a python developer for our bengaluru office. you will use celery, python, sql, git daily and help scale our celery capabilities. we value strong fundamentals in python and a collaborative mindset. minimum 8 years of experience in a similar role. Celery Python SQL Git",7
JOB00303,SEO Specialist,Digital Marketing,Santana-Byrd,Remote,Social Media; Email Marketing; Copywriting; Google Analytics; Content Marketing,4-7 years,15-22,"Santana-Byrd is hiring a SEO Specialist for our Remote office. You will use Social Media, Email Marketing, Copywriting, Google Analytics, Content Marketing daily and help scale our Social Media capabilities. We value strong fundamentals in Google Analytics and a collaborative mindset. Minimum 4 years of experience in a similar role.","['Social Media', 'Email Marketing', 'Copywriting', 'Google Analytics', 'Content Marketing']",Social Media Email Marketing Copywriting Google Analytics Content Marketing,4.0,7.0,5.5,15.0,22.0,18.5,"santana-byrd is hiring a seo specialist for our remote office. you will use social media, email marketing, copywriting, google analytics, content marketing daily and help scale our social media capabilities. we value strong fundamentals in google analytics and a collaborative mindset. minimum 4 years of experience in a similar role.","SEO Specialist santana-byrd is hiring a seo specialist for our remote office. you will use social media, email marketing, copywriting, google analytics, content marketing daily and help scale our social media capabilities. we value strong fundamentals in google analytics and a collaborative mindset. minimum 4 years of experience in a similar role. Social Media Email Marketing Copywriting Google Analytics Content Marketing",6
JOB00038,Web Developer,Web Development,"Baker, Mason and White",Chennai,React; Express.js; REST API; MongoDB; Responsive Design; Git; Node.js; HTML,1-4 years,13-21,"Exciting opportunity for a Web Developer at Baker, Mason and White. Must be proficient in React, Express.js, REST API, MongoDB, Responsive Design, Git, Node.js, HTML, with practical exposure to HTML and REST API. You'll work in an agile environment solving real business problems. 1+ years experience preferred.","['React', 'Express.js', 'REST API', 'MongoDB', 'Responsive Design', 'Git', 'Node.js', 'HTML']",React Express.js REST API MongoDB Responsive Design Git Node.js HTML,1.0,4.0,2.5,13.0,21.0,17.0,"exciting opportunity for a web developer at baker, mason and white. must be proficient in react, express.js, rest api, mongodb, responsive design, git, node.js, html, with practical exposure to html and rest api. you'll work in an agile environment solving real business problems. 1+ years experience preferred.","Web Developer exciting opportunity for a web developer at baker, mason and white. must be proficient in react, express.js, rest api, mongodb, responsive design, git, node.js, html, with practical exposure to html and rest api. you'll work in an agile environment solving real business problems. 1+ years experience preferred. React Express.js REST API MongoDB Responsive Design Git Node.js HTML",2
JOB00447,Structural Engineer,Civil Engineer,"Henderson, Cox and Cox",Delhi NCR,Surveying; Project Management; Construction Management; Structural Analysis; AutoCAD,3-6 years,19-21,"Exciting opportunity for a Structural Engineer at Henderson, Cox and Cox. Must be proficient in Surveying, Project Management, Construction Management, Structural Analysis, AutoCAD, with practical exposure to Surveying and Construction Management. You'll work in an agile environment solving real business problems. 3+ years experience preferred.","['Surveying', 'Project Management', 'Construction Management', 'Structural Analysis', 'AutoCAD']",Surveying Project Management Construction Management Structural Analysis AutoCAD,3.0,6.0,4.5,19.0,21.0,20.0,"exciting opportunity for a structural engineer at henderson, cox and cox. must be proficient in surveying, project management, construction management, structural analysis, autocad, with practical exposure to surveying and construction management. you'll work in an agile environment solving real business problems. 3+ years experience preferred.","Structural Engineer exciting opportunity for a structural engineer at henderson, cox and cox. must be proficient in surveying, project management, construction management, structural analysis, autocad, with practical exposure to surveying and construction management. you'll work in an agile environment solving real business problems. 3+ years experience preferred. Surveying Project Management Construction Management Structural Analysis AutoCAD",11
JOB00381,Business Development Executive,Sales,"Richardson, Farmer and Andrews",Kolkata,Excel; Cold Calling; Communication; Client Relationship Management; Lead Generation; Negotiation,5-8 years,5-13,"Exciting opportunity for a Business Development Executive at Richardson, Farmer and Andrews. Must be proficient in Excel, Cold Calling, Communication, Client Relationship Management, Lead Generation, Negotiation, with practical exposure to Negotiation and Cold Calling. You'll work in an agile environment solving real business problems. 5+ years experience preferred.","['Excel', 'Cold Calling', 'Communication', 'Client Relationship Management', 'Lead Generation', 'Negotiation']",Excel Cold Calling Communication Client Relationship Management Lead Generation Negotiation,5.0,8.0,6.5,5.0,13.0,9.0,"exciting opportunity for a business development executive at richardson, farmer and andrews. must be proficient in excel, cold calling, communication, client relationship management, lead generation, negotiation, with practical exposure to negotiation and cold calling. you'll work in an agile environment solving real business problems. 5+ years experience preferred.","Business Development Executive exciting opportunity for a business development executive at richardson, farmer and andrews. must be proficient in excel, cold calling, communication, client relationship management, lead generation, negotiation, with practical exposure to negotiation and cold calling. you'll work in an agile environment solving real business problems. 5+ years experience preferred. Excel Cold Calling Communication Client Relationship Management Lead Generation Negotiation",3
JOB00065,Web Developer,Web Development,Baxter Inc,Pune,Responsive Design; TypeScript; REST API; JavaScript,4-7 years,4-8,"Baxter Inc is hiring a Web Developer for our Pune office. You will use Responsive Design, TypeScript, REST API, JavaScript daily and help scale our JavaScript capabilities. We value strong fundamentals in REST API and a collaborative mindset. Minimum 4 years of experience in a similar role.","['Responsive Design', 'TypeScript', 'REST API', 'JavaScript']",Responsive Design TypeScript REST API JavaScript,4.0,7.0,5.5,4.0,8.0,6.0,"baxter inc is hiring a web developer for our pune office. you will use responsive design, typescript, rest api, javascript daily and help scale our javascript capabilities. we value strong fundamentals in rest api and a collaborative mindset. minimum 4 years of experience in a similar role.","Web Developer baxter inc is hiring a web developer for our pune office. you will use responsive design, typescript, rest api, javascript daily and help scale our javascript capabilities. we value strong fundamentals in rest api and a collaborative mindset. minimum 4 years of experience in a similar role. Responsive Design TypeScript REST API JavaScript",2
JOB00454,Civil Site Engineer,Civil Engineer,White Ltd,Pune,Revit; AutoCAD; Cost Estimation; Construction Management,3-6 years,20-25,"White Ltd is hiring a Civil Site Engineer for our Pune office. You will use Revit, AutoCAD, Cost Estimation, Construction Management daily and help scale our Revit capabilities. We value strong fundamentals in AutoCAD and a collaborative mindset. Minimum 3 years of experience in a similar role.","['Revit', 'AutoCAD', 'Cost Estimation', 'Construction Management']",Revit AutoCAD Cost Estimation Construction Management,3.0,6.0,4.5,20.0,25.0,22.5,"white ltd is hiring a civil site engineer for our pune office. you will use revit, autocad, cost estimation, construction management daily and help scale our revit capabilities. we value strong fundamentals in autocad and a collaborative mindset. minimum 3 years of experience in a similar role.","Civil Site Engineer white ltd is hiring a civil site engineer for our pune office. you will use revit, autocad, cost estimation, construction management daily and help scale our revit capabilities. we value strong fundamentals in autocad and a collaborative mindset. minimum 3 years of experience in a similar role. Revit AutoCAD Cost Estimation Construction Management",11
JOB00258,Product Analyst,Business Analyst,"Bryan, Smith and Booth",Ahmedabad,Stakeholder Management; Agile; Tableau; Excel; Communication,8-11 years,14-18,"Bryan, Smith and Booth is hiring a Product Analyst for our Ahmedabad office. You will use Stakeholder Management, Agile, Tableau, Excel, Communication daily and help scale our Tableau capabilities. We value strong fundamentals in Communication and a collaborative mindset. Minimum 8 years of experience in a similar role.","['Stakeholder Management', 'Agile', 'Tableau', 'Excel', 'Communication']",Stakeholder Management Agile Tableau Excel Communication,8.0,11.0,9.5,14.0,18.0,16.0,"bryan, smith and booth is hiring a product analyst for our ahmedabad office. you will use stakeholder management, agile, tableau, excel, communication daily and help scale our tableau capabilities. we value strong fundamentals in communication and a collaborative mindset. minimum 8 years of experience in a similar role.","Product Analyst bryan, smith and booth is hiring a product analyst for our ahmedabad office. you will use stakeholder management, agile, tableau, excel, communication daily and help scale our tableau capabilities. we value strong fundamentals in communication and a collaborative mindset. minimum 8 years of experience in a similar role. Stakeholder Management Agile Tableau Excel Communication",9
JOB00346,HR Generalist,HR,Zhang PLC,Pune,Onboarding; HRIS; Employee Engagement; Performance Management; Communication; Recruitment,8-11 years,5-13,"Exciting opportunity for a HR Generalist at Zhang PLC. Must be proficient in Onboarding, HRIS, Employee Engagement, Performance Management, Communication, Recruitment, with practical exposure to HRIS and Employee Engagement. You'll work in an agile environment solving real business problems. 8+ years experience preferred.","['Onboarding', 'HRIS', 'Employee Engagement', 'Performance Management', 'Communication', 'Recruitment']",Onboarding HRIS Employee Engagement Performance Management Communication Recruitment,8.0,11.0,9.5,5.0,13.0,9.0,"exciting opportunity for a hr generalist at zhang plc. must be proficient in onboarding, hris, employee engagement, performance management, communication, recruitment, with practical exposure to hris and employee engagement. you'll work in an agile environment solving real business problems. 8+ years experience preferred.","HR Generalist exciting opportunity for a hr generalist at zhang plc. must be proficient in onboarding, hris, employee engagement, performance management, communication, recruitment, with practical exposure to hris and employee engagement. you'll work in an agile environment solving real business problems. 8+ years experience preferred. Onboarding HRIS Employee Engagement Performance Management Communication Recruitment",1
JOB00509,Nutrition Consultant,Health and Fitness,Jackson-Wallace,Mumbai,Communication; Client Assessment; First Aid; Nutrition Planning; Program Design; CPR Certified,6-9 years,8-14,"We are looking for a Nutrition Consultant to join our growing team. The ideal candidate has hands-on experience with Communication, Client Assessment, First Aid, Nutrition Planning, Program Design, CPR Certified and can work independently on Communication-driven projects. Responsibilities include collaborating with cross-functional teams, contributing to Client Assessment initiatives, and driving continuous improvement. 6+ years of relevant experience required.","['Communication', 'Client Assessment', 'First Aid', 'Nutrition Planning', 'Program Design', 'CPR Certified']",Communication Client Assessment First Aid Nutrition Planning Program Design CPR Certified,6.0,9.0,7.5,8.0,14.0,11.0,"we are looking for a nutrition consultant to join our growing team. the ideal candidate has hands-on experience with communication, client assessment, first aid, nutrition planning, program design, cpr certified and can work independently on communication-driven projects. responsibilities include collaborating with cross-functional teams, contributing to client assessment initiatives, and driving continuous improvement. 6+ years of relevant experience required.","Nutrition Consultant we are looking for a nutrition consultant to join our growing team. the ideal candidate has hands-on experience with communication, client assessment, first aid, nutrition planning, program design, cpr certified and can work independently on communication-driven projects. responsibilities include collaborating with cross-functional teams, contributing to client assessment initiatives, and driving continuous improvement. 6+ years of relevant experience required. Communication Client Assessment First Aid Nutrition Planning Program Design CPR Certified",5
JOB00280,Business Analyst,Business Analyst,"Reyes, Chase and Jenkins",Ahmedabad,Data Visualization; Requirements Gathering; Agile; Stakeholder Management; SQL; Excel; Tableau; Process Improvement,7-10 years,12-20,"Reyes, Chase and Jenkins is hiring a Business Analyst for our Ahmedabad office. You will use Data Visualization, Requirements Gathering, Agile, Stakeholder Management, SQL, Excel, Tableau, Process Improvement daily and help scale our Data Visualization capabilities. We value strong fundamentals in Tableau and a collaborative mindset. Minimum 7 years of experience in a similar role.","['Data Visualization', 'Requirements Gathering', 'Agile', 'Stakeholder Management', 'SQL', 'Excel', 'Tableau', 'Process Improvement']",Data Visualization Requirements Gathering Agile Stakeholder Management SQL Excel Tableau Process Improvement,7.0,10.0,8.5,12.0,20.0,16.0,"reyes, chase and jenkins is hiring a business analyst for our ahmedabad office. you will use data visualization, requirements gathering, agile, stakeholder management, sql, excel, tableau, process improvement daily and help scale our data visualization capabilities. we value strong fundamentals in tableau and a collaborative mindset. minimum 7 years of experience in a similar role.","Business Analyst reyes, chase and jenkins is hiring a business analyst for our ahmedabad office. you will use data visualization, requirements gathering, agile, stakeholder management, sql, excel, tableau, process improvement daily and help scale our data visualization capabilities. we value strong fundamentals in tableau and a collaborative mindset. minimum 7 years of experience in a similar role. Data Visualization Requirements Gathering Agile Stakeholder Management SQL Excel Tableau Process Improvement",9
JOB00368,Sales Executive,Sales,Gutierrez Group,Chennai,Communication; Sales Strategy; Client Relationship Management; Lead Generation; CRM; Negotiation; Excel,3-6 years,5-9,"Exciting opportunity for a Sales Executive at Gutierrez Group. Must be proficient in Communication, Sales Strategy, Client Relationship Management, Lead Generation, CRM, Negotiation, Excel, with practical exposure to Communication and Excel. You'll work in an agile environment solving real business problems. 3+ years experience preferred.","['Communication', 'Sales Strategy', 'Client Relationship Management', 'Lead Generation', 'CRM', 'Negotiation', 'Excel']",Communication Sales Strategy Client Relationship Management Lead Generation CRM Negotiation Excel,3.0,6.0,4.5,5.0,9.0,7.0,"exciting opportunity for a sales executive at gutierrez group. must be proficient in communication, sales strategy, client relationship management, lead generation, crm, negotiation, excel, with practical exposure to communication and excel. you'll work in an agile environment solving real business problems. 3+ years experience preferred.","Sales Executive exciting opportunity for a sales executive at gutierrez group. must be proficient in communication, sales strategy, client relationship management, lead generation, crm, negotiation, excel, with practical exposure to communication and excel. you'll work in an agile environment solving real business problems. 3+ years experience preferred. Communication Sales Strategy Client Relationship Management Lead Generation CRM Negotiation Excel",3
JOB00450,Structural Engineer,Civil Engineer,Jones Inc,Delhi NCR,Structural Analysis; Construction Management; Revit; Surveying; AutoCAD; Cost Estimation; Project Management,5-8 years,8-15,"Jones Inc is hiring a Structural Engineer for our Delhi NCR office. You will use Structural Analysis, Construction Management, Revit, Surveying, AutoCAD, Cost Estimation, Project Management daily and help scale our Surveying capabilities. We value strong fundamentals in Cost Estimation and a collaborative mindset. Minimum 5 years of experience in a similar role.","['Structural Analysis', 'Construction Management', 'Revit', 'Surveying', 'AutoCAD', 'Cost Estimation', 'Project Management']",Structural Analysis Construction Management Revit Surveying AutoCAD Cost Estimation Project Management,5.0,8.0,6.5,8.0,15.0,11.5,"jones inc is hiring a structural engineer for our delhi ncr office. you will use structural analysis, construction management, revit, surveying, autocad, cost estimation, project management daily and help scale our surveying capabilities. we value strong fundamentals in cost estimation and a collaborative mindset. minimum 5 years of experience in a similar role.","Structural Engineer jones inc is hiring a structural engineer for our delhi ncr office. you will use structural analysis, construction management, revit, surveying, autocad, cost estimation, project management daily and help scale our surveying capabilities. we value strong fundamentals in cost estimation and a collaborative mindset. minimum 5 years of experience in a similar role. Structural Analysis Construction Management Revit Surveying AutoCAD Cost Estimation Project Management",11
JOB00182,DevOps Engineer,DevOps Engineer,"Gould, Marshall and Scott",Pune,Monitoring; Kubernetes; Linux; Ansible; AWS; Git,3-6 years,12-20,"We are looking for a DevOps Engineer to join our growing team. The ideal candidate has hands-on experience with Monitoring, Kubernetes, Linux, Ansible, AWS, Git and can work independently on Ansible-driven projects. Responsibilities include collaborating with cross-functional teams, contributing to Git initiatives, and driving continuous improvement. 3+ years of relevant experience required.","['Monitoring', 'Kubernetes', 'Linux', 'Ansible', 'AWS', 'Git']",Monitoring Kubernetes Linux Ansible AWS Git,3.0,6.0,4.5,12.0,20.0,16.0,"we are looking for a devops engineer to join our growing team. the ideal candidate has hands-on experience with monitoring, kubernetes, linux, ansible, aws, git and can work independently on ansible-driven projects. responsibilities include collaborating with cross-functional teams, contributing to git initiatives, and driving continuous improvement. 3+ years of relevant experience required.","DevOps Engineer we are looking for a devops engineer to join our growing team. the ideal candidate has hands-on experience with monitoring, kubernetes, linux, ansible, aws, git and can work independently on ansible-driven projects. responsibilities include collaborating with cross-functional teams, contributing to git initiatives, and driving continuous improvement. 3+ years of relevant experience required. Monitoring Kubernetes Linux Ansible AWS Git",10
JOB00353,Sales Executive,Sales,Smith and Sons,Hyderabad,CRM; Sales Strategy; Cold Calling; Communication; Negotiation; Excel; Lead Generation,7-10 years,13-16,"Exciting opportunity for a Sales Executive at Smith and Sons. Must be proficient in CRM, Sales Strategy, Cold Calling, Communication, Negotiation, Excel, Lead Generation, with practical exposure to CRM and Communication. You'll work in an agile environment solving real business problems. 7+ years experience preferred.","['CRM', 'Sales Strategy', 'Cold Calling', 'Communication', 'Negotiation', 'Excel', 'Lead Generation']",CRM Sales Strategy Cold Calling Communication Negotiation Excel Lead Generation,7.0,10.0,8.5,13.0,16.0,14.5,"exciting opportunity for a sales executive at smith and sons. must be proficient in crm, sales strategy, cold calling, communication, negotiation, excel, lead generation, with practical exposure to crm and communication. you'll work in an agile environment solving real business problems. 7+ years experience preferred.","Sales Executive exciting opportunity for a sales executive at smith and sons. must be proficient in crm, sales strategy, cold calling, communication, negotiation, excel, lead generation, with practical exposure to crm and communication. you'll work in an agile environment solving real business problems. 7+ years experience preferred. CRM Sales Strategy Cold Calling Communication Negotiation Excel Lead Generation",3
JOB00239,Cybersecurity Analyst,Network Security Engineer,"Guerrero, Peck and Coleman",Kolkata,Cryptography; Network Protocols; Penetration Testing; Firewalls; SIEM; Python; Linux; IDS/IPS,0-3 years,10-18,"We are looking for a Cybersecurity Analyst to join our growing team. The ideal candidate has hands-on experience with Cryptography, Network Protocols, Penetration Testing, Firewalls, SIEM, Python, Linux, IDS/IPS and can work independently on IDS/IPS-driven projects. Responsibilities include collaborating with cross-functional teams, contributing to Cryptography initiatives, and driving continuous improvement. 0+ years of relevant experience required.","['Cryptography', 'Network Protocols', 'Penetration Testing', 'Firewalls', 'SIEM', 'Python', 'Linux', 'IDS/IPS']",Cryptography Network Protocols Penetration Testing Firewalls SIEM Python Linux IDS/IPS,0.0,3.0,1.5,10.0,18.0,14.0,"we are looking for a cybersecurity analyst to join our growing team. the ideal candidate has hands-on experience with cryptography, network protocols, penetration testing, firewalls, siem, python, linux, ids/ips and can work independently on ids/ips-driven projects. responsibilities include collaborating with cross-functional teams, contributing to cryptography initiatives, and driving continuous improvement. 0+ years of relevant experience required.","Cybersecurity Analyst we are looking for a cybersecurity analyst to join our growing team. the ideal candidate has hands-on experience with cryptography, network protocols, penetration testing, firewalls, siem, python, linux, ids/ips and can work independently on ids/ips-driven projects. responsibilities include collaborating with cross-functional teams, contributing to cryptography initiatives, and driving continuous improvement. 0+ years of relevant experience required. Cryptography Network Protocols Penetration Testing Firewalls SIEM Python Linux IDS/IPS",14
JOB00413,Mechanical Design Engineer,Mechanical Engineer,"Miller, Harrell and Reese",Kolkata,Project Management; Thermodynamics; Manufacturing; AutoCAD; SolidWorks,4-7 years,6-13,"Exciting opportunity for a Mechanical Design Engineer at Miller, Harrell and Reese. Must be proficient in Project Management, Thermodynamics, Manufacturing, AutoCAD, SolidWorks, with practical exposure to Thermodynamics and Manufacturing. You'll work in an agile environment solving real business problems. 4+ years experience preferred.","['Project Management', 'Thermodynamics', 'Manufacturing', 'AutoCAD', 'SolidWorks']",Project Management Thermodynamics Manufacturing AutoCAD SolidWorks,4.0,7.0,5.5,6.0,13.0,9.5,"exciting opportunity for a mechanical design engineer at miller, harrell and reese. must be proficient in project management, thermodynamics, manufacturing, autocad, solidworks, with practical exposure to thermodynamics and manufacturing. you'll work in an agile environment solving real business problems. 4+ years experience preferred.","Mechanical Design Engineer exciting opportunity for a mechanical design engineer at miller, harrell and reese. must be proficient in project management, thermodynamics, manufacturing, autocad, solidworks, with practical exposure to thermodynamics and manufacturing. you'll work in an agile environment solving real business problems. 4+ years experience preferred. Project Management Thermodynamics Manufacturing AutoCAD SolidWorks",8
JOB00489,Graphic Designer,Graphic Designer,King-Smith,Chennai,Photoshop; Illustrator; InDesign; Figma; Branding; UI/UX; Creativity; Communication,0-3 years,4-6,"King-Smith is hiring a Graphic Designer for our Chennai office. You will use Photoshop, Illustrator, InDesign, Figma, Branding, UI/UX, Creativity, Communication daily and help scale our Figma capabilities. We value strong fundamentals in UI/UX and a collaborative mindset. Minimum 0 years of experience in a similar role.","['Photoshop', 'Illustrator', 'InDesign', 'Figma', 'Branding', 'UI/UX', 'Creativity', 'Communication']",Photoshop Illustrator InDesign Figma Branding UI/UX Creativity Communication,0.0,3.0,1.5,4.0,6.0,5.0,"king-smith is hiring a graphic designer for our chennai office. you will use photoshop, illustrator, indesign, figma, branding, ui/ux, creativity, communication daily and help scale our figma capabilities. we value strong fundamentals in ui/ux and a collaborative mindset. minimum 0 years of experience in a similar role.","Graphic Designer king-smith is hiring a graphic designer for our chennai office. you will use photoshop, illustrator, indesign, figma, branding, ui/ux, creativity, communication daily and help scale our figma capabilities. we value strong fundamentals in ui/ux and a collaborative mindset. minimum 0 years of experience in a similar role. Photoshop Illustrator InDesign Figma Branding UI/UX Creativity Communication",0
JOB00468,Graphic Designer,Graphic Designer,Wilkerson-Arias,Pune,InDesign; UI/UX; Creativity; Figma; Illustrator; Branding; Photoshop,7-10 years,15-24,"Wilkerson-Arias is hiring a Graphic Designer for our Pune office. You will use InDesign, UI/UX, Creativity, Figma, Illustrator, Branding, Photoshop daily and help scale our Branding capabilities. We value strong fundamentals in InDesign and a collaborative mindset. Minimum 7 years of experience in a similar role.","['InDesign', 'UI/UX', 'Creativity', 'Figma', 'Illustrator', 'Branding', 'Photoshop']",InDesign UI/UX Creativity Figma Illustrator Branding Photoshop,7.0,10.0,8.5,15.0,24.0,19.5,"wilkerson-arias is hiring a graphic designer for our pune office. you will use indesign, ui/ux, creativity, figma, illustrator, branding, photoshop daily and help scale our branding capabilities. we value strong fundamentals in indesign and a collaborative mindset. minimum 7 years of experience in a similar role.","Graphic Designer wilkerson-arias is hiring a graphic designer for our pune office. you will use indesign, ui/ux, creativity, figma, illustrator, branding, photoshop daily and help scale our branding capabilities. we value strong fundamentals in indesign and a collaborative mindset. minimum 7 years of experience in a similar role. InDesign UI/UX Creativity Figma Illustrator Branding Photoshop",0
JOB00282,Marketing Analyst,Digital Marketing,Hughes-Alvarado,Kolkata,PPC; Social Media; Copywriting; Marketing Strategy; Communication; Excel; SEO,1-4 years,4-8,"We are looking for a Marketing Analyst to join our growing team. The ideal candidate has hands-on experience with PPC, Social Media, Copywriting, Marketing Strategy, Communication, Excel, SEO and can work independently on PPC-driven projects. Responsibilities include collaborating with cross-functional teams, contributing to Marketing Strategy initiatives, and driving continuous improvement. 1+ years of relevant experience required.","['PPC', 'Social Media', 'Copywriting', 'Marketing Strategy', 'Communication', 'Excel', 'SEO']",PPC Social Media Copywriting Marketing Strategy Communication Excel SEO,1.0,4.0,2.5,4.0,8.0,6.0,"we are looking for a marketing analyst to join our growing team. the ideal candidate has hands-on experience with ppc, social media, copywriting, marketing strategy, communication, excel, seo and can work independently on ppc-driven projects. responsibilities include collaborating with cross-functional teams, contributing to marketing strategy initiatives, and driving continuous improvement. 1+ years of relevant experience required.","Marketing Analyst we are looking for a marketing analyst to join our growing team. the ideal candidate has hands-on experience with ppc, social media, copywriting, marketing strategy, communication, excel, seo and can work independently on ppc-driven projects. responsibilities include collaborating with cross-functional teams, contributing to marketing strategy initiatives, and driving continuous improvement. 1+ years of relevant experience required. PPC Social Media Copywriting Marketing Strategy Communication Excel SEO",6
JOB00203,Cloud Engineer,DevOps Engineer,Peterson-Beard,Remote,Linux; Terraform; CI/CD; Kubernetes; Git; Ansible; Docker; AWS,8-11 years,15-22,"Exciting opportunity for a Cloud Engineer at Peterson-Beard. Must be proficient in Linux, Terraform, CI/CD, Kubernetes, Git, Ansible, Docker, AWS, with practical exposure to CI/CD and AWS. You'll work in an agile environment solving real business problems. 8+ years experience preferred.","['Linux', 'Terraform', 'CI/CD', 'Kubernetes', 'Git', 'Ansible', 'Docker', 'AWS']",Linux Terraform CI/CD Kubernetes Git Ansible Docker AWS,8.0,11.0,9.5,15.0,22.0,18.5,"exciting opportunity for a cloud engineer at peterson-beard. must be proficient in linux, terraform, ci/cd, kubernetes, git, ansible, docker, aws, with practical exposure to ci/cd and aws. you'll work in an agile environment solving real business problems. 8+ years experience preferred.","Cloud Engineer exciting opportunity for a cloud engineer at peterson-beard. must be proficient in linux, terraform, ci/cd, kubernetes, git, ansible, docker, aws, with practical exposure to ci/cd and aws. you'll work in an agile environment solving real business problems. 8+ years experience preferred. Linux Terraform CI/CD Kubernetes Git Ansible Docker AWS",10
JOB00251,Product Analyst,Business Analyst,Moon-White,Pune,Communication; Agile; Process Improvement; Data Visualization,4-7 years,15-20,"We are looking for a Product Analyst to join our growing team. The ideal candidate has hands-on experience with Communication, Agile, Process Improvement, Data Visualization and can work independently on Agile-driven projects. Responsibilities include collaborating with cross-functional teams, contributing to Data Visualization initiatives, and driving continuous improvement. 4+ years of relevant experience required.","['Communication', 'Agile', 'Process Improvement', 'Data Visualization']",Communication Agile Process Improvement Data Visualization,4.0,7.0,5.5,15.0,20.0,17.5,"we are looking for a product analyst to join our growing team. the ideal candidate has hands-on experience with communication, agile, process improvement, data visualization and can work independently on agile-driven projects. responsibilities include collaborating with cross-functional teams, contributing to data visualization initiatives, and driving continuous improvement. 4+ years of relevant experience required.","Product Analyst we are looking for a product analyst to join our growing team. the ideal candidate has hands-on experience with communication, agile, process improvement, data visualization and can work independently on agile-driven projects. responsibilities include collaborating with cross-functional teams, contributing to data visualization initiatives, and driving continuous improvement. 4+ years of relevant experience required. Communication Agile Process Improvement Data Visualization",9
JOB00271,Business Analyst,Business Analyst,"Thomas, Lee and Greene",Kolkata,Agile; Requirements Gathering; Tableau; Communication; Excel; Data Visualization,7-10 years,10-13,"Exciting opportunity for a Business Analyst at Thomas, Lee and Greene. Must be proficient in Agile, Requirements Gathering, Tableau, Communication, Excel, Data Visualization, with practical exposure to Excel and Requirements Gathering. You'll work in an agile environment solving real business problems. 7+ years experience preferred.","['Agile', 'Requirements Gathering', 'Tableau', 'Communication', 'Excel', 'Data Visualization']",Agile Requirements Gathering Tableau Communication Excel Data Visualization,7.0,10.0,8.5,10.0,13.0,11.5,"exciting opportunity for a business analyst at thomas, lee and greene. must be proficient in agile, requirements gathering, tableau, communication, excel, data visualization, with practical exposure to excel and requirements gathering. you'll work in an agile environment solving real business problems. 7+ years experience preferred.","Business Analyst exciting opportunity for a business analyst at thomas, lee and greene. must be proficient in agile, requirements gathering, tableau, communication, excel, data visualization, with practical exposure to excel and requirements gathering. you'll work in an agile environment solving real business problems. 7+ years experience preferred. Agile Requirements Gathering Tableau Communication Excel Data Visualization",9
JOB00506,Nutrition Consultant,Health and Fitness,Morrison-Short,Delhi NCR,Exercise Physiology; Program Design; Communication; Nutrition Planning; CPR Certified,7-10 years,20-27,"Exciting opportunity for a Nutrition Consultant at Morrison-Short. Must be proficient in Exercise Physiology, Program Design, Communication, Nutrition Planning, CPR Certified, with practical exposure to Nutrition Planning and Exercise Physiology. You'll work in an agile environment solving real business problems. 7+ years experience preferred.","['Exercise Physiology', 'Program Design', 'Communication', 'Nutrition Planning', 'CPR Certified']",Exercise Physiology Program Design Communication Nutrition Planning CPR Certified,7.0,10.0,8.5,20.0,27.0,23.5,"exciting opportunity for a nutrition consultant at morrison-short. must be proficient in exercise physiology, program design, communication, nutrition planning, cpr certified, with practical exposure to nutrition planning and exercise physiology. you'll work in an agile environment solving real business problems. 7+ years experience preferred.","Nutrition Consultant exciting opportunity for a nutrition consultant at morrison-short. must be proficient in exercise physiology, program design, communication, nutrition planning, cpr certified, with practical exposure to nutrition planning and exercise physiology. you'll work in an agile environment solving real business problems. 7+ years experience preferred. Exercise Physiology Program Design Communication Nutrition Planning CPR Certified",5
JOB00495,Fitness Trainer,Health and Fitness,Brown Group,Kolkata,Client Assessment; Program Design; CPR Certified; First Aid,8-11 years,7-12,"Brown Group is hiring a Fitness Trainer for our Kolkata office. You will use Client Assessment, Program Design, CPR Certified, First Aid daily and help scale our CPR Certified capabilities. We value strong fundamentals in First Aid and a collaborative mindset. Minimum 8 years of experience in a similar role.","['Client Assessment', 'Program Design', 'CPR Certified', 'First Aid']",Client Assessment Program Design CPR Certified First Aid,8.0,11.0,9.5,7.0,12.0,9.5,"brown group is hiring a fitness trainer for our kolkata office. you will use client assessment, program design, cpr certified, first aid daily and help scale our cpr certified capabilities. we value strong fundamentals in first aid and a collaborative mindset. minimum 8 years of experience in a similar role.","Fitness Trainer brown group is hiring a fitness trainer for our kolkata office. you will use client assessment, program design, cpr certified, first aid daily and help scale our cpr certified capabilities. we value strong fundamentals in first aid and a collaborative mindset. minimum 8 years of experience in a similar role. Client Assessment Program Design CPR Certified First Aid",5
JOB00001,Data Analyst,Data Science,"Rodriguez, Figueroa and Sanchez",Noida,Excel; Python; Machine Learning; SQL; Scikit-learn,1-4 years,19-26,"We are looking for a Data Analyst to join our growing team. The ideal candidate has hands-on experience with Excel, Python, Machine Learning, SQL, Scikit-learn and can work independently on Machine Learning-driven projects. Responsibilities include collaborating with cross-functional teams, contributing to Python initiatives, and driving continuous improvement. 1+ years of relevant experience required.","['Excel', 'Python', 'Machine Learning', 'SQL', 'Scikit-learn']",Excel Python Machine Learning SQL Scikit-learn,1.0,4.0,2.5,19.0,26.0,22.5,"we are looking for a data analyst to join our growing team. the ideal candidate has hands-on experience with excel, python, machine learning, sql, scikit-learn and can work independently on machine learning-driven projects. responsibilities include collaborating with cross-functional teams, contributing to python initiatives, and driving continuous improvement. 1+ years of relevant experience required.","Data Analyst we are looking for a data analyst to join our growing team. the ideal candidate has hands-on experience with excel, python, machine learning, sql, scikit-learn and can work independently on machine learning-driven projects. responsibilities include collaborating with cross-functional teams, contributing to python initiatives, and driving continuous improvement. 1+ years of relevant experience required. Excel Python Machine Learning SQL Scikit-learn",13
JOB00310,SEO Specialist,Digital Marketing,Smith-Grimes,Hyderabad,Email Marketing; Content Marketing; PPC; Social Media,6-9 years,10-14,"We are looking for a SEO Specialist to join our growing team. The ideal candidate has hands-on experience with Email Marketing, Content Marketing, PPC, Social Media and can work independently on Email Marketing-driven projects. Responsibilities include collaborating with cross-functional teams, contributing to PPC initiatives, and driving continuous improvement. 6+ years of relevant experience required.","['Email Marketing', 'Content Marketing', 'PPC', 'Social Media']",Email Marketing Content Marketing PPC Social Media,6.0,9.0,7.5,10.0,14.0,12.0,"we are looking for a seo specialist to join our growing team. the ideal candidate has hands-on experience with email marketing, content marketing, ppc, social media and can work independently on email marketing-driven projects. responsibilities include collaborating with cross-functional teams, contributing to ppc initiatives, and driving continuous improvement. 6+ years of relevant experience required.","SEO Specialist we are looking for a seo specialist to join our growing team. the ideal candidate has hands-on experience with email marketing, content marketing, ppc, social media and can work independently on email marketing-driven projects. responsibilities include collaborating with cross-functional teams, contributing to ppc initiatives, and driving continuous improvement. 6+ years of relevant experience required. Email Marketing Content Marketing PPC Social Media",6
JOB00438,Civil Site Engineer,Civil Engineer,"Williams, Mccoy and Cook",Pune,Project Management; Revit; Construction Management; Structural Analysis; Cost Estimation; AutoCAD,3-6 years,15-24,"Exciting opportunity for a Civil Site Engineer at Williams, Mccoy and Cook. Must be proficient in Project Management, Revit, Construction Management, Structural Analysis, Cost Estimation, AutoCAD, with practical exposure to Cost Estimation and Revit. You'll work in an agile environment solving real business problems. 3+ years experience preferred.","['Project Management', 'Revit', 'Construction Management', 'Structural Analysis', 'Cost Estimation', 'AutoCAD']",Project Management Revit Construction Management Structural Analysis Cost Estimation AutoCAD,3.0,6.0,4.5,15.0,24.0,19.5,"exciting opportunity for a civil site engineer at williams, mccoy and cook. must be proficient in project management, revit, construction management, structural analysis, cost estimation, autocad, with practical exposure to cost estimation and revit. you'll work in an agile environment solving real business problems. 3+ years experience preferred.","Civil Site Engineer exciting opportunity for a civil site engineer at williams, mccoy and cook. must be proficient in project management, revit, construction management, structural analysis, cost estimation, autocad, with practical exposure to cost estimation and revit. you'll work in an agile environment solving real business problems. 3+ years experience preferred. Project Management Revit Construction Management Structural Analysis Cost Estimation AutoCAD",11
JOB00334,Talent Acquisition Specialist,HR,Davis PLC,Bengaluru,Payroll; Conflict Resolution; HRIS; Onboarding; Recruitment; Communication; Excel; Employee Engagement,6-9 years,19-22,"Exciting opportunity for a Talent Acquisition Specialist at Davis PLC. Must be proficient in Payroll, Conflict Resolution, HRIS, Onboarding, Recruitment, Communication, Excel, Employee Engagement, with practical exposure to Onboarding and Conflict Resolution. You'll work in an agile environment solving real business problems. 6+ years experience preferred.","['Payroll', 'Conflict Resolution', 'HRIS', 'Onboarding', 'Recruitment', 'Communication', 'Excel', 'Employee Engagement']",Payroll Conflict Resolution HRIS Onboarding Recruitment Communication Excel Employee Engagement,6.0,9.0,7.5,19.0,22.0,20.5,"exciting opportunity for a talent acquisition specialist at davis plc. must be proficient in payroll, conflict resolution, hris, onboarding, recruitment, communication, excel, employee engagement, with practical exposure to onboarding and conflict resolution. you'll work in an agile environment solving real business problems. 6+ years experience preferred.","Talent Acquisition Specialist exciting opportunity for a talent acquisition specialist at davis plc. must be proficient in payroll, conflict resolution, hris, onboarding, recruitment, communication, excel, employee engagement, with practical exposure to onboarding and conflict resolution. you'll work in an agile environment solving real business problems. 6+ years experience preferred. Payroll Conflict Resolution HRIS Onboarding Recruitment Communication Excel Employee Engagement",1
JOB00022,Data Analyst,Data Science,"Watts, Robinson and Nguyen",Hyderabad,Tableau; Data Visualization; Scikit-learn; Pandas; A/B Testing; Statistics; SQL; Machine Learning,1-4 years,20-27,"Exciting opportunity for a Data Analyst at Watts, Robinson and Nguyen. Must be proficient in Tableau, Data Visualization, Scikit-learn, Pandas, A/B Testing, Statistics, SQL, Machine Learning, with practical exposure to SQL and Machine Learning. You'll work in an agile environment solving real business problems. 1+ years experience preferred.","['Tableau', 'Data Visualization', 'Scikit-learn', 'Pandas', 'A/B Testing', 'Statistics', 'SQL', 'Machine Learning']",Tableau Data Visualization Scikit-learn Pandas A/B Testing Statistics SQL Machine Learning,1.0,4.0,2.5,20.0,27.0,23.5,"exciting opportunity for a data analyst at watts, robinson and nguyen. must be proficient in tableau, data visualization, scikit-learn, pandas, a/b testing, statistics, sql, machine learning, with practical exposure to sql and machine learning. you'll work in an agile environment solving real business problems. 1+ years experience preferred.","Data Analyst exciting opportunity for a data analyst at watts, robinson and nguyen. must be proficient in tableau, data visualization, scikit-learn, pandas, a/b testing, statistics, sql, machine learning, with practical exposure to sql and machine learning. you'll work in an agile environment solving real business problems. 1+ years experience preferred. Tableau Data Visualization Scikit-learn Pandas A/B Testing Statistics SQL Machine Learning",13
JOB00083,Android Developer,Android Development,Donovan-Harris,Pune,Android SDK; Jetpack Compose; SQLite; Git; Firebase; MVVM; Kotlin,3-6 years,15-18,"We are looking for a Android Developer to join our growing team. The ideal candidate has hands-on experience with Android SDK, Jetpack Compose, SQLite, Git, Firebase, MVVM, Kotlin and can work independently on MVVM-driven projects. Responsibilities include collaborating with cross-functional teams, contributing to Kotlin initiatives, and driving continuous improvement. 3+ years of relevant experience required.","['Android SDK', 'Jetpack Compose', 'SQLite', 'Git', 'Firebase', 'MVVM', 'Kotlin']",Android SDK Jetpack Compose SQLite Git Firebase MVVM Kotlin,3.0,6.0,4.5,15.0,18.0,16.5,"we are looking for a android developer to join our growing team. the ideal candidate has hands-on experience with android sdk, jetpack compose, sqlite, git, firebase, mvvm, kotlin and can work independently on mvvm-driven projects. responsibilities include collaborating with cross-functional teams, contributing to kotlin initiatives, and driving continuous improvement. 3+ years of relevant experience required.","Android Developer we are looking for a android developer to join our growing team. the ideal candidate has hands-on experience with android sdk, jetpack compose, sqlite, git, firebase, mvvm, kotlin and can work independently on mvvm-driven projects. responsibilities include collaborating with cross-functional teams, contributing to kotlin initiatives, and driving continuous improvement. 3+ years of relevant experience required. Android SDK Jetpack Compose SQLite Git Firebase MVVM Kotlin",4
JOB00428,Civil Site Engineer,Civil Engineer,Jones-Lin,Hyderabad,AutoCAD; Cost Estimation; Construction Management; Structural Analysis; Revit; Surveying,3-6 years,7-12,"We are looking for a Civil Site Engineer to join our growing team. The ideal candidate has hands-on experience with AutoCAD, Cost Estimation, Construction Management, Structural Analysis, Revit, Surveying and can work independently on Structural Analysis-driven projects. Responsibilities include collaborating with cross-functional teams, contributing to Surveying initiatives, and driving continuous improvement. 3+ years of relevant experience required.","['AutoCAD', 'Cost Estimation', 'Construction Management', 'Structural Analysis', 'Revit', 'Surveying']",AutoCAD Cost Estimation Construction Management Structural Analysis Revit Surveying,3.0,6.0,4.5,7.0,12.0,9.5,"we are looking for a civil site engineer to join our growing team. the ideal candidate has hands-on experience with autocad, cost estimation, construction management, structural analysis, revit, surveying and can work independently on structural analysis-driven projects. responsibilities include collaborating with cross-functional teams, contributing to surveying initiatives, and driving continuous improvement. 3+ years of relevant experience required.","Civil Site Engineer we are looking for a civil site engineer to join our growing team. the ideal candidate has hands-on experience with autocad, cost estimation, construction management, structural analysis, revit, surveying and can work independently on structural analysis-driven projects. responsibilities include collaborating with cross-functional teams, contributing to surveying initiatives, and driving continuous improvement. 3+ years of relevant experience required. AutoCAD Cost Estimation Construction Management Structural Analysis Revit Surveying",11
JOB00057,Full Stack Developer,Web Development,"Washington, Ryan and Cummings",Remote,MongoDB; CSS; REST API; Git; React; TypeScript,7-10 years,17-21,"Exciting opportunity for a Full Stack Developer at Washington, Ryan and Cummings. Must be proficient in MongoDB, CSS, REST API, Git, React, TypeScript, with practical exposure to React and TypeScript. You'll work in an agile environment solving real business problems. 7+ years experience preferred.","['MongoDB', 'CSS', 'REST API', 'Git', 'React', 'TypeScript']",MongoDB CSS REST API Git React TypeScript,7.0,10.0,8.5,17.0,21.0,19.0,"exciting opportunity for a full stack developer at washington, ryan and cummings. must be proficient in mongodb, css, rest api, git, react, typescript, with practical exposure to react and typescript. you'll work in an agile environment solving real business problems. 7+ years experience preferred.","Full Stack Developer exciting opportunity for a full stack developer at washington, ryan and cummings. must be proficient in mongodb, css, rest api, git, react, typescript, with practical exposure to react and typescript. you'll work in an agile environment solving real business problems. 7+ years experience preferred. MongoDB CSS REST API Git React TypeScript",2
JOB00090,Mobile App Developer,Android Development,Moore-Bass,Ahmedabad,REST API; Git; Android SDK; Firebase; MVVM; Java; Kotlin; Material Design,0-3 years,19-26,"Exciting opportunity for a Mobile App Developer at Moore-Bass. Must be proficient in REST API, Git, Android SDK, Firebase, MVVM, Java, Kotlin, Material Design, with practical exposure to Material Design and Git. You'll work in an agile environment solving real business problems. 0+ years experience preferred.","['REST API', 'Git', 'Android SDK', 'Firebase', 'MVVM', 'Java', 'Kotlin', 'Material Design']",REST API Git Android SDK Firebase MVVM Java Kotlin Material Design,0.0,3.0,1.5,19.0,26.0,22.5,"exciting opportunity for a mobile app developer at moore-bass. must be proficient in rest api, git, android sdk, firebase, mvvm, java, kotlin, material design, with practical exposure to material design and git. you'll work in an agile environment solving real business problems. 0+ years experience preferred.","Mobile App Developer exciting opportunity for a mobile app developer at moore-bass. must be proficient in rest api, git, android sdk, firebase, mvvm, java, kotlin, material design, with practical exposure to material design and git. you'll work in an agile environment solving real business problems. 0+ years experience preferred. REST API Git Android SDK Firebase MVVM Java Kotlin Material Design",4
JOB00233,Cybersecurity Analyst,Network Security Engineer,"Clark, Guerrero and Moore",Pune,Penetration Testing; IDS/IPS; Risk Assessment; Network Protocols; SIEM,5-8 years,11-14,"We are looking for a Cybersecurity Analyst to join our growing team. The ideal candidate has hands-on experience with Penetration Testing, IDS/IPS, Risk Assessment, Network Protocols, SIEM and can work independently on Network Protocols-driven projects. Responsibilities include collaborating with cross-functional teams, contributing to Penetration Testing initiatives, and driving continuous improvement. 5+ years of relevant experience required.","['Penetration Testing', 'IDS/IPS', 'Risk Assessment', 'Network Protocols', 'SIEM']",Penetration Testing IDS/IPS Risk Assessment Network Protocols SIEM,5.0,8.0,6.5,11.0,14.0,12.5,"we are looking for a cybersecurity analyst to join our growing team. the ideal candidate has hands-on experience with penetration testing, ids/ips, risk assessment, network protocols, siem and can work independently on network protocols-driven projects. responsibilities include collaborating with cross-functional teams, contributing to penetration testing initiatives, and driving continuous improvement. 5+ years of relevant experience required.","Cybersecurity Analyst we are looking for a cybersecurity analyst to join our growing team. the ideal candidate has hands-on experience with penetration testing, ids/ips, risk assessment, network protocols, siem and can work independently on network protocols-driven projects. responsibilities include collaborating with cross-functional teams, contributing to penetration testing initiatives, and driving continuous improvement. 5+ years of relevant experience required. Penetration Testing IDS/IPS Risk Assessment Network Protocols SIEM",14
JOB00321,HR Executive,HR,Coffey-Phillips,Kolkata,Conflict Resolution; Excel; Onboarding; Employee Engagement,5-8 years,5-8,"Coffey-Phillips is hiring a HR Executive for our Kolkata office. You will use Conflict Resolution, Excel, Onboarding, Employee Engagement daily and help scale our Employee Engagement capabilities. We value strong fundamentals in Excel and a collaborative mindset. Minimum 5 years of experience in a similar role.","['Conflict Resolution', 'Excel', 'Onboarding', 'Employee Engagement']",Conflict Resolution Excel Onboarding Employee Engagement,5.0,8.0,6.5,5.0,8.0,6.5,"coffey-phillips is hiring a hr executive for our kolkata office. you will use conflict resolution, excel, onboarding, employee engagement daily and help scale our employee engagement capabilities. we value strong fundamentals in excel and a collaborative mindset. minimum 5 years of experience in a similar role.","HR Executive coffey-phillips is hiring a hr executive for our kolkata office. you will use conflict resolution, excel, onboarding, employee engagement daily and help scale our employee engagement capabilities. we value strong fundamentals in excel and a collaborative mindset. minimum 5 years of experience in a similar role. Conflict Resolution Excel Onboarding Employee Engagement",1
JOB00328,HR Generalist,HR,Rodriguez-Hall,Remote,Performance Management; Recruitment; Employee Engagement; Payroll; Communication; Excel; Onboarding,2-5 years,9-17,"Exciting opportunity for a HR Generalist at Rodriguez-Hall. Must be proficient in Performance Management, Recruitment, Employee Engagement, Payroll, Communication, Excel, Onboarding, with practical exposure to Payroll and Recruitment. You'll work in an agile environment solving real business problems. 2+ years experience preferred.","['Performance Management', 'Recruitment', 'Employee Engagement', 'Payroll', 'Communication', 'Excel', 'Onboarding']",Performance Management Recruitment Employee Engagement Payroll Communication Excel Onboarding,2.0,5.0,3.5,9.0,17.0,13.0,"exciting opportunity for a hr generalist at rodriguez-hall. must be proficient in performance management, recruitment, employee engagement, payroll, communication, excel, onboarding, with practical exposure to payroll and recruitment. you'll work in an agile environment solving real business problems. 2+ years experience preferred.","HR Generalist exciting opportunity for a hr generalist at rodriguez-hall. must be proficient in performance management, recruitment, employee engagement, payroll, communication, excel, onboarding, with practical exposure to payroll and recruitment. you'll work in an agile environment solving real business problems. 2+ years experience preferred. Performance Management Recruitment Employee Engagement Payroll Communication Excel Onboarding",1
JOB00359,Business Development Executive,Sales,"Turner, Schneider and Johnson",Hyderabad,Communication; Sales Strategy; CRM; Client Relationship Management; Cold Calling; Excel; Negotiation; Lead Generation,3-6 years,19-21,"Exciting opportunity for a Business Development Executive at Turner, Schneider and Johnson. Must be proficient in Communication, Sales Strategy, CRM, Client Relationship Management, Cold Calling, Excel, Negotiation, Lead Generation, with practical exposure to Lead Generation and Excel. You'll work in an agile environment solving real business problems. 3+ years experience preferred.","['Communication', 'Sales Strategy', 'CRM', 'Client Relationship Management', 'Cold Calling', 'Excel', 'Negotiation', 'Lead Generation']",Communication Sales Strategy CRM Client Relationship Management Cold Calling Excel Negotiation Lead Generation,3.0,6.0,4.5,19.0,21.0,20.0,"exciting opportunity for a business development executive at turner, schneider and johnson. must be proficient in communication, sales strategy, crm, client relationship management, cold calling, excel, negotiation, lead generation, with practical exposure to lead generation and excel. you'll work in an agile environment solving real business problems. 3+ years experience preferred.","Business Development Executive exciting opportunity for a business development executive at turner, schneider and johnson. must be proficient in communication, sales strategy, crm, client relationship management, cold calling, excel, negotiation, lead generation, with practical exposure to lead generation and excel. you'll work in an agile environment solving real business problems. 3+ years experience preferred. Communication Sales Strategy CRM Client Relationship Management Cold Calling Excel Negotiation Lead Generation",3
JOB00347,HR Executive,HR,Jones PLC,Ahmedabad,Communication; Onboarding; Employee Engagement; Excel,8-11 years,20-25,"Exciting opportunity for a HR Executive at Jones PLC. Must be proficient in Communication, Onboarding, Employee Engagement, Excel, with practical exposure to Communication and Onboarding. You'll work in an agile environment solving real business problems. 8+ years experience preferred.","['Communication', 'Onboarding', 'Employee Engagement', 'Excel']",Communication Onboarding Employee Engagement Excel,8.0,11.0,9.5,20.0,25.0,22.5,"exciting opportunity for a hr executive at jones plc. must be proficient in communication, onboarding, employee engagement, excel, with practical exposure to communication and onboarding. you'll work in an agile environment solving real business problems. 8+ years experience preferred.","HR Executive exciting opportunity for a hr executive at jones plc. must be proficient in communication, onboarding, employee engagement, excel, with practical exposure to communication and onboarding. you'll work in an agile environment solving real business problems. 8+ years experience preferred. Communication Onboarding Employee Engagement Excel",1
JOB00326,Talent Acquisition Specialist,HR,"Martinez, Richardson and Curry",Chennai,Recruitment; Payroll; Onboarding; Conflict Resolution; HRIS; Performance Management,4-7 years,11-16,"We are looking for a Talent Acquisition Specialist to join our growing team. The ideal candidate has hands-on experience with Recruitment, Payroll, Onboarding, Conflict Resolution, HRIS, Performance Management and can work independently on HRIS-driven projects. Responsibilities include collaborating with cross-functional teams, contributing to Onboarding initiatives, and driving continuous improvement. 4+ years of relevant experience required.","['Recruitment', 'Payroll', 'Onboarding', 'Conflict Resolution', 'HRIS', 'Performance Management']",Recruitment Payroll Onboarding Conflict Resolution HRIS Performance Management,4.0,7.0,5.5,11.0,16.0,13.5,"we are looking for a talent acquisition specialist to join our growing team. the ideal candidate has hands-on experience with recruitment, payroll, onboarding, conflict resolution, hris, performance management and can work independently on hris-driven projects. responsibilities include collaborating with cross-functional teams, contributing to onboarding initiatives, and driving continuous improvement. 4+ years of relevant experience required.","Talent Acquisition Specialist we are looking for a talent acquisition specialist to join our growing team. the ideal candidate has hands-on experience with recruitment, payroll, onboarding, conflict resolution, hris, performance management and can work independently on hris-driven projects. responsibilities include collaborating with cross-functional teams, contributing to onboarding initiatives, and driving continuous improvement. 4+ years of relevant experience required. Recruitment Payroll Onboarding Conflict Resolution HRIS Performance Management",1
JOB00507,Nutrition Consultant,Health and Fitness,"Carter, Garcia and Murphy",Ahmedabad,First Aid; CPR Certified; Nutrition Planning; Client Assessment,6-9 years,6-12,"We are looking for a Nutrition Consultant to join our growing team. The ideal candidate has hands-on experience with First Aid, CPR Certified, Nutrition Planning, Client Assessment and can work independently on Client Assessment-driven projects. Responsibilities include collaborating with cross-functional teams, contributing to First Aid initiatives, and driving continuous improvement. 6+ years of relevant experience required.","['First Aid', 'CPR Certified', 'Nutrition Planning', 'Client Assessment']",First Aid CPR Certified Nutrition Planning Client Assessment,6.0,9.0,7.5,6.0,12.0,9.0,"we are looking for a nutrition consultant to join our growing team. the ideal candidate has hands-on experience with first aid, cpr certified, nutrition planning, client assessment and can work independently on client assessment-driven projects. responsibilities include collaborating with cross-functional teams, contributing to first aid initiatives, and driving continuous improvement. 6+ years of relevant experience required.","Nutrition Consultant we are looking for a nutrition consultant to join our growing team. the ideal candidate has hands-on experience with first aid, cpr certified, nutrition planning, client assessment and can work independently on client assessment-driven projects. responsibilities include collaborating with cross-functional teams, contributing to first aid initiatives, and driving continuous improvement. 6+ years of relevant experience required. First Aid CPR Certified Nutrition Planning Client Assessment",5
JOB00068,Frontend Developer,Web Development,Novak and Sons,Delhi NCR,CSS; JavaScript; Responsive Design; Node.js; HTML; React; Git; TypeScript,1-4 years,7-9,"Novak and Sons is hiring a Frontend Developer for our Delhi NCR office. You will use CSS, JavaScript, Responsive Design, Node.js, HTML, React, Git, TypeScript daily and help scale our Node.js capabilities. We value strong fundamentals in TypeScript and a collaborative mindset. Minimum 1 years of experience in a similar role.","['CSS', 'JavaScript', 'Responsive Design', 'Node.js', 'HTML', 'React', 'Git', 'TypeScript']",CSS JavaScript Responsive Design Node.js HTML React Git TypeScript,1.0,4.0,2.5,7.0,9.0,8.0,"novak and sons is hiring a frontend developer for our delhi ncr office. you will use css, javascript, responsive design, node.js, html, react, git, typescript daily and help scale our node.js capabilities. we value strong fundamentals in typescript and a collaborative mindset. minimum 1 years of experience in a similar role.","Frontend Developer novak and sons is hiring a frontend developer for our delhi ncr office. you will use css, javascript, responsive design, node.js, html, react, git, typescript daily and help scale our node.js capabilities. we value strong fundamentals in typescript and a collaborative mindset. minimum 1 years of experience in a similar role. CSS JavaScript Responsive Design Node.js HTML React Git TypeScript",2
JOB00080,Mobile App Developer,Android Development,"Hensley, Powell and David",Chennai,Java; Git; REST API; SQLite; MVVM,1-4 years,16-18,"Hensley, Powell and David is hiring a Mobile App Developer for our Chennai office. You will use Java, Git, REST API, SQLite, MVVM daily and help scale our Git capabilities. We value strong fundamentals in SQLite and a collaborative mindset. Minimum 1 years of experience in a similar role.","['Java', 'Git', 'REST API', 'SQLite', 'MVVM']",Java Git REST API SQLite MVVM,1.0,4.0,2.5,16.0,18.0,17.0,"hensley, powell and david is hiring a mobile app developer for our chennai office. you will use java, git, rest api, sqlite, mvvm daily and help scale our git capabilities. we value strong fundamentals in sqlite and a collaborative mindset. minimum 1 years of experience in a similar role.","Mobile App Developer hensley, powell and david is hiring a mobile app developer for our chennai office. you will use java, git, rest api, sqlite, mvvm daily and help scale our git capabilities. we value strong fundamentals in sqlite and a collaborative mindset. minimum 1 years of experience in a similar role. Java Git REST API SQLite MVVM",4
JOB00342,HR Generalist,HR,"Winters, Newman and Brown",Hyderabad,Recruitment; HRIS; Employee Engagement; Excel; Payroll; Communication,4-7 years,18-24,"Winters, Newman and Brown is hiring a HR Generalist for our Hyderabad office. You will use Recruitment, HRIS, Employee Engagement, Excel, Payroll, Communication daily and help scale our Communication capabilities. We value strong fundamentals in Employee Engagement and a collaborative mindset. Minimum 4 years of experience in a similar role.","['Recruitment', 'HRIS', 'Employee Engagement', 'Excel', 'Payroll', 'Communication']",Recruitment HRIS Employee Engagement Excel Payroll Communication,4.0,7.0,5.5,18.0,24.0,21.0,"winters, newman and brown is hiring a hr generalist for our hyderabad office. you will use recruitment, hris, employee engagement, excel, payroll, communication daily and help scale our communication capabilities. we value strong fundamentals in employee engagement and a collaborative mindset. minimum 4 years of experience in a similar role.","HR Generalist winters, newman and brown is hiring a hr generalist for our hyderabad office. you will use recruitment, hris, employee engagement, excel, payroll, communication daily and help scale our communication capabilities. we value strong fundamentals in employee engagement and a collaborative mindset. minimum 4 years of experience in a similar role. Recruitment HRIS Employee Engagement Excel Payroll Communication",1
JOB00378,Account Manager,Sales,Bell-Lane,Noida,CRM; Negotiation; Communication; Excel; Client Relationship Management; Lead Generation; Cold Calling,2-5 years,19-25,"Bell-Lane is hiring a Account Manager for our Noida office. You will use CRM, Negotiation, Communication, Excel, Client Relationship Management, Lead Generation, Cold Calling daily and help scale our CRM capabilities. We value strong fundamentals in Communication and a collaborative mindset. Minimum 2 years of experience in a similar role.","['CRM', 'Negotiation', 'Communication', 'Excel', 'Client Relationship Management', 'Lead Generation', 'Cold Calling']",CRM Negotiation Communication Excel Client Relationship Management Lead Generation Cold Calling,2.0,5.0,3.5,19.0,25.0,22.0,"bell-lane is hiring a account manager for our noida office. you will use crm, negotiation, communication, excel, client relationship management, lead generation, cold calling daily and help scale our crm capabilities. we value strong fundamentals in communication and a collaborative mindset. minimum 2 years of experience in a similar role.","Account Manager bell-lane is hiring a account manager for our noida office. you will use crm, negotiation, communication, excel, client relationship management, lead generation, cold calling daily and help scale our crm capabilities. we value strong fundamentals in communication and a collaborative mindset. minimum 2 years of experience in a similar role. CRM Negotiation Communication Excel Client Relationship Management Lead Generation Cold Calling",3
JOB00340,Talent Acquisition Specialist,HR,"Wood, Ramos and Sampson",Mumbai,Payroll; Communication; Onboarding; Conflict Resolution; HRIS; Performance Management,4-7 years,19-24,"Wood, Ramos and Sampson is hiring a Talent Acquisition Specialist for our Mumbai office. You will use Payroll, Communication, Onboarding, Conflict Resolution, HRIS, Performance Management daily and help scale our Performance Management capabilities. We value strong fundamentals in Payroll and a collaborative mindset. Minimum 4 years of experience in a similar role.","['Payroll', 'Communication', 'Onboarding', 'Conflict Resolution', 'HRIS', 'Performance Management']",Payroll Communication Onboarding Conflict Resolution HRIS Performance Management,4.0,7.0,5.5,19.0,24.0,21.5,"wood, ramos and sampson is hiring a talent acquisition specialist for our mumbai office. you will use payroll, communication, onboarding, conflict resolution, hris, performance management daily and help scale our performance management capabilities. we value strong fundamentals in payroll and a collaborative mindset. minimum 4 years of experience in a similar role.","Talent Acquisition Specialist wood, ramos and sampson is hiring a talent acquisition specialist for our mumbai office. you will use payroll, communication, onboarding, conflict resolution, hris, performance management daily and help scale our performance management capabilities. we value strong fundamentals in payroll and a collaborative mindset. minimum 4 years of experience in a similar role. Payroll Communication Onboarding Conflict Resolution HRIS Performance Management",1
JOB00070,Full Stack Developer,Web Development,Hancock Inc,Pune,REST API; TypeScript; Git; Responsive Design; JavaScript; MongoDB; Express.js,5-8 years,5-12,"Hancock Inc is hiring a Full Stack Developer for our Pune office. You will use REST API, TypeScript, Git, Responsive Design, JavaScript, MongoDB, Express.js daily and help scale our MongoDB capabilities. We value strong fundamentals in Responsive Design and a collaborative mindset. Minimum 5 years of experience in a similar role.","['REST API', 'TypeScript', 'Git', 'Responsive Design', 'JavaScript', 'MongoDB', 'Express.js']",REST API TypeScript Git Responsive Design JavaScript MongoDB Express.js,5.0,8.0,6.5,5.0,12.0,8.5,"hancock inc is hiring a full stack developer for our pune office. you will use rest api, typescript, git, responsive design, javascript, mongodb, express.js daily and help scale our mongodb capabilities. we value strong fundamentals in responsive design and a collaborative mindset. minimum 5 years of experience in a similar role.","Full Stack Developer hancock inc is hiring a full stack developer for our pune office. you will use rest api, typescript, git, responsive design, javascript, mongodb, express.js daily and help scale our mongodb capabilities. we value strong fundamentals in responsive design and a collaborative mindset. minimum 5 years of experience in a similar role. REST API TypeScript Git Responsive Design JavaScript MongoDB Express.js",2
JOB00202,DevOps Engineer,DevOps Engineer,White-Lewis,Kolkata,Shell Scripting; Monitoring; Git; Kubernetes; AWS; Terraform; Jenkins; Docker,2-5 years,4-9,"White-Lewis is hiring a DevOps Engineer for our Kolkata office. You will use Shell Scripting, Monitoring, Git, Kubernetes, AWS, Terraform, Jenkins, Docker daily and help scale our Git capabilities. We value strong fundamentals in Docker and a collaborative mindset. Minimum 2 years of experience in a similar role.","['Shell Scripting', 'Monitoring', 'Git', 'Kubernetes', 'AWS', 'Terraform', 'Jenkins', 'Docker']",Shell Scripting Monitoring Git Kubernetes AWS Terraform Jenkins Docker,2.0,5.0,3.5,4.0,9.0,6.5,"white-lewis is hiring a devops engineer for our kolkata office. you will use shell scripting, monitoring, git, kubernetes, aws, terraform, jenkins, docker daily and help scale our git capabilities. we value strong fundamentals in docker and a collaborative mindset. minimum 2 years of experience in a similar role.","DevOps Engineer white-lewis is hiring a devops engineer for our kolkata office. you will use shell scripting, monitoring, git, kubernetes, aws, terraform, jenkins, docker daily and help scale our git capabilities. we value strong fundamentals in docker and a collaborative mindset. minimum 2 years of experience in a similar role. Shell Scripting Monitoring Git Kubernetes AWS Terraform Jenkins Docker",10
JOB00030,Machine Learning Engineer,Data Science,"Snyder, Campos and Callahan",Pune,TensorFlow; Data Visualization; A/B Testing; SQL; Pandas; NumPy; Tableau; Scikit-learn,6-9 years,4-11,"Exciting opportunity for a Machine Learning Engineer at Snyder, Campos and Callahan. Must be proficient in TensorFlow, Data Visualization, A/B Testing, SQL, Pandas, NumPy, Tableau, Scikit-learn, with practical exposure to Scikit-learn and Tableau. You'll work in an agile environment solving real business problems. 6+ years experience preferred.","['TensorFlow', 'Data Visualization', 'A/B Testing', 'SQL', 'Pandas', 'NumPy', 'Tableau', 'Scikit-learn']",TensorFlow Data Visualization A/B Testing SQL Pandas NumPy Tableau Scikit-learn,6.0,9.0,7.5,4.0,11.0,7.5,"exciting opportunity for a machine learning engineer at snyder, campos and callahan. must be proficient in tensorflow, data visualization, a/b testing, sql, pandas, numpy, tableau, scikit-learn, with practical exposure to scikit-learn and tableau. you'll work in an agile environment solving real business problems. 6+ years experience preferred.","Machine Learning Engineer exciting opportunity for a machine learning engineer at snyder, campos and callahan. must be proficient in tensorflow, data visualization, a/b testing, sql, pandas, numpy, tableau, scikit-learn, with practical exposure to scikit-learn and tableau. you'll work in an agile environment solving real business problems. 6+ years experience preferred. TensorFlow Data Visualization A/B Testing SQL Pandas NumPy Tableau Scikit-learn",13
JOB00259,Product Analyst,Business Analyst,Gutierrez-Lopez,Mumbai,Excel; Requirements Gathering; Power BI; Stakeholder Management; Data Visualization,5-8 years,13-19,"We are looking for a Product Analyst to join our growing team. The ideal candidate has hands-on experience with Excel, Requirements Gathering, Power BI, Stakeholder Management, Data Visualization and can work independently on Power BI-driven projects. Responsibilities include collaborating with cross-functional teams, contributing to Requirements Gathering initiatives, and driving continuous improvement. 5+ years of relevant experience required.","['Excel', 'Requirements Gathering', 'Power BI', 'Stakeholder Management', 'Data Visualization']",Excel Requirements Gathering Power BI Stakeholder Management Data Visualization,5.0,8.0,6.5,13.0,19.0,16.0,"we are looking for a product analyst to join our growing team. the ideal candidate has hands-on experience with excel, requirements gathering, power bi, stakeholder management, data visualization and can work independently on power bi-driven projects. responsibilities include collaborating with cross-functional teams, contributing to requirements gathering initiatives, and driving continuous improvement. 5+ years of relevant experience required.","Product Analyst we are looking for a product analyst to join our growing team. the ideal candidate has hands-on experience with excel, requirements gathering, power bi, stakeholder management, data visualization and can work independently on power bi-driven projects. responsibilities include collaborating with cross-functional teams, contributing to requirements gathering initiatives, and driving continuous improvement. 5+ years of relevant experience required. Excel Requirements Gathering Power BI Stakeholder Management Data Visualization",9
JOB00257,Product Analyst,Business Analyst,Cordova Group,Kolkata,Data Visualization; Excel; Tableau; Agile,7-10 years,12-15,"Exciting opportunity for a Product Analyst at Cordova Group. Must be proficient in Data Visualization, Excel, Tableau, Agile, with practical exposure to Agile and Data Visualization. You'll work in an agile environment solving real business problems. 7+ years experience preferred.","['Data Visualization', 'Excel', 'Tableau', 'Agile']",Data Visualization Excel Tableau Agile,7.0,10.0,8.5,12.0,15.0,13.5,"exciting opportunity for a product analyst at cordova group. must be proficient in data visualization, excel, tableau, agile, with practical exposure to agile and data visualization. you'll work in an agile environment solving real business problems. 7+ years experience preferred.","Product Analyst exciting opportunity for a product analyst at cordova group. must be proficient in data visualization, excel, tableau, agile, with practical exposure to agile and data visualization. you'll work in an agile environment solving real business problems. 7+ years experience preferred. Data Visualization Excel Tableau Agile",9
JOB00460,Graphic Designer,Graphic Designer,"Valentine, Joyce and Murray",Remote,InDesign; Communication; UI/UX; Figma; Creativity; Typography,7-10 years,4-8,"Valentine, Joyce and Murray is hiring a Graphic Designer for our Remote office. You will use InDesign, Communication, UI/UX, Figma, Creativity, Typography daily and help scale our Communication capabilities. We value strong fundamentals in Figma and a collaborative mindset. Minimum 7 years of experience in a similar role.","['InDesign', 'Communication', 'UI/UX', 'Figma', 'Creativity', 'Typography']",InDesign Communication UI/UX Figma Creativity Typography,7.0,10.0,8.5,4.0,8.0,6.0,"valentine, joyce and murray is hiring a graphic designer for our remote office. you will use indesign, communication, ui/ux, figma, creativity, typography daily and help scale our communication capabilities. we value strong fundamentals in figma and a collaborative mindset. minimum 7 years of experience in a similar role.","Graphic Designer valentine, joyce and murray is hiring a graphic designer for our remote office. you will use indesign, communication, ui/ux, figma, creativity, typography daily and help scale our communication capabilities. we value strong fundamentals in figma and a collaborative mindset. minimum 7 years of experience in a similar role. InDesign Communication UI/UX Figma Creativity Typography",0
JOB00263,Product Analyst,Business Analyst,Martinez-Dudley,Delhi NCR,Requirements Gathering; SQL; Tableau; Process Improvement,8-11 years,20-23,"Exciting opportunity for a Product Analyst at Martinez-Dudley. Must be proficient in Requirements Gathering, SQL, Tableau, Process Improvement, with practical exposure to Process Improvement and Tableau. You'll work in an agile environment solving real business problems. 8+ years experience preferred.","['Requirements Gathering', 'SQL', 'Tableau', 'Process Improvement']",Requirements Gathering SQL Tableau Process Improvement,8.0,11.0,9.5,20.0,23.0,21.5,"exciting opportunity for a product analyst at martinez-dudley. must be proficient in requirements gathering, sql, tableau, process improvement, with practical exposure to process improvement and tableau. you'll work in an agile environment solving real business problems. 8+ years experience preferred.","Product Analyst exciting opportunity for a product analyst at martinez-dudley. must be proficient in requirements gathering, sql, tableau, process improvement, with practical exposure to process improvement and tableau. you'll work in an agile environment solving real business problems. 8+ years experience preferred. Requirements Gathering SQL Tableau Process Improvement",9
JOB00466,Graphic Designer,Graphic Designer,Cole-Palmer,Pune,UI/UX; Branding; Communication; Creativity; Figma; Typography,5-8 years,11-16,"We are looking for a Graphic Designer to join our growing team. The ideal candidate has hands-on experience with UI/UX, Branding, Communication, Creativity, Figma, Typography and can work independently on Communication-driven projects. Responsibilities include collaborating with cross-functional teams, contributing to Figma initiatives, and driving continuous improvement. 5+ years of relevant experience required.","['UI/UX', 'Branding', 'Communication', 'Creativity', 'Figma', 'Typography']",UI/UX Branding Communication Creativity Figma Typography,5.0,8.0,6.5,11.0,16.0,13.5,"we are looking for a graphic designer to join our growing team. the ideal candidate has hands-on experience with ui/ux, branding, communication, creativity, figma, typography and can work independently on communication-driven projects. responsibilities include collaborating with cross-functional teams, contributing to figma initiatives, and driving continuous improvement. 5+ years of relevant experience required.","Graphic Designer we are looking for a graphic designer to join our growing team. the ideal candidate has hands-on experience with ui/ux, branding, communication, creativity, figma, typography and can work independently on communication-driven projects. responsibilities include collaborating with cross-functional teams, contributing to figma initiatives, and driving continuous improvement. 5+ years of relevant experience required. UI/UX Branding Communication Creativity Figma Typography",0
JOB00088,Android Developer,Android Development,Anderson-Bailey,Remote,Material Design; Java; Jetpack Compose; REST API; SQLite,8-11 years,7-11,"We are looking for a Android Developer to join our growing team. The ideal candidate has hands-on experience with Material Design, Java, Jetpack Compose, REST API, SQLite and can work independently on SQLite-driven projects. Responsibilities include collaborating with cross-functional teams, contributing to Material Design initiatives, and driving continuous improvement. 8+ years of relevant experience required.","['Material Design', 'Java', 'Jetpack Compose', 'REST API', 'SQLite']",Material Design Java Jetpack Compose REST API SQLite,8.0,11.0,9.5,7.0,11.0,9.0,"we are looking for a android developer to join our growing team. the ideal candidate has hands-on experience with material design, java, jetpack compose, rest api, sqlite and can work independently on sqlite-driven projects. responsibilities include collaborating with cross-functional teams, contributing to material design initiatives, and driving continuous improvement. 8+ years of relevant experience required.","Android Developer we are looking for a android developer to join our growing team. the ideal candidate has hands-on experience with material design, java, jetpack compose, rest api, sqlite and can work independently on sqlite-driven projects. responsibilities include collaborating with cross-functional teams, contributing to material design initiatives, and driving continuous improvement. 8+ years of relevant experience required. Material Design Java Jetpack Compose REST API SQLite",4
JOB00167,Python Developer,Python Developer,"Hurst, Freeman and Nelson",Bengaluru,REST API; Pandas; SQL; Python; Docker; Unit Testing,0-3 years,14-21,"Exciting opportunity for a Python Developer at Hurst, Freeman and Nelson. Must be proficient in REST API, Pandas, SQL, Python, Docker, Unit Testing, with practical exposure to SQL and Docker. You'll work in an agile environment solving real business problems. 0+ years experience preferred.","['REST API', 'Pandas', 'SQL', 'Python', 'Docker', 'Unit Testing']",REST API Pandas SQL Python Docker Unit Testing,0.0,3.0,1.5,14.0,21.0,17.5,"exciting opportunity for a python developer at hurst, freeman and nelson. must be proficient in rest api, pandas, sql, python, docker, unit testing, with practical exposure to sql and docker. you'll work in an agile environment solving real business problems. 0+ years experience preferred.","Python Developer exciting opportunity for a python developer at hurst, freeman and nelson. must be proficient in rest api, pandas, sql, python, docker, unit testing, with practical exposure to sql and docker. you'll work in an agile environment solving real business problems. 0+ years experience preferred. REST API Pandas SQL Python Docker Unit Testing",7
JOB00005,Data Analyst,Data Science,"Guzman, Hoffman and Baldwin",Bengaluru,Statistics; Machine Learning; Pandas; TensorFlow; Data Visualization; Scikit-learn; NumPy,8-11 years,17-27,"Guzman, Hoffman and Baldwin is hiring a Data Analyst for our Bengaluru office. You will use Statistics, Machine Learning, Pandas, TensorFlow, Data Visualization, Scikit-learn, NumPy daily and help scale our Machine Learning capabilities. We value strong fundamentals in Statistics and a collaborative mindset. Minimum 8 years of experience in a similar role.","['Statistics', 'Machine Learning', 'Pandas', 'TensorFlow', 'Data Visualization', 'Scikit-learn', 'NumPy']",Statistics Machine Learning Pandas TensorFlow Data Visualization Scikit-learn NumPy,8.0,11.0,9.5,17.0,27.0,22.0,"guzman, hoffman and baldwin is hiring a data analyst for our bengaluru office. you will use statistics, machine learning, pandas, tensorflow, data visualization, scikit-learn, numpy daily and help scale our machine learning capabilities. we value strong fundamentals in statistics and a collaborative mindset. minimum 8 years of experience in a similar role.","Data Analyst guzman, hoffman and baldwin is hiring a data analyst for our bengaluru office. you will use statistics, machine learning, pandas, tensorflow, data visualization, scikit-learn, numpy daily and help scale our machine learning capabilities. we value strong fundamentals in statistics and a collaborative mindset. minimum 8 years of experience in a similar role. Statistics Machine Learning Pandas TensorFlow Data Visualization Scikit-learn NumPy",13
JOB00126,Java Developer,Java Developer,Smith-Frost,Hyderabad,Git; Hibernate; Maven; Java; SQL; Spring Boot; Multithreading,2-5 years,9-15,"Exciting opportunity for a Java Developer at Smith-Frost. Must be proficient in Git, Hibernate, Maven, Java, SQL, Spring Boot, Multithreading, with practical exposure to SQL and Java. You'll work in an agile environment solving real business problems. 2+ years experience preferred.","['Git', 'Hibernate', 'Maven', 'Java', 'SQL', 'Spring Boot', 'Multithreading']",Git Hibernate Maven Java SQL Spring Boot Multithreading,2.0,5.0,3.5,9.0,15.0,12.0,"exciting opportunity for a java developer at smith-frost. must be proficient in git, hibernate, maven, java, sql, spring boot, multithreading, with practical exposure to sql and java. you'll work in an agile environment solving real business problems. 2+ years experience preferred.","Java Developer exciting opportunity for a java developer at smith-frost. must be proficient in git, hibernate, maven, java, sql, spring boot, multithreading, with practical exposure to sql and java. you'll work in an agile environment solving real business problems. 2+ years experience preferred. Git Hibernate Maven Java SQL Spring Boot Multithreading",12
JOB00416,Manufacturing Engineer,Mechanical Engineer,"Hicks, Bullock and Bailey",Hyderabad,MATLAB; Quality Control; SolidWorks; Manufacturing; Six Sigma,8-11 years,7-13,"Exciting opportunity for a Manufacturing Engineer at Hicks, Bullock and Bailey. Must be proficient in MATLAB, Quality Control, SolidWorks, Manufacturing, Six Sigma, with practical exposure to MATLAB and Six Sigma. You'll work in an agile environment solving real business problems. 8+ years experience preferred.","['MATLAB', 'Quality Control', 'SolidWorks', 'Manufacturing', 'Six Sigma']",MATLAB Quality Control SolidWorks Manufacturing Six Sigma,8.0,11.0,9.5,7.0,13.0,10.0,"exciting opportunity for a manufacturing engineer at hicks, bullock and bailey. must be proficient in matlab, quality control, solidworks, manufacturing, six sigma, with practical exposure to matlab and six sigma. you'll work in an agile environment solving real business problems. 8+ years experience preferred.","Manufacturing Engineer exciting opportunity for a manufacturing engineer at hicks, bullock and bailey. must be proficient in matlab, quality control, solidworks, manufacturing, six sigma, with practical exposure to matlab and six sigma. you'll work in an agile environment solving real business problems. 8+ years experience preferred. MATLAB Quality Control SolidWorks Manufacturing Six Sigma",8
JOB00330,Talent Acquisition Specialist,HR,Herman-Walker,Noida,Performance Management; Conflict Resolution; Recruitment; Onboarding; Excel; Communication,5-8 years,19-24,"Herman-Walker is hiring a Talent Acquisition Specialist for our Noida office. You will use Performance Management, Conflict Resolution, Recruitment, Onboarding, Excel, Communication daily and help scale our Onboarding capabilities. We value strong fundamentals in Performance Management and a collaborative mindset. Minimum 5 years of experience in a similar role.","['Performance Management', 'Conflict Resolution', 'Recruitment', 'Onboarding', 'Excel', 'Communication']",Performance Management Conflict Resolution Recruitment Onboarding Excel Communication,5.0,8.0,6.5,19.0,24.0,21.5,"herman-walker is hiring a talent acquisition specialist for our noida office. you will use performance management, conflict resolution, recruitment, onboarding, excel, communication daily and help scale our onboarding capabilities. we value strong fundamentals in performance management and a collaborative mindset. minimum 5 years of experience in a similar role.","Talent Acquisition Specialist herman-walker is hiring a talent acquisition specialist for our noida office. you will use performance management, conflict resolution, recruitment, onboarding, excel, communication daily and help scale our onboarding capabilities. we value strong fundamentals in performance management and a collaborative mindset. minimum 5 years of experience in a similar role. Performance Management Conflict Resolution Recruitment Onboarding Excel Communication",1
JOB00079,Android Developer,Android Development,Jones Inc,Chennai,Jetpack Compose; Firebase; Kotlin; MVVM; Java; REST API; Material Design; SQLite,2-5 years,8-14,"Jones Inc is hiring a Android Developer for our Chennai office. You will use Jetpack Compose, Firebase, Kotlin, MVVM, Java, REST API, Material Design, SQLite daily and help scale our SQLite capabilities. We value strong fundamentals in REST API and a collaborative mindset. Minimum 2 years of experience in a similar role.","['Jetpack Compose', 'Firebase', 'Kotlin', 'MVVM', 'Java', 'REST API', 'Material Design', 'SQLite']",Jetpack Compose Firebase Kotlin MVVM Java REST API Material Design SQLite,2.0,5.0,3.5,8.0,14.0,11.0,"jones inc is hiring a android developer for our chennai office. you will use jetpack compose, firebase, kotlin, mvvm, java, rest api, material design, sqlite daily and help scale our sqlite capabilities. we value strong fundamentals in rest api and a collaborative mindset. minimum 2 years of experience in a similar role.","Android Developer jones inc is hiring a android developer for our chennai office. you will use jetpack compose, firebase, kotlin, mvvm, java, rest api, material design, sqlite daily and help scale our sqlite capabilities. we value strong fundamentals in rest api and a collaborative mindset. minimum 2 years of experience in a similar role. Jetpack Compose Firebase Kotlin MVVM Java REST API Material Design SQLite",4
JOB00386,Mechanical Design Engineer,Mechanical Engineer,Kane PLC,Pune,SolidWorks; Project Management; Quality Control; Six Sigma; Manufacturing; Thermodynamics; AutoCAD,2-5 years,15-25,"Exciting opportunity for a Mechanical Design Engineer at Kane PLC. Must be proficient in SolidWorks, Project Management, Quality Control, Six Sigma, Manufacturing, Thermodynamics, AutoCAD, with practical exposure to Project Management and Thermodynamics. You'll work in an agile environment solving real business problems. 2+ years experience preferred.","['SolidWorks', 'Project Management', 'Quality Control', 'Six Sigma', 'Manufacturing', 'Thermodynamics', 'AutoCAD']",SolidWorks Project Management Quality Control Six Sigma Manufacturing Thermodynamics AutoCAD,2.0,5.0,3.5,15.0,25.0,20.0,"exciting opportunity for a mechanical design engineer at kane plc. must be proficient in solidworks, project management, quality control, six sigma, manufacturing, thermodynamics, autocad, with practical exposure to project management and thermodynamics. you'll work in an agile environment solving real business problems. 2+ years experience preferred.","Mechanical Design Engineer exciting opportunity for a mechanical design engineer at kane plc. must be proficient in solidworks, project management, quality control, six sigma, manufacturing, thermodynamics, autocad, with practical exposure to project management and thermodynamics. you'll work in an agile environment solving real business problems. 2+ years experience preferred. SolidWorks Project Management Quality Control Six Sigma Manufacturing Thermodynamics AutoCAD",8
JOB00189,Site Reliability Engineer,DevOps Engineer,Garcia LLC,Chennai,CI/CD; Monitoring; Git; Ansible; AWS; Linux; Shell Scripting; Kubernetes,1-4 years,11-16,"Exciting opportunity for a Site Reliability Engineer at Garcia LLC. Must be proficient in CI/CD, Monitoring, Git, Ansible, AWS, Linux, Shell Scripting, Kubernetes, with practical exposure to Monitoring and Git. You'll work in an agile environment solving real business problems. 1+ years experience preferred.","['CI/CD', 'Monitoring', 'Git', 'Ansible', 'AWS', 'Linux', 'Shell Scripting', 'Kubernetes']",CI/CD Monitoring Git Ansible AWS Linux Shell Scripting Kubernetes,1.0,4.0,2.5,11.0,16.0,13.5,"exciting opportunity for a site reliability engineer at garcia llc. must be proficient in ci/cd, monitoring, git, ansible, aws, linux, shell scripting, kubernetes, with practical exposure to monitoring and git. you'll work in an agile environment solving real business problems. 1+ years experience preferred.","Site Reliability Engineer exciting opportunity for a site reliability engineer at garcia llc. must be proficient in ci/cd, monitoring, git, ansible, aws, linux, shell scripting, kubernetes, with practical exposure to monitoring and git. you'll work in an agile environment solving real business problems. 1+ years experience preferred. CI/CD Monitoring Git Ansible AWS Linux Shell Scripting Kubernetes",10
JOB00370,Sales Executive,Sales,Edwards-Scott,Kolkata,Cold Calling; Negotiation; Communication; Sales Strategy; Excel,3-6 years,10-15,"Edwards-Scott is hiring a Sales Executive for our Kolkata office. You will use Cold Calling, Negotiation, Communication, Sales Strategy, Excel daily and help scale our Sales Strategy capabilities. We value strong fundamentals in Excel and a collaborative mindset. Minimum 3 years of experience in a similar role.","['Cold Calling', 'Negotiation', 'Communication', 'Sales Strategy', 'Excel']",Cold Calling Negotiation Communication Sales Strategy Excel,3.0,6.0,4.5,10.0,15.0,12.5,"edwards-scott is hiring a sales executive for our kolkata office. you will use cold calling, negotiation, communication, sales strategy, excel daily and help scale our sales strategy capabilities. we value strong fundamentals in excel and a collaborative mindset. minimum 3 years of experience in a similar role.","Sales Executive edwards-scott is hiring a sales executive for our kolkata office. you will use cold calling, negotiation, communication, sales strategy, excel daily and help scale our sales strategy capabilities. we value strong fundamentals in excel and a collaborative mindset. minimum 3 years of experience in a similar role. Cold Calling Negotiation Communication Sales Strategy Excel",3
JOB00237,Network Security Engineer,Network Security Engineer,Warner-Gibson,Chennai,Vulnerability Assessment; Python; Penetration Testing; Firewalls; SIEM; Linux,7-10 years,11-17,"Exciting opportunity for a Network Security Engineer at Warner-Gibson. Must be proficient in Vulnerability Assessment, Python, Penetration Testing, Firewalls, SIEM, Linux, with practical exposure to Python and Linux. You'll work in an agile environment solving real business problems. 7+ years experience preferred.","['Vulnerability Assessment', 'Python', 'Penetration Testing', 'Firewalls', 'SIEM', 'Linux']",Vulnerability Assessment Python Penetration Testing Firewalls SIEM Linux,7.0,10.0,8.5,11.0,17.0,14.0,"exciting opportunity for a network security engineer at warner-gibson. must be proficient in vulnerability assessment, python, penetration testing, firewalls, siem, linux, with practical exposure to python and linux. you'll work in an agile environment solving real business problems. 7+ years experience preferred.","Network Security Engineer exciting opportunity for a network security engineer at warner-gibson. must be proficient in vulnerability assessment, python, penetration testing, firewalls, siem, linux, with practical exposure to python and linux. you'll work in an agile environment solving real business problems. 7+ years experience preferred. Vulnerability Assessment Python Penetration Testing Firewalls SIEM Linux",14
JOB00064,Web Developer,Web Development,"West, Henderson and Ramirez",Ahmedabad,Git; JavaScript; Responsive Design; Node.js; REST API,4-7 years,17-20,"Exciting opportunity for a Web Developer at West, Henderson and Ramirez. Must be proficient in Git, JavaScript, Responsive Design, Node.js, REST API, with practical exposure to Node.js and Responsive Design. You'll work in an agile environment solving real business problems. 4+ years experience preferred.","['Git', 'JavaScript', 'Responsive Design', 'Node.js', 'REST API']",Git JavaScript Responsive Design Node.js REST API,4.0,7.0,5.5,17.0,20.0,18.5,"exciting opportunity for a web developer at west, henderson and ramirez. must be proficient in git, javascript, responsive design, node.js, rest api, with practical exposure to node.js and responsive design. you'll work in an agile environment solving real business problems. 4+ years experience preferred.","Web Developer exciting opportunity for a web developer at west, henderson and ramirez. must be proficient in git, javascript, responsive design, node.js, rest api, with practical exposure to node.js and responsive design. you'll work in an agile environment solving real business problems. 4+ years experience preferred. Git JavaScript Responsive Design Node.js REST API",2
JOB00274,Product Analyst,Business Analyst,Hoover-Campbell,Ahmedabad,Excel; Communication; Process Improvement; Power BI; Stakeholder Management,1-4 years,13-19,"We are looking for a Product Analyst to join our growing team. The ideal candidate has hands-on experience with Excel, Communication, Process Improvement, Power BI, Stakeholder Management and can work independently on Power BI-driven projects. Responsibilities include collaborating with cross-functional teams, contributing to Excel initiatives, and driving continuous improvement. 1+ years of relevant experience required.","['Excel', 'Communication', 'Process Improvement', 'Power BI', 'Stakeholder Management']",Excel Communication Process Improvement Power BI Stakeholder Management,1.0,4.0,2.5,13.0,19.0,16.0,"we are looking for a product analyst to join our growing team. the ideal candidate has hands-on experience with excel, communication, process improvement, power bi, stakeholder management and can work independently on power bi-driven projects. responsibilities include collaborating with cross-functional teams, contributing to excel initiatives, and driving continuous improvement. 1+ years of relevant experience required.","Product Analyst we are looking for a product analyst to join our growing team. the ideal candidate has hands-on experience with excel, communication, process improvement, power bi, stakeholder management and can work independently on power bi-driven projects. responsibilities include collaborating with cross-functional teams, contributing to excel initiatives, and driving continuous improvement. 1+ years of relevant experience required. Excel Communication Process Improvement Power BI Stakeholder Management",9
JOB00092,Mobile App Developer,Android Development,"Smith, Montoya and Evans",Hyderabad,Android SDK; Material Design; Kotlin; REST API; Jetpack Compose; Git,6-9 years,17-21,"Smith, Montoya and Evans is hiring a Mobile App Developer for our Hyderabad office. You will use Android SDK, Material Design, Kotlin, REST API, Jetpack Compose, Git daily and help scale our REST API capabilities. We value strong fundamentals in Android SDK and a collaborative mindset. Minimum 6 years of experience in a similar role.","['Android SDK', 'Material Design', 'Kotlin', 'REST API', 'Jetpack Compose', 'Git']",Android SDK Material Design Kotlin REST API Jetpack Compose Git,6.0,9.0,7.5,17.0,21.0,19.0,"smith, montoya and evans is hiring a mobile app developer for our hyderabad office. you will use android sdk, material design, kotlin, rest api, jetpack compose, git daily and help scale our rest api capabilities. we value strong fundamentals in android sdk and a collaborative mindset. minimum 6 years of experience in a similar role.","Mobile App Developer smith, montoya and evans is hiring a mobile app developer for our hyderabad office. you will use android sdk, material design, kotlin, rest api, jetpack compose, git daily and help scale our rest api capabilities. we value strong fundamentals in android sdk and a collaborative mindset. minimum 6 years of experience in a similar role. Android SDK Material Design Kotlin REST API Jetpack Compose Git",4
JOB00394,Manufacturing Engineer,Mechanical Engineer,"Miller, Ramos and Coleman",Ahmedabad,SolidWorks; Project Management; Thermodynamics; MATLAB,4-7 years,15-18,"Miller, Ramos and Coleman is hiring a Manufacturing Engineer for our Ahmedabad office. You will use SolidWorks, Project Management, Thermodynamics, MATLAB daily and help scale our MATLAB capabilities. We value strong fundamentals in Thermodynamics and a collaborative mindset. Minimum 4 years of experience in a similar role.","['SolidWorks', 'Project Management', 'Thermodynamics', 'MATLAB']",SolidWorks Project Management Thermodynamics MATLAB,4.0,7.0,5.5,15.0,18.0,16.5,"miller, ramos and coleman is hiring a manufacturing engineer for our ahmedabad office. you will use solidworks, project management, thermodynamics, matlab daily and help scale our matlab capabilities. we value strong fundamentals in thermodynamics and a collaborative mindset. minimum 4 years of experience in a similar role.","Manufacturing Engineer miller, ramos and coleman is hiring a manufacturing engineer for our ahmedabad office. you will use solidworks, project management, thermodynamics, matlab daily and help scale our matlab capabilities. we value strong fundamentals in thermodynamics and a collaborative mindset. minimum 4 years of experience in a similar role. SolidWorks Project Management Thermodynamics MATLAB",8
JOB00484,UI/UX Designer,Graphic Designer,Mendez and Sons,Bengaluru,Photoshop; Creativity; InDesign; Communication,4-7 years,9-12,"Exciting opportunity for a UI/UX Designer at Mendez and Sons. Must be proficient in Photoshop, Creativity, InDesign, Communication, with practical exposure to Communication and Creativity. You'll work in an agile environment solving real business problems. 4+ years experience preferred.","['Photoshop', 'Creativity', 'InDesign', 'Communication']",Photoshop Creativity InDesign Communication,4.0,7.0,5.5,9.0,12.0,10.5,"exciting opportunity for a ui/ux designer at mendez and sons. must be proficient in photoshop, creativity, indesign, communication, with practical exposure to communication and creativity. you'll work in an agile environment solving real business problems. 4+ years experience preferred.","UI/UX Designer exciting opportunity for a ui/ux designer at mendez and sons. must be proficient in photoshop, creativity, indesign, communication, with practical exposure to communication and creativity. you'll work in an agile environment solving real business problems. 4+ years experience preferred. Photoshop Creativity InDesign Communication",0
JOB00420,Manufacturing Engineer,Mechanical Engineer,Thompson Ltd,Delhi NCR,Project Management; Manufacturing; Six Sigma; AutoCAD; MATLAB; Quality Control; SolidWorks,1-4 years,19-25,"Thompson Ltd is hiring a Manufacturing Engineer for our Delhi NCR office. You will use Project Management, Manufacturing, Six Sigma, AutoCAD, MATLAB, Quality Control, SolidWorks daily and help scale our MATLAB capabilities. We value strong fundamentals in AutoCAD and a collaborative mindset. Minimum 1 years of experience in a similar role.","['Project Management', 'Manufacturing', 'Six Sigma', 'AutoCAD', 'MATLAB', 'Quality Control', 'SolidWorks']",Project Management Manufacturing Six Sigma AutoCAD MATLAB Quality Control SolidWorks,1.0,4.0,2.5,19.0,25.0,22.0,"thompson ltd is hiring a manufacturing engineer for our delhi ncr office. you will use project management, manufacturing, six sigma, autocad, matlab, quality control, solidworks daily and help scale our matlab capabilities. we value strong fundamentals in autocad and a collaborative mindset. minimum 1 years of experience in a similar role.","Manufacturing Engineer thompson ltd is hiring a manufacturing engineer for our delhi ncr office. you will use project management, manufacturing, six sigma, autocad, matlab, quality control, solidworks daily and help scale our matlab capabilities. we value strong fundamentals in autocad and a collaborative mindset. minimum 1 years of experience in a similar role. Project Management Manufacturing Six Sigma AutoCAD MATLAB Quality Control SolidWorks",8
JOB00443,Structural Engineer,Civil Engineer,"Hale, Myers and Larson",Noida,Structural Analysis; Project Management; AutoCAD; Revit; Construction Management,5-8 years,9-15,"Exciting opportunity for a Structural Engineer at Hale, Myers and Larson. Must be proficient in Structural Analysis, Project Management, AutoCAD, Revit, Construction Management, with practical exposure to Revit and AutoCAD. You'll work in an agile environment solving real business problems. 5+ years experience preferred.","['Structural Analysis', 'Project Management', 'AutoCAD', 'Revit', 'Construction Management']",Structural Analysis Project Management AutoCAD Revit Construction Management,5.0,8.0,6.5,9.0,15.0,12.0,"exciting opportunity for a structural engineer at hale, myers and larson. must be proficient in structural analysis, project management, autocad, revit, construction management, with practical exposure to revit and autocad. you'll work in an agile environment solving real business problems. 5+ years experience preferred.","Structural Engineer exciting opportunity for a structural engineer at hale, myers and larson. must be proficient in structural analysis, project management, autocad, revit, construction management, with practical exposure to revit and autocad. you'll work in an agile environment solving real business problems. 5+ years experience preferred. Structural Analysis Project Management AutoCAD Revit Construction Management",11
JOB00309,Marketing Analyst,Digital Marketing,"Phillips, Spence and Barrett",Pune,Email Marketing; Excel; SEO; Google Analytics; Copywriting; Marketing Strategy; Content Marketing,8-11 years,14-16,"We are looking for a Marketing Analyst to join our growing team. The ideal candidate has hands-on experience with Email Marketing, Excel, SEO, Google Analytics, Copywriting, Marketing Strategy, Content Marketing and can work independently on Content Marketing-driven projects. Responsibilities include collaborating with cross-functional teams, contributing to Excel initiatives, and driving continuous improvement. 8+ years of relevant experience required.","['Email Marketing', 'Excel', 'SEO', 'Google Analytics', 'Copywriting', 'Marketing Strategy', 'Content Marketing']",Email Marketing Excel SEO Google Analytics Copywriting Marketing Strategy Content Marketing,8.0,11.0,9.5,14.0,16.0,15.0,"we are looking for a marketing analyst to join our growing team. the ideal candidate has hands-on experience with email marketing, excel, seo, google analytics, copywriting, marketing strategy, content marketing and can work independently on content marketing-driven projects. responsibilities include collaborating with cross-functional teams, contributing to excel initiatives, and driving continuous improvement. 8+ years of relevant experience required.","Marketing Analyst we are looking for a marketing analyst to join our growing team. the ideal candidate has hands-on experience with email marketing, excel, seo, google analytics, copywriting, marketing strategy, content marketing and can work independently on content marketing-driven projects. responsibilities include collaborating with cross-functional teams, contributing to excel initiatives, and driving continuous improvement. 8+ years of relevant experience required. Email Marketing Excel SEO Google Analytics Copywriting Marketing Strategy Content Marketing",6
JOB00382,Sales Executive,Sales,Bruce-Villegas,Pune,Communication; CRM; Negotiation; Sales Strategy,0-3 years,19-28,"We are looking for a Sales Executive to join our growing team. The ideal candidate has hands-on experience with Communication, CRM, Negotiation, Sales Strategy and can work independently on Sales Strategy-driven projects. Responsibilities include collaborating with cross-functional teams, contributing to CRM initiatives, and driving continuous improvement. 0+ years of relevant experience required.","['Communication', 'CRM', 'Negotiation', 'Sales Strategy']",Communication CRM Negotiation Sales Strategy,0.0,3.0,1.5,19.0,28.0,23.5,"we are looking for a sales executive to join our growing team. the ideal candidate has hands-on experience with communication, crm, negotiation, sales strategy and can work independently on sales strategy-driven projects. responsibilities include collaborating with cross-functional teams, contributing to crm initiatives, and driving continuous improvement. 0+ years of relevant experience required.","Sales Executive we are looking for a sales executive to join our growing team. the ideal candidate has hands-on experience with communication, crm, negotiation, sales strategy and can work independently on sales strategy-driven projects. responsibilities include collaborating with cross-functional teams, contributing to crm initiatives, and driving continuous improvement. 0+ years of relevant experience required. Communication CRM Negotiation Sales Strategy",3
JOB00009,Data Scientist,Data Science,Garcia-James,Hyderabad,Python; Excel; Statistics; SQL,1-4 years,17-20,"Garcia-James is hiring a Data Scientist for our Hyderabad office. You will use Python, Excel, Statistics, SQL daily and help scale our SQL capabilities. We value strong fundamentals in Python and a collaborative mindset. Minimum 1 years of experience in a similar role.","['Python', 'Excel', 'Statistics', 'SQL']",Python Excel Statistics SQL,1.0,4.0,2.5,17.0,20.0,18.5,"garcia-james is hiring a data scientist for our hyderabad office. you will use python, excel, statistics, sql daily and help scale our sql capabilities. we value strong fundamentals in python and a collaborative mindset. minimum 1 years of experience in a similar role.","Data Scientist garcia-james is hiring a data scientist for our hyderabad office. you will use python, excel, statistics, sql daily and help scale our sql capabilities. we value strong fundamentals in python and a collaborative mindset. minimum 1 years of experience in a similar role. Python Excel Statistics SQL",13
JOB00121,Senior Java Developer,Java Developer,White-Estes,Ahmedabad,Multithreading; SQL; Java; Microservices; REST API,7-10 years,11-17,"White-Estes is hiring a Senior Java Developer for our Ahmedabad office. You will use Multithreading, SQL, Java, Microservices, REST API daily and help scale our REST API capabilities. We value strong fundamentals in Java and a collaborative mindset. Minimum 7 years of experience in a similar role.","['Multithreading', 'SQL', 'Java', 'Microservices', 'REST API']",Multithreading SQL Java Microservices REST API,7.0,10.0,8.5,11.0,17.0,14.0,"white-estes is hiring a senior java developer for our ahmedabad office. you will use multithreading, sql, java, microservices, rest api daily and help scale our rest api capabilities. we value strong fundamentals in java and a collaborative mindset. minimum 7 years of experience in a similar role.","Senior Java Developer white-estes is hiring a senior java developer for our ahmedabad office. you will use multithreading, sql, java, microservices, rest api daily and help scale our rest api capabilities. we value strong fundamentals in java and a collaborative mindset. minimum 7 years of experience in a similar role. Multithreading SQL Java Microservices REST API",12
JOB00354,Business Development Executive,Sales,"Morris, Thompson and Williams",Pune,Excel; Cold Calling; Sales Strategy; Client Relationship Management; CRM; Negotiation; Lead Generation,3-6 years,20-29,"Morris, Thompson and Williams is hiring a Business Development Executive for our Pune office. You will use Excel, Cold Calling, Sales Strategy, Client Relationship Management, CRM, Negotiation, Lead Generation daily and help scale our CRM capabilities. We value strong fundamentals in Sales Strategy and a collaborative mindset. Minimum 3 years of experience in a similar role.","['Excel', 'Cold Calling', 'Sales Strategy', 'Client Relationship Management', 'CRM', 'Negotiation', 'Lead Generation']",Excel Cold Calling Sales Strategy Client Relationship Management CRM Negotiation Lead Generation,3.0,6.0,4.5,20.0,29.0,24.5,"morris, thompson and williams is hiring a business development executive for our pune office. you will use excel, cold calling, sales strategy, client relationship management, crm, negotiation, lead generation daily and help scale our crm capabilities. we value strong fundamentals in sales strategy and a collaborative mindset. minimum 3 years of experience in a similar role.","Business Development Executive morris, thompson and williams is hiring a business development executive for our pune office. you will use excel, cold calling, sales strategy, client relationship management, crm, negotiation, lead generation daily and help scale our crm capabilities. we value strong fundamentals in sales strategy and a collaborative mindset. minimum 3 years of experience in a similar role. Excel Cold Calling Sales Strategy Client Relationship Management CRM Negotiation Lead Generation",3
JOB00217,Network Security Engineer,Network Security Engineer,Perez-White,Hyderabad,Firewalls; SIEM; Python; Cryptography; Vulnerability Assessment,3-6 years,13-16,"Perez-White is hiring a Network Security Engineer for our Hyderabad office. You will use Firewalls, SIEM, Python, Cryptography, Vulnerability Assessment daily and help scale our Cryptography capabilities. We value strong fundamentals in Vulnerability Assessment and a collaborative mindset. Minimum 3 years of experience in a similar role.","['Firewalls', 'SIEM', 'Python', 'Cryptography', 'Vulnerability Assessment']",Firewalls SIEM Python Cryptography Vulnerability Assessment,3.0,6.0,4.5,13.0,16.0,14.5,"perez-white is hiring a network security engineer for our hyderabad office. you will use firewalls, siem, python, cryptography, vulnerability assessment daily and help scale our cryptography capabilities. we value strong fundamentals in vulnerability assessment and a collaborative mindset. minimum 3 years of experience in a similar role.","Network Security Engineer perez-white is hiring a network security engineer for our hyderabad office. you will use firewalls, siem, python, cryptography, vulnerability assessment daily and help scale our cryptography capabilities. we value strong fundamentals in vulnerability assessment and a collaborative mindset. minimum 3 years of experience in a similar role. Firewalls SIEM Python Cryptography Vulnerability Assessment",14
JOB00422,Civil Site Engineer,Civil Engineer,"Cole, Glass and Cunningham",Ahmedabad,Construction Management; Structural Analysis; Project Management; AutoCAD; Surveying; Revit,8-11 years,5-10,"Exciting opportunity for a Civil Site Engineer at Cole, Glass and Cunningham. Must be proficient in Construction Management, Structural Analysis, Project Management, AutoCAD, Surveying, Revit, with practical exposure to Surveying and Project Management. You'll work in an agile environment solving real business problems. 8+ years experience preferred.","['Construction Management', 'Structural Analysis', 'Project Management', 'AutoCAD', 'Surveying', 'Revit']",Construction Management Structural Analysis Project Management AutoCAD Surveying Revit,8.0,11.0,9.5,5.0,10.0,7.5,"exciting opportunity for a civil site engineer at cole, glass and cunningham. must be proficient in construction management, structural analysis, project management, autocad, surveying, revit, with practical exposure to surveying and project management. you'll work in an agile environment solving real business problems. 8+ years experience preferred.","Civil Site Engineer exciting opportunity for a civil site engineer at cole, glass and cunningham. must be proficient in construction management, structural analysis, project management, autocad, surveying, revit, with practical exposure to surveying and project management. you'll work in an agile environment solving real business problems. 8+ years experience preferred. Construction Management Structural Analysis Project Management AutoCAD Surveying Revit",11
JOB00281,SEO Specialist,Digital Marketing,Garner-Thornton,Bengaluru,PPC; Content Marketing; SEO; Marketing Strategy; Copywriting; Email Marketing,6-9 years,19-29,"Exciting opportunity for a SEO Specialist at Garner-Thornton. Must be proficient in PPC, Content Marketing, SEO, Marketing Strategy, Copywriting, Email Marketing, with practical exposure to Email Marketing and Content Marketing. You'll work in an agile environment solving real business problems. 6+ years experience preferred.","['PPC', 'Content Marketing', 'SEO', 'Marketing Strategy', 'Copywriting', 'Email Marketing']",PPC Content Marketing SEO Marketing Strategy Copywriting Email Marketing,6.0,9.0,7.5,19.0,29.0,24.0,"exciting opportunity for a seo specialist at garner-thornton. must be proficient in ppc, content marketing, seo, marketing strategy, copywriting, email marketing, with practical exposure to email marketing and content marketing. you'll work in an agile environment solving real business problems. 6+ years experience preferred.","SEO Specialist exciting opportunity for a seo specialist at garner-thornton. must be proficient in ppc, content marketing, seo, marketing strategy, copywriting, email marketing, with practical exposure to email marketing and content marketing. you'll work in an agile environment solving real business problems. 6+ years experience preferred. PPC Content Marketing SEO Marketing Strategy Copywriting Email Marketing",6
JOB00148,Python Developer,Python Developer,"Holmes, Williams and Wright",Pune,Python; REST API; Flask; Django; Git; SQL; Celery; Docker,1-4 years,9-19,"Exciting opportunity for a Python Developer at Holmes, Williams and Wright. Must be proficient in Python, REST API, Flask, Django, Git, SQL, Celery, Docker, with practical exposure to Flask and Celery. You'll work in an agile environment solving real business problems. 1+ years experience preferred.","['Python', 'REST API', 'Flask', 'Django', 'Git', 'SQL', 'Celery', 'Docker']",Python REST API Flask Django Git SQL Celery Docker,1.0,4.0,2.5,9.0,19.0,14.0,"exciting opportunity for a python developer at holmes, williams and wright. must be proficient in python, rest api, flask, django, git, sql, celery, docker, with practical exposure to flask and celery. you'll work in an agile environment solving real business problems. 1+ years experience preferred.","Python Developer exciting opportunity for a python developer at holmes, williams and wright. must be proficient in python, rest api, flask, django, git, sql, celery, docker, with practical exposure to flask and celery. you'll work in an agile environment solving real business problems. 1+ years experience preferred. Python REST API Flask Django Git SQL Celery Docker",7
JOB00091,Mobile App Developer,Android Development,"Turner, Riggs and Roman",Hyderabad,Git; MVVM; Firebase; Jetpack Compose; Java; Material Design; Kotlin; REST API,3-6 years,10-17,"Exciting opportunity for a Mobile App Developer at Turner, Riggs and Roman. Must be proficient in Git, MVVM, Firebase, Jetpack Compose, Java, Material Design, Kotlin, REST API, with practical exposure to Jetpack Compose and MVVM. You'll work in an agile environment solving real business problems. 3+ years experience preferred.","['Git', 'MVVM', 'Firebase', 'Jetpack Compose', 'Java', 'Material Design', 'Kotlin', 'REST API']",Git MVVM Firebase Jetpack Compose Java Material Design Kotlin REST API,3.0,6.0,4.5,10.0,17.0,13.5,"exciting opportunity for a mobile app developer at turner, riggs and roman. must be proficient in git, mvvm, firebase, jetpack compose, java, material design, kotlin, rest api, with practical exposure to jetpack compose and mvvm. you'll work in an agile environment solving real business problems. 3+ years experience preferred.","Mobile App Developer exciting opportunity for a mobile app developer at turner, riggs and roman. must be proficient in git, mvvm, firebase, jetpack compose, java, material design, kotlin, rest api, with practical exposure to jetpack compose and mvvm. you'll work in an agile environment solving real business problems. 3+ years experience preferred. Git MVVM Firebase Jetpack Compose Java Material Design Kotlin REST API",4
JOB00336,HR Executive,HR,"Avery, Horton and Fernandez",Remote,Excel; Onboarding; Recruitment; Performance Management; Conflict Resolution,7-10 years,9-18,"We are looking for a HR Executive to join our growing team. The ideal candidate has hands-on experience with Excel, Onboarding, Recruitment, Performance Management, Conflict Resolution and can work independently on Conflict Resolution-driven projects. Responsibilities include collaborating with cross-functional teams, contributing to Performance Management initiatives, and driving continuous improvement. 7+ years of relevant experience required.","['Excel', 'Onboarding', 'Recruitment', 'Performance Management', 'Conflict Resolution']",Excel Onboarding Recruitment Performance Management Conflict Resolution,7.0,10.0,8.5,9.0,18.0,13.5,"we are looking for a hr executive to join our growing team. the ideal candidate has hands-on experience with excel, onboarding, recruitment, performance management, conflict resolution and can work independently on conflict resolution-driven projects. responsibilities include collaborating with cross-functional teams, contributing to performance management initiatives, and driving continuous improvement. 7+ years of relevant experience required.","HR Executive we are looking for a hr executive to join our growing team. the ideal candidate has hands-on experience with excel, onboarding, recruitment, performance management, conflict resolution and can work independently on conflict resolution-driven projects. responsibilities include collaborating with cross-functional teams, contributing to performance management initiatives, and driving continuous improvement. 7+ years of relevant experience required. Excel Onboarding Recruitment Performance Management Conflict Resolution",1
JOB00294,Digital Marketing Executive,Digital Marketing,Good-Hodges,Bengaluru,Copywriting; Marketing Strategy; Social Media; Communication; Content Marketing,2-5 years,10-12,"Exciting opportunity for a Digital Marketing Executive at Good-Hodges. Must be proficient in Copywriting, Marketing Strategy, Social Media, Communication, Content Marketing, with practical exposure to Communication and Social Media. You'll work in an agile environment solving real business problems. 2+ years experience preferred.","['Copywriting', 'Marketing Strategy', 'Social Media', 'Communication', 'Content Marketing']",Copywriting Marketing Strategy Social Media Communication Content Marketing,2.0,5.0,3.5,10.0,12.0,11.0,"exciting opportunity for a digital marketing executive at good-hodges. must be proficient in copywriting, marketing strategy, social media, communication, content marketing, with practical exposure to communication and social media. you'll work in an agile environment solving real business problems. 2+ years experience preferred.","Digital Marketing Executive exciting opportunity for a digital marketing executive at good-hodges. must be proficient in copywriting, marketing strategy, social media, communication, content marketing, with practical exposure to communication and social media. you'll work in an agile environment solving real business problems. 2+ years experience preferred. Copywriting Marketing Strategy Social Media Communication Content Marketing",6
JOB00027,Data Scientist,Data Science,Baker and Sons,Chennai,Machine Learning; TensorFlow; A/B Testing; Tableau,1-4 years,15-17,"We are looking for a Data Scientist to join our growing team. The ideal candidate has hands-on experience with Machine Learning, TensorFlow, A/B Testing, Tableau and can work independently on Machine Learning-driven projects. Responsibilities include collaborating with cross-functional teams, contributing to Tableau initiatives, and driving continuous improvement. 1+ years of relevant experience required.","['Machine Learning', 'TensorFlow', 'A/B Testing', 'Tableau']",Machine Learning TensorFlow A/B Testing Tableau,1.0,4.0,2.5,15.0,17.0,16.0,"we are looking for a data scientist to join our growing team. the ideal candidate has hands-on experience with machine learning, tensorflow, a/b testing, tableau and can work independently on machine learning-driven projects. responsibilities include collaborating with cross-functional teams, contributing to tableau initiatives, and driving continuous improvement. 1+ years of relevant experience required.","Data Scientist we are looking for a data scientist to join our growing team. the ideal candidate has hands-on experience with machine learning, tensorflow, a/b testing, tableau and can work independently on machine learning-driven projects. responsibilities include collaborating with cross-functional teams, contributing to tableau initiatives, and driving continuous improvement. 1+ years of relevant experience required. Machine Learning TensorFlow A/B Testing Tableau",13
JOB00318,HR Executive,HR,Burgess-Thompson,Delhi NCR,Onboarding; Performance Management; Excel; Employee Engagement; HRIS; Communication,8-11 years,16-19,"Exciting opportunity for a HR Executive at Burgess-Thompson. Must be proficient in Onboarding, Performance Management, Excel, Employee Engagement, HRIS, Communication, with practical exposure to Performance Management and Employee Engagement. You'll work in an agile environment solving real business problems. 8+ years experience preferred.","['Onboarding', 'Performance Management', 'Excel', 'Employee Engagement', 'HRIS', 'Communication']",Onboarding Performance Management Excel Employee Engagement HRIS Communication,8.0,11.0,9.5,16.0,19.0,17.5,"exciting opportunity for a hr executive at burgess-thompson. must be proficient in onboarding, performance management, excel, employee engagement, hris, communication, with practical exposure to performance management and employee engagement. you'll work in an agile environment solving real business problems. 8+ years experience preferred.","HR Executive exciting opportunity for a hr executive at burgess-thompson. must be proficient in onboarding, performance management, excel, employee engagement, hris, communication, with practical exposure to performance management and employee engagement. you'll work in an agile environment solving real business problems. 8+ years experience preferred. Onboarding Performance Management Excel Employee Engagement HRIS Communication",1
JOB00373,Account Manager,Sales,Reynolds Ltd,Mumbai,CRM; Lead Generation; Sales Strategy; Excel; Negotiation; Cold Calling; Client Relationship Management,3-6 years,4-10,"Reynolds Ltd is hiring a Account Manager for our Mumbai office. You will use CRM, Lead Generation, Sales Strategy, Excel, Negotiation, Cold Calling, Client Relationship Management daily and help scale our Cold Calling capabilities. We value strong fundamentals in Excel and a collaborative mindset. Minimum 3 years of experience in a similar role.","['CRM', 'Lead Generation', 'Sales Strategy', 'Excel', 'Negotiation', 'Cold Calling', 'Client Relationship Management']",CRM Lead Generation Sales Strategy Excel Negotiation Cold Calling Client Relationship Management,3.0,6.0,4.5,4.0,10.0,7.0,"reynolds ltd is hiring a account manager for our mumbai office. you will use crm, lead generation, sales strategy, excel, negotiation, cold calling, client relationship management daily and help scale our cold calling capabilities. we value strong fundamentals in excel and a collaborative mindset. minimum 3 years of experience in a similar role.","Account Manager reynolds ltd is hiring a account manager for our mumbai office. you will use crm, lead generation, sales strategy, excel, negotiation, cold calling, client relationship management daily and help scale our cold calling capabilities. we value strong fundamentals in excel and a collaborative mindset. minimum 3 years of experience in a similar role. CRM Lead Generation Sales Strategy Excel Negotiation Cold Calling Client Relationship Management",3
JOB00425,Structural Engineer,Civil Engineer,Welch-Hogan,Pune,Surveying; Revit; Project Management; Construction Management; Cost Estimation,4-7 years,17-25,"Welch-Hogan is hiring a Structural Engineer for our Pune office. You will use Surveying, Revit, Project Management, Construction Management, Cost Estimation daily and help scale our Construction Management capabilities. We value strong fundamentals in Surveying and a collaborative mindset. Minimum 4 years of experience in a similar role.","['Surveying', 'Revit', 'Project Management', 'Construction Management', 'Cost Estimation']",Surveying Revit Project Management Construction Management Cost Estimation,4.0,7.0,5.5,17.0,25.0,21.0,"welch-hogan is hiring a structural engineer for our pune office. you will use surveying, revit, project management, construction management, cost estimation daily and help scale our construction management capabilities. we value strong fundamentals in surveying and a collaborative mindset. minimum 4 years of experience in a similar role.","Structural Engineer welch-hogan is hiring a structural engineer for our pune office. you will use surveying, revit, project management, construction management, cost estimation daily and help scale our construction management capabilities. we value strong fundamentals in surveying and a collaborative mindset. minimum 4 years of experience in a similar role. Surveying Revit Project Management Construction Management Cost Estimation",11
JOB00035,Data Analyst,Data Science,"Dyer, Potter and Mack",Delhi NCR,Machine Learning; A/B Testing; TensorFlow; Pandas; Data Visualization,0-3 years,17-25,"Dyer, Potter and Mack is hiring a Data Analyst for our Delhi NCR office. You will use Machine Learning, A/B Testing, TensorFlow, Pandas, Data Visualization daily and help scale our Machine Learning capabilities. We value strong fundamentals in A/B Testing and a collaborative mindset. Minimum 0 years of experience in a similar role.","['Machine Learning', 'A/B Testing', 'TensorFlow', 'Pandas', 'Data Visualization']",Machine Learning A/B Testing TensorFlow Pandas Data Visualization,0.0,3.0,1.5,17.0,25.0,21.0,"dyer, potter and mack is hiring a data analyst for our delhi ncr office. you will use machine learning, a/b testing, tensorflow, pandas, data visualization daily and help scale our machine learning capabilities. we value strong fundamentals in a/b testing and a collaborative mindset. minimum 0 years of experience in a similar role.","Data Analyst dyer, potter and mack is hiring a data analyst for our delhi ncr office. you will use machine learning, a/b testing, tensorflow, pandas, data visualization daily and help scale our machine learning capabilities. we value strong fundamentals in a/b testing and a collaborative mindset. minimum 0 years of experience in a similar role. Machine Learning A/B Testing TensorFlow Pandas Data Visualization",13
JOB00267,Product Analyst,Business Analyst,Valentine-Holland,Remote,Agile; Process Improvement; Data Visualization; Communication; SQL; Power BI,7-10 years,19-25,"Exciting opportunity for a Product Analyst at Valentine-Holland. Must be proficient in Agile, Process Improvement, Data Visualization, Communication, SQL, Power BI, with practical exposure to SQL and Data Visualization. You'll work in an agile environment solving real business problems. 7+ years experience preferred.","['Agile', 'Process Improvement', 'Data Visualization', 'Communication', 'SQL', 'Power BI']",Agile Process Improvement Data Visualization Communication SQL Power BI,7.0,10.0,8.5,19.0,25.0,22.0,"exciting opportunity for a product analyst at valentine-holland. must be proficient in agile, process improvement, data visualization, communication, sql, power bi, with practical exposure to sql and data visualization. you'll work in an agile environment solving real business problems. 7+ years experience preferred.","Product Analyst exciting opportunity for a product analyst at valentine-holland. must be proficient in agile, process improvement, data visualization, communication, sql, power bi, with practical exposure to sql and data visualization. you'll work in an agile environment solving real business problems. 7+ years experience preferred. Agile Process Improvement Data Visualization Communication SQL Power BI",9
JOB00086,Mobile App Developer,Android Development,Smith PLC,Mumbai,Material Design; REST API; SQLite; Android SDK; Java; Git; MVVM,1-4 years,11-13,"Exciting opportunity for a Mobile App Developer at Smith PLC. Must be proficient in Material Design, REST API, SQLite, Android SDK, Java, Git, MVVM, with practical exposure to Git and MVVM. You'll work in an agile environment solving real business problems. 1+ years experience preferred.","['Material Design', 'REST API', 'SQLite', 'Android SDK', 'Java', 'Git', 'MVVM']",Material Design REST API SQLite Android SDK Java Git MVVM,1.0,4.0,2.5,11.0,13.0,12.0,"exciting opportunity for a mobile app developer at smith plc. must be proficient in material design, rest api, sqlite, android sdk, java, git, mvvm, with practical exposure to git and mvvm. you'll work in an agile environment solving real business problems. 1+ years experience preferred.","Mobile App Developer exciting opportunity for a mobile app developer at smith plc. must be proficient in material design, rest api, sqlite, android sdk, java, git, mvvm, with practical exposure to git and mvvm. you'll work in an agile environment solving real business problems. 1+ years experience preferred. Material Design REST API SQLite Android SDK Java Git MVVM",4
JOB00160,Python Developer,Python Developer,Russell-Daniels,Bengaluru,Celery; SQL; Django; Git; Pandas; REST API; Docker; Unit Testing,5-8 years,14-17,"Russell-Daniels is hiring a Python Developer for our Bengaluru office. You will use Celery, SQL, Django, Git, Pandas, REST API, Docker, Unit Testing daily and help scale our Unit Testing capabilities. We value strong fundamentals in SQL and a collaborative mindset. Minimum 5 years of experience in a similar role.","['Celery', 'SQL', 'Django', 'Git', 'Pandas', 'REST API', 'Docker', 'Unit Testing']",Celery SQL Django Git Pandas REST API Docker Unit Testing,5.0,8.0,6.5,14.0,17.0,15.5,"russell-daniels is hiring a python developer for our bengaluru office. you will use celery, sql, django, git, pandas, rest api, docker, unit testing daily and help scale our unit testing capabilities. we value strong fundamentals in sql and a collaborative mindset. minimum 5 years of experience in a similar role.","Python Developer russell-daniels is hiring a python developer for our bengaluru office. you will use celery, sql, django, git, pandas, rest api, docker, unit testing daily and help scale our unit testing capabilities. we value strong fundamentals in sql and a collaborative mindset. minimum 5 years of experience in a similar role. Celery SQL Django Git Pandas REST API Docker Unit Testing",7
JOB00481,UI/UX Designer,Graphic Designer,Brown-Copeland,Pune,Photoshop; InDesign; Communication; Creativity,3-6 years,15-24,"Brown-Copeland is hiring a UI/UX Designer for our Pune office. You will use Photoshop, InDesign, Communication, Creativity daily and help scale our InDesign capabilities. We value strong fundamentals in Communication and a collaborative mindset. Minimum 3 years of experience in a similar role.","['Photoshop', 'InDesign', 'Communication', 'Creativity']",Photoshop InDesign Communication Creativity,3.0,6.0,4.5,15.0,24.0,19.5,"brown-copeland is hiring a ui/ux designer for our pune office. you will use photoshop, indesign, communication, creativity daily and help scale our indesign capabilities. we value strong fundamentals in communication and a collaborative mindset. minimum 3 years of experience in a similar role.","UI/UX Designer brown-copeland is hiring a ui/ux designer for our pune office. you will use photoshop, indesign, communication, creativity daily and help scale our indesign capabilities. we value strong fundamentals in communication and a collaborative mindset. minimum 3 years of experience in a similar role. Photoshop InDesign Communication Creativity",0
JOB00377,Sales Executive,Sales,Schmitt PLC,Hyderabad,Negotiation; Excel; CRM; Communication; Cold Calling; Lead Generation; Sales Strategy,8-11 years,11-14,"Schmitt PLC is hiring a Sales Executive for our Hyderabad office. You will use Negotiation, Excel, CRM, Communication, Cold Calling, Lead Generation, Sales Strategy daily and help scale our Negotiation capabilities. We value strong fundamentals in Sales Strategy and a collaborative mindset. Minimum 8 years of experience in a similar role.","['Negotiation', 'Excel', 'CRM', 'Communication', 'Cold Calling', 'Lead Generation', 'Sales Strategy']",Negotiation Excel CRM Communication Cold Calling Lead Generation Sales Strategy,8.0,11.0,9.5,11.0,14.0,12.5,"schmitt plc is hiring a sales executive for our hyderabad office. you will use negotiation, excel, crm, communication, cold calling, lead generation, sales strategy daily and help scale our negotiation capabilities. we value strong fundamentals in sales strategy and a collaborative mindset. minimum 8 years of experience in a similar role.","Sales Executive schmitt plc is hiring a sales executive for our hyderabad office. you will use negotiation, excel, crm, communication, cold calling, lead generation, sales strategy daily and help scale our negotiation capabilities. we value strong fundamentals in sales strategy and a collaborative mindset. minimum 8 years of experience in a similar role. Negotiation Excel CRM Communication Cold Calling Lead Generation Sales Strategy",3
JOB00096,Android Developer,Android Development,Harris-Walters,Noida,MVVM; Git; REST API; SQLite,4-7 years,16-20,"Harris-Walters is hiring a Android Developer for our Noida office. You will use MVVM, Git, REST API, SQLite daily and help scale our MVVM capabilities. We value strong fundamentals in SQLite and a collaborative mindset. Minimum 4 years of experience in a similar role.","['MVVM', 'Git', 'REST API', 'SQLite']",MVVM Git REST API SQLite,4.0,7.0,5.5,16.0,20.0,18.0,"harris-walters is hiring a android developer for our noida office. you will use mvvm, git, rest api, sqlite daily and help scale our mvvm capabilities. we value strong fundamentals in sqlite and a collaborative mindset. minimum 4 years of experience in a similar role.","Android Developer harris-walters is hiring a android developer for our noida office. you will use mvvm, git, rest api, sqlite daily and help scale our mvvm capabilities. we value strong fundamentals in sqlite and a collaborative mindset. minimum 4 years of experience in a similar role. MVVM Git REST API SQLite",4
JOB00143,Python Developer,Python Developer,Gibson Ltd,Ahmedabad,Pandas; Flask; SQL; Docker; REST API; Python; Django; Celery,2-5 years,16-24,"Gibson Ltd is hiring a Python Developer for our Ahmedabad office. You will use Pandas, Flask, SQL, Docker, REST API, Python, Django, Celery daily and help scale our Celery capabilities. We value strong fundamentals in Docker and a collaborative mindset. Minimum 2 years of experience in a similar role.","['Pandas', 'Flask', 'SQL', 'Docker', 'REST API', 'Python', 'Django', 'Celery']",Pandas Flask SQL Docker REST API Python Django Celery,2.0,5.0,3.5,16.0,24.0,20.0,"gibson ltd is hiring a python developer for our ahmedabad office. you will use pandas, flask, sql, docker, rest api, python, django, celery daily and help scale our celery capabilities. we value strong fundamentals in docker and a collaborative mindset. minimum 2 years of experience in a similar role.","Python Developer gibson ltd is hiring a python developer for our ahmedabad office. you will use pandas, flask, sql, docker, rest api, python, django, celery daily and help scale our celery capabilities. we value strong fundamentals in docker and a collaborative mindset. minimum 2 years of experience in a similar role. Pandas Flask SQL Docker REST API Python Django Celery",7
JOB00398,Manufacturing Engineer,Mechanical Engineer,"Estrada, Williams and Foster",Remote,MATLAB; AutoCAD; Thermodynamics; Manufacturing,0-3 years,15-20,"Estrada, Williams and Foster is hiring a Manufacturing Engineer for our Remote office. You will use MATLAB, AutoCAD, Thermodynamics, Manufacturing daily and help scale our Thermodynamics capabilities. We value strong fundamentals in Manufacturing and a collaborative mindset. Minimum 0 years of experience in a similar role.","['MATLAB', 'AutoCAD', 'Thermodynamics', 'Manufacturing']",MATLAB AutoCAD Thermodynamics Manufacturing,0.0,3.0,1.5,15.0,20.0,17.5,"estrada, williams and foster is hiring a manufacturing engineer for our remote office. you will use matlab, autocad, thermodynamics, manufacturing daily and help scale our thermodynamics capabilities. we value strong fundamentals in manufacturing and a collaborative mindset. minimum 0 years of experience in a similar role.","Manufacturing Engineer estrada, williams and foster is hiring a manufacturing engineer for our remote office. you will use matlab, autocad, thermodynamics, manufacturing daily and help scale our thermodynamics capabilities. we value strong fundamentals in manufacturing and a collaborative mindset. minimum 0 years of experience in a similar role. MATLAB AutoCAD Thermodynamics Manufacturing",8
JOB00073,Android Developer,Android Development,Henderson-Bernard,Chennai,SQLite; Material Design; Kotlin; Android SDK; Firebase; Git; Java; MVVM,6-9 years,20-22,"Exciting opportunity for a Android Developer at Henderson-Bernard. Must be proficient in SQLite, Material Design, Kotlin, Android SDK, Firebase, Git, Java, MVVM, with practical exposure to Kotlin and Java. You'll work in an agile environment solving real business problems. 6+ years experience preferred.","['SQLite', 'Material Design', 'Kotlin', 'Android SDK', 'Firebase', 'Git', 'Java', 'MVVM']",SQLite Material Design Kotlin Android SDK Firebase Git Java MVVM,6.0,9.0,7.5,20.0,22.0,21.0,"exciting opportunity for a android developer at henderson-bernard. must be proficient in sqlite, material design, kotlin, android sdk, firebase, git, java, mvvm, with practical exposure to kotlin and java. you'll work in an agile environment solving real business problems. 6+ years experience preferred.","Android Developer exciting opportunity for a android developer at henderson-bernard. must be proficient in sqlite, material design, kotlin, android sdk, firebase, git, java, mvvm, with practical exposure to kotlin and java. you'll work in an agile environment solving real business problems. 6+ years experience preferred. SQLite Material Design Kotlin Android SDK Firebase Git Java MVVM",4
JOB00151,Python Developer,Python Developer,Salazar-Ball,Remote,Git; Celery; Django; Python; Docker; SQL; Flask; Unit Testing,4-7 years,5-12,"Salazar-Ball is hiring a Python Developer for our Remote office. You will use Git, Celery, Django, Python, Docker, SQL, Flask, Unit Testing daily and help scale our Celery capabilities. We value strong fundamentals in Docker and a collaborative mindset. Minimum 4 years of experience in a similar role.","['Git', 'Celery', 'Django', 'Python', 'Docker', 'SQL', 'Flask', 'Unit Testing']",Git Celery Django Python Docker SQL Flask Unit Testing,4.0,7.0,5.5,5.0,12.0,8.5,"salazar-ball is hiring a python developer for our remote office. you will use git, celery, django, python, docker, sql, flask, unit testing daily and help scale our celery capabilities. we value strong fundamentals in docker and a collaborative mindset. minimum 4 years of experience in a similar role.","Python Developer salazar-ball is hiring a python developer for our remote office. you will use git, celery, django, python, docker, sql, flask, unit testing daily and help scale our celery capabilities. we value strong fundamentals in docker and a collaborative mindset. minimum 4 years of experience in a similar role. Git Celery Django Python Docker SQL Flask Unit Testing",7
JOB00477,Graphic Designer,Graphic Designer,Scott and Sons,Kolkata,Figma; Creativity; Typography; Communication; Branding,6-9 years,4-12,"Scott and Sons is hiring a Graphic Designer for our Kolkata office. You will use Figma, Creativity, Typography, Communication, Branding daily and help scale our Branding capabilities. We value strong fundamentals in Typography and a collaborative mindset. Minimum 6 years of experience in a similar role.","['Figma', 'Creativity', 'Typography', 'Communication', 'Branding']",Figma Creativity Typography Communication Branding,6.0,9.0,7.5,4.0,12.0,8.0,"scott and sons is hiring a graphic designer for our kolkata office. you will use figma, creativity, typography, communication, branding daily and help scale our branding capabilities. we value strong fundamentals in typography and a collaborative mindset. minimum 6 years of experience in a similar role.","Graphic Designer scott and sons is hiring a graphic designer for our kolkata office. you will use figma, creativity, typography, communication, branding daily and help scale our branding capabilities. we value strong fundamentals in typography and a collaborative mindset. minimum 6 years of experience in a similar role. Figma Creativity Typography Communication Branding",0
JOB00414,Mechanical Design Engineer,Mechanical Engineer,Cook and Sons,Mumbai,SolidWorks; Quality Control; Thermodynamics; AutoCAD; Project Management; MATLAB; Manufacturing,5-8 years,4-11,"We are looking for a Mechanical Design Engineer to join our growing team. The ideal candidate has hands-on experience with SolidWorks, Quality Control, Thermodynamics, AutoCAD, Project Management, MATLAB, Manufacturing and can work independently on SolidWorks-driven projects. Responsibilities include collaborating with cross-functional teams, contributing to Project Management initiatives, and driving continuous improvement. 5+ years of relevant experience required.","['SolidWorks', 'Quality Control', 'Thermodynamics', 'AutoCAD', 'Project Management', 'MATLAB', 'Manufacturing']",SolidWorks Quality Control Thermodynamics AutoCAD Project Management MATLAB Manufacturing,5.0,8.0,6.5,4.0,11.0,7.5,"we are looking for a mechanical design engineer to join our growing team. the ideal candidate has hands-on experience with solidworks, quality control, thermodynamics, autocad, project management, matlab, manufacturing and can work independently on solidworks-driven projects. responsibilities include collaborating with cross-functional teams, contributing to project management initiatives, and driving continuous improvement. 5+ years of relevant experience required.","Mechanical Design Engineer we are looking for a mechanical design engineer to join our growing team. the ideal candidate has hands-on experience with solidworks, quality control, thermodynamics, autocad, project management, matlab, manufacturing and can work independently on solidworks-driven projects. responsibilities include collaborating with cross-functional teams, contributing to project management initiatives, and driving continuous improvement. 5+ years of relevant experience required. SolidWorks Quality Control Thermodynamics AutoCAD Project Management MATLAB Manufacturing",8
JOB00397,Manufacturing Engineer,Mechanical Engineer,Gregory-Watkins,Bengaluru,MATLAB; Six Sigma; Manufacturing; Project Management,8-11 years,10-14,"We are looking for a Manufacturing Engineer to join our growing team. The ideal candidate has hands-on experience with MATLAB, Six Sigma, Manufacturing, Project Management and can work independently on Project Management-driven projects. Responsibilities include collaborating with cross-functional teams, contributing to Manufacturing initiatives, and driving continuous improvement. 8+ years of relevant experience required.","['MATLAB', 'Six Sigma', 'Manufacturing', 'Project Management']",MATLAB Six Sigma Manufacturing Project Management,8.0,11.0,9.5,10.0,14.0,12.0,"we are looking for a manufacturing engineer to join our growing team. the ideal candidate has hands-on experience with matlab, six sigma, manufacturing, project management and can work independently on project management-driven projects. responsibilities include collaborating with cross-functional teams, contributing to manufacturing initiatives, and driving continuous improvement. 8+ years of relevant experience required.","Manufacturing Engineer we are looking for a manufacturing engineer to join our growing team. the ideal candidate has hands-on experience with matlab, six sigma, manufacturing, project management and can work independently on project management-driven projects. responsibilities include collaborating with cross-functional teams, contributing to manufacturing initiatives, and driving continuous improvement. 8+ years of relevant experience required. MATLAB Six Sigma Manufacturing Project Management",8
JOB00458,Graphic Designer,Graphic Designer,Young-Allen,Bengaluru,InDesign; Illustrator; Branding; Creativity,7-10 years,6-12,"Young-Allen is hiring a Graphic Designer for our Bengaluru office. You will use InDesign, Illustrator, Branding, Creativity daily and help scale our Branding capabilities. We value strong fundamentals in Creativity and a collaborative mindset. Minimum 7 years of experience in a similar role.","['InDesign', 'Illustrator', 'Branding', 'Creativity']",InDesign Illustrator Branding Creativity,7.0,10.0,8.5,6.0,12.0,9.0,"young-allen is hiring a graphic designer for our bengaluru office. you will use indesign, illustrator, branding, creativity daily and help scale our branding capabilities. we value strong fundamentals in creativity and a collaborative mindset. minimum 7 years of experience in a similar role.","Graphic Designer young-allen is hiring a graphic designer for our bengaluru office. you will use indesign, illustrator, branding, creativity daily and help scale our branding capabilities. we value strong fundamentals in creativity and a collaborative mindset. minimum 7 years of experience in a similar role. InDesign Illustrator Branding Creativity",0
JOB00041,Frontend Developer,Web Development,Ryan PLC,Bengaluru,REST API; Git; MongoDB; JavaScript; Express.js; CSS; Node.js; HTML,7-10 years,16-21,"Ryan PLC is hiring a Frontend Developer for our Bengaluru office. You will use REST API, Git, MongoDB, JavaScript, Express.js, CSS, Node.js, HTML daily and help scale our HTML capabilities. We value strong fundamentals in JavaScript and a collaborative mindset. Minimum 7 years of experience in a similar role.","['REST API', 'Git', 'MongoDB', 'JavaScript', 'Express.js', 'CSS', 'Node.js', 'HTML']",REST API Git MongoDB JavaScript Express.js CSS Node.js HTML,7.0,10.0,8.5,16.0,21.0,18.5,"ryan plc is hiring a frontend developer for our bengaluru office. you will use rest api, git, mongodb, javascript, express.js, css, node.js, html daily and help scale our html capabilities. we value strong fundamentals in javascript and a collaborative mindset. minimum 7 years of experience in a similar role.","Frontend Developer ryan plc is hiring a frontend developer for our bengaluru office. you will use rest api, git, mongodb, javascript, express.js, css, node.js, html daily and help scale our html capabilities. we value strong fundamentals in javascript and a collaborative mindset. minimum 7 years of experience in a similar role. REST API Git MongoDB JavaScript Express.js CSS Node.js HTML",2
JOB00129,Java Developer,Java Developer,"Mccall, Hanson and Alvarado",Bengaluru,Spring Boot; REST API; Hibernate; Git; JUnit,0-3 years,6-11,"Exciting opportunity for a Java Developer at Mccall, Hanson and Alvarado. Must be proficient in Spring Boot, REST API, Hibernate, Git, JUnit, with practical exposure to JUnit and Hibernate. You'll work in an agile environment solving real business problems. 0+ years experience preferred.","['Spring Boot', 'REST API', 'Hibernate', 'Git', 'JUnit']",Spring Boot REST API Hibernate Git JUnit,0.0,3.0,1.5,6.0,11.0,8.5,"exciting opportunity for a java developer at mccall, hanson and alvarado. must be proficient in spring boot, rest api, hibernate, git, junit, with practical exposure to junit and hibernate. you'll work in an agile environment solving real business problems. 0+ years experience preferred.","Java Developer exciting opportunity for a java developer at mccall, hanson and alvarado. must be proficient in spring boot, rest api, hibernate, git, junit, with practical exposure to junit and hibernate. you'll work in an agile environment solving real business problems. 0+ years experience preferred. Spring Boot REST API Hibernate Git JUnit",12
JOB00026,Data Scientist,Data Science,Wilkerson-Day,Bengaluru,Data Visualization; Statistics; A/B Testing; SQL; Excel; NumPy; Tableau,6-9 years,6-13,"Wilkerson-Day is hiring a Data Scientist for our Bengaluru office. You will use Data Visualization, Statistics, A/B Testing, SQL, Excel, NumPy, Tableau daily and help scale our SQL capabilities. We value strong fundamentals in Statistics and a collaborative mindset. Minimum 6 years of experience in a similar role.","['Data Visualization', 'Statistics', 'A/B Testing', 'SQL', 'Excel', 'NumPy', 'Tableau']",Data Visualization Statistics A/B Testing SQL Excel NumPy Tableau,6.0,9.0,7.5,6.0,13.0,9.5,"wilkerson-day is hiring a data scientist for our bengaluru office. you will use data visualization, statistics, a/b testing, sql, excel, numpy, tableau daily and help scale our sql capabilities. we value strong fundamentals in statistics and a collaborative mindset. minimum 6 years of experience in a similar role.","Data Scientist wilkerson-day is hiring a data scientist for our bengaluru office. you will use data visualization, statistics, a/b testing, sql, excel, numpy, tableau daily and help scale our sql capabilities. we value strong fundamentals in statistics and a collaborative mindset. minimum 6 years of experience in a similar role. Data Visualization Statistics A/B Testing SQL Excel NumPy Tableau",13
JOB00284,SEO Specialist,Digital Marketing,"Sanford, Rivera and Garcia",Ahmedabad,Email Marketing; Google Analytics; Excel; Content Marketing,4-7 years,9-13,"Exciting opportunity for a SEO Specialist at Sanford, Rivera and Garcia. Must be proficient in Email Marketing, Google Analytics, Excel, Content Marketing, with practical exposure to Excel and Content Marketing. You'll work in an agile environment solving real business problems. 4+ years experience preferred.","['Email Marketing', 'Google Analytics', 'Excel', 'Content Marketing']",Email Marketing Google Analytics Excel Content Marketing,4.0,7.0,5.5,9.0,13.0,11.0,"exciting opportunity for a seo specialist at sanford, rivera and garcia. must be proficient in email marketing, google analytics, excel, content marketing, with practical exposure to excel and content marketing. you'll work in an agile environment solving real business problems. 4+ years experience preferred.","SEO Specialist exciting opportunity for a seo specialist at sanford, rivera and garcia. must be proficient in email marketing, google analytics, excel, content marketing, with practical exposure to excel and content marketing. you'll work in an agile environment solving real business problems. 4+ years experience preferred. Email Marketing Google Analytics Excel Content Marketing",6
JOB00357,Sales Executive,Sales,Hayes and Sons,Kolkata,Cold Calling; Lead Generation; Communication; Client Relationship Management; Excel; CRM,0-3 years,8-17,"Exciting opportunity for a Sales Executive at Hayes and Sons. Must be proficient in Cold Calling, Lead Generation, Communication, Client Relationship Management, Excel, CRM, with practical exposure to Client Relationship Management and Communication. You'll work in an agile environment solving real business problems. 0+ years experience preferred.","['Cold Calling', 'Lead Generation', 'Communication', 'Client Relationship Management', 'Excel', 'CRM']",Cold Calling Lead Generation Communication Client Relationship Management Excel CRM,0.0,3.0,1.5,8.0,17.0,12.5,"exciting opportunity for a sales executive at hayes and sons. must be proficient in cold calling, lead generation, communication, client relationship management, excel, crm, with practical exposure to client relationship management and communication. you'll work in an agile environment solving real business problems. 0+ years experience preferred.","Sales Executive exciting opportunity for a sales executive at hayes and sons. must be proficient in cold calling, lead generation, communication, client relationship management, excel, crm, with practical exposure to client relationship management and communication. you'll work in an agile environment solving real business problems. 0+ years experience preferred. Cold Calling Lead Generation Communication Client Relationship Management Excel CRM",3
JOB00464,UI/UX Designer,Graphic Designer,Spencer-Garcia,Chennai,InDesign; Communication; Photoshop; Figma; Illustrator,5-8 years,8-18,"Exciting opportunity for a UI/UX Designer at Spencer-Garcia. Must be proficient in InDesign, Communication, Photoshop, Figma, Illustrator, with practical exposure to Illustrator and InDesign. You'll work in an agile environment solving real business problems. 5+ years experience preferred.","['InDesign', 'Communication', 'Photoshop', 'Figma', 'Illustrator']",InDesign Communication Photoshop Figma Illustrator,5.0,8.0,6.5,8.0,18.0,13.0,"exciting opportunity for a ui/ux designer at spencer-garcia. must be proficient in indesign, communication, photoshop, figma, illustrator, with practical exposure to illustrator and indesign. you'll work in an agile environment solving real business problems. 5+ years experience preferred.","UI/UX Designer exciting opportunity for a ui/ux designer at spencer-garcia. must be proficient in indesign, communication, photoshop, figma, illustrator, with practical exposure to illustrator and indesign. you'll work in an agile environment solving real business problems. 5+ years experience preferred. InDesign Communication Photoshop Figma Illustrator",0
JOB00048,Frontend Developer,Web Development,"Martin, Rose and Obrien",Hyderabad,React; Responsive Design; CSS; REST API,5-8 years,4-12,"Martin, Rose and Obrien is hiring a Frontend Developer for our Hyderabad office. You will use React, Responsive Design, CSS, REST API daily and help scale our REST API capabilities. We value strong fundamentals in CSS and a collaborative mindset. Minimum 5 years of experience in a similar role.","['React', 'Responsive Design', 'CSS', 'REST API']",React Responsive Design CSS REST API,5.0,8.0,6.5,4.0,12.0,8.0,"martin, rose and obrien is hiring a frontend developer for our hyderabad office. you will use react, responsive design, css, rest api daily and help scale our rest api capabilities. we value strong fundamentals in css and a collaborative mindset. minimum 5 years of experience in a similar role.","Frontend Developer martin, rose and obrien is hiring a frontend developer for our hyderabad office. you will use react, responsive design, css, rest api daily and help scale our rest api capabilities. we value strong fundamentals in css and a collaborative mindset. minimum 5 years of experience in a similar role. React Responsive Design CSS REST API",2
JOB00082,Mobile App Developer,Android Development,Sandoval-Cunningham,Pune,SQLite; Git; Material Design; Firebase; Java; REST API; Android SDK,4-7 years,5-11,"Sandoval-Cunningham is hiring a Mobile App Developer for our Pune office. You will use SQLite, Git, Material Design, Firebase, Java, REST API, Android SDK daily and help scale our SQLite capabilities. We value strong fundamentals in Git and a collaborative mindset. Minimum 4 years of experience in a similar role.","['SQLite', 'Git', 'Material Design', 'Firebase', 'Java', 'REST API', 'Android SDK']",SQLite Git Material Design Firebase Java REST API Android SDK,4.0,7.0,5.5,5.0,11.0,8.0,"sandoval-cunningham is hiring a mobile app developer for our pune office. you will use sqlite, git, material design, firebase, java, rest api, android sdk daily and help scale our sqlite capabilities. we value strong fundamentals in git and a collaborative mindset. minimum 4 years of experience in a similar role.","Mobile App Developer sandoval-cunningham is hiring a mobile app developer for our pune office. you will use sqlite, git, material design, firebase, java, rest api, android sdk daily and help scale our sqlite capabilities. we value strong fundamentals in git and a collaborative mindset. minimum 4 years of experience in a similar role. SQLite Git Material Design Firebase Java REST API Android SDK",4
JOB00363,Account Manager,Sales,"Hernandez, Martinez and Weber",Mumbai,Excel; Lead Generation; CRM; Sales Strategy; Client Relationship Management; Communication; Negotiation,2-5 years,19-21,"Hernandez, Martinez and Weber is hiring a Account Manager for our Mumbai office. You will use Excel, Lead Generation, CRM, Sales Strategy, Client Relationship Management, Communication, Negotiation daily and help scale our Sales Strategy capabilities. We value strong fundamentals in Negotiation and a collaborative mindset. Minimum 2 years of experience in a similar role.","['Excel', 'Lead Generation', 'CRM', 'Sales Strategy', 'Client Relationship Management', 'Communication', 'Negotiation']",Excel Lead Generation CRM Sales Strategy Client Relationship Management Communication Negotiation,2.0,5.0,3.5,19.0,21.0,20.0,"hernandez, martinez and weber is hiring a account manager for our mumbai office. you will use excel, lead generation, crm, sales strategy, client relationship management, communication, negotiation daily and help scale our sales strategy capabilities. we value strong fundamentals in negotiation and a collaborative mindset. minimum 2 years of experience in a similar role.","Account Manager hernandez, martinez and weber is hiring a account manager for our mumbai office. you will use excel, lead generation, crm, sales strategy, client relationship management, communication, negotiation daily and help scale our sales strategy capabilities. we value strong fundamentals in negotiation and a collaborative mindset. minimum 2 years of experience in a similar role. Excel Lead Generation CRM Sales Strategy Client Relationship Management Communication Negotiation",3
JOB00047,Web Developer,Web Development,Anderson Group,Delhi NCR,HTML; Git; Express.js; CSS; TypeScript,5-8 years,16-24,"Exciting opportunity for a Web Developer at Anderson Group. Must be proficient in HTML, Git, Express.js, CSS, TypeScript, with practical exposure to Git and TypeScript. You'll work in an agile environment solving real business problems. 5+ years experience preferred.","['HTML', 'Git', 'Express.js', 'CSS', 'TypeScript']",HTML Git Express.js CSS TypeScript,5.0,8.0,6.5,16.0,24.0,20.0,"exciting opportunity for a web developer at anderson group. must be proficient in html, git, express.js, css, typescript, with practical exposure to git and typescript. you'll work in an agile environment solving real business problems. 5+ years experience preferred.","Web Developer exciting opportunity for a web developer at anderson group. must be proficient in html, git, express.js, css, typescript, with practical exposure to git and typescript. you'll work in an agile environment solving real business problems. 5+ years experience preferred. HTML Git Express.js CSS TypeScript",2
JOB00395,Manufacturing Engineer,Mechanical Engineer,"Ramos, Nelson and Fischer",Pune,SolidWorks; MATLAB; Manufacturing; Six Sigma,7-10 years,19-29,"Exciting opportunity for a Manufacturing Engineer at Ramos, Nelson and Fischer. Must be proficient in SolidWorks, MATLAB, Manufacturing, Six Sigma, with practical exposure to Manufacturing and SolidWorks. You'll work in an agile environment solving real business problems. 7+ years experience preferred.","['SolidWorks', 'MATLAB', 'Manufacturing', 'Six Sigma']",SolidWorks MATLAB Manufacturing Six Sigma,7.0,10.0,8.5,19.0,29.0,24.0,"exciting opportunity for a manufacturing engineer at ramos, nelson and fischer. must be proficient in solidworks, matlab, manufacturing, six sigma, with practical exposure to manufacturing and solidworks. you'll work in an agile environment solving real business problems. 7+ years experience preferred.","Manufacturing Engineer exciting opportunity for a manufacturing engineer at ramos, nelson and fischer. must be proficient in solidworks, matlab, manufacturing, six sigma, with practical exposure to manufacturing and solidworks. you'll work in an agile environment solving real business problems. 7+ years experience preferred. SolidWorks MATLAB Manufacturing Six Sigma",8
JOB00025,Data Scientist,Data Science,"Walter, Edwards and Rios",Delhi NCR,NumPy; Pandas; Machine Learning; Data Visualization,8-11 years,14-22,"Exciting opportunity for a Data Scientist at Walter, Edwards and Rios. Must be proficient in NumPy, Pandas, Machine Learning, Data Visualization, with practical exposure to NumPy and Pandas. You'll work in an agile environment solving real business problems. 8+ years experience preferred.","['NumPy', 'Pandas', 'Machine Learning', 'Data Visualization']",NumPy Pandas Machine Learning Data Visualization,8.0,11.0,9.5,14.0,22.0,18.0,"exciting opportunity for a data scientist at walter, edwards and rios. must be proficient in numpy, pandas, machine learning, data visualization, with practical exposure to numpy and pandas. you'll work in an agile environment solving real business problems. 8+ years experience preferred.","Data Scientist exciting opportunity for a data scientist at walter, edwards and rios. must be proficient in numpy, pandas, machine learning, data visualization, with practical exposure to numpy and pandas. you'll work in an agile environment solving real business problems. 8+ years experience preferred. NumPy Pandas Machine Learning Data Visualization",13
JOB00187,DevOps Engineer,DevOps Engineer,Sanders-Espinoza,Chennai,Docker; Jenkins; Shell Scripting; Kubernetes,0-3 years,16-22,"Exciting opportunity for a DevOps Engineer at Sanders-Espinoza. Must be proficient in Docker, Jenkins, Shell Scripting, Kubernetes, with practical exposure to Shell Scripting and Jenkins. You'll work in an agile environment solving real business problems. 0+ years experience preferred.","['Docker', 'Jenkins', 'Shell Scripting', 'Kubernetes']",Docker Jenkins Shell Scripting Kubernetes,0.0,3.0,1.5,16.0,22.0,19.0,"exciting opportunity for a devops engineer at sanders-espinoza. must be proficient in docker, jenkins, shell scripting, kubernetes, with practical exposure to shell scripting and jenkins. you'll work in an agile environment solving real business problems. 0+ years experience preferred.","DevOps Engineer exciting opportunity for a devops engineer at sanders-espinoza. must be proficient in docker, jenkins, shell scripting, kubernetes, with practical exposure to shell scripting and jenkins. you'll work in an agile environment solving real business problems. 0+ years experience preferred. Docker Jenkins Shell Scripting Kubernetes",10
JOB00406,Manufacturing Engineer,Mechanical Engineer,Atkins PLC,Chennai,Manufacturing; Six Sigma; SolidWorks; Quality Control; Project Management; Thermodynamics; MATLAB; AutoCAD,5-8 years,14-24,"We are looking for a Manufacturing Engineer to join our growing team. The ideal candidate has hands-on experience with Manufacturing, Six Sigma, SolidWorks, Quality Control, Project Management, Thermodynamics, MATLAB, AutoCAD and can work independently on Thermodynamics-driven projects. Responsibilities include collaborating with cross-functional teams, contributing to SolidWorks initiatives, and driving continuous improvement. 5+ years of relevant experience required.","['Manufacturing', 'Six Sigma', 'SolidWorks', 'Quality Control', 'Project Management', 'Thermodynamics', 'MATLAB', 'AutoCAD']",Manufacturing Six Sigma SolidWorks Quality Control Project Management Thermodynamics MATLAB AutoCAD,5.0,8.0,6.5,14.0,24.0,19.0,"we are looking for a manufacturing engineer to join our growing team. the ideal candidate has hands-on experience with manufacturing, six sigma, solidworks, quality control, project management, thermodynamics, matlab, autocad and can work independently on thermodynamics-driven projects. responsibilities include collaborating with cross-functional teams, contributing to solidworks initiatives, and driving continuous improvement. 5+ years of relevant experience required.","Manufacturing Engineer we are looking for a manufacturing engineer to join our growing team. the ideal candidate has hands-on experience with manufacturing, six sigma, solidworks, quality control, project management, thermodynamics, matlab, autocad and can work independently on thermodynamics-driven projects. responsibilities include collaborating with cross-functional teams, contributing to solidworks initiatives, and driving continuous improvement. 5+ years of relevant experience required. Manufacturing Six Sigma SolidWorks Quality Control Project Management Thermodynamics MATLAB AutoCAD",8
JOB00019,Machine Learning Engineer,Data Science,"Adams, Zuniga and Wong",Hyderabad,Scikit-learn; NumPy; Excel; Python; A/B Testing; Statistics; Data Visualization; TensorFlow,0-3 years,13-22,"We are looking for a Machine Learning Engineer to join our growing team. The ideal candidate has hands-on experience with Scikit-learn, NumPy, Excel, Python, A/B Testing, Statistics, Data Visualization, TensorFlow and can work independently on NumPy-driven projects. Responsibilities include collaborating with cross-functional teams, contributing to Excel initiatives, and driving continuous improvement. 0+ years of relevant experience required.","['Scikit-learn', 'NumPy', 'Excel', 'Python', 'A/B Testing', 'Statistics', 'Data Visualization', 'TensorFlow']",Scikit-learn NumPy Excel Python A/B Testing Statistics Data Visualization TensorFlow,0.0,3.0,1.5,13.0,22.0,17.5,"we are looking for a machine learning engineer to join our growing team. the ideal candidate has hands-on experience with scikit-learn, numpy, excel, python, a/b testing, statistics, data visualization, tensorflow and can work independently on numpy-driven projects. responsibilities include collaborating with cross-functional teams, contributing to excel initiatives, and driving continuous improvement. 0+ years of relevant experience required.","Machine Learning Engineer we are looking for a machine learning engineer to join our growing team. the ideal candidate has hands-on experience with scikit-learn, numpy, excel, python, a/b testing, statistics, data visualization, tensorflow and can work independently on numpy-driven projects. responsibilities include collaborating with cross-functional teams, contributing to excel initiatives, and driving continuous improvement. 0+ years of relevant experience required. Scikit-learn NumPy Excel Python A/B Testing Statistics Data Visualization TensorFlow",13
JOB00101,Mobile App Developer,Android Development,Figueroa PLC,Ahmedabad,Jetpack Compose; Firebase; Java; Git,6-9 years,20-22,"Exciting opportunity for a Mobile App Developer at Figueroa PLC. Must be proficient in Jetpack Compose, Firebase, Java, Git, with practical exposure to Firebase and Java. You'll work in an agile environment solving real business problems. 6+ years experience preferred.","['Jetpack Compose', 'Firebase', 'Java', 'Git']",Jetpack Compose Firebase Java Git,6.0,9.0,7.5,20.0,22.0,21.0,"exciting opportunity for a mobile app developer at figueroa plc. must be proficient in jetpack compose, firebase, java, git, with practical exposure to firebase and java. you'll work in an agile environment solving real business problems. 6+ years experience preferred.","Mobile App Developer exciting opportunity for a mobile app developer at figueroa plc. must be proficient in jetpack compose, firebase, java, git, with practical exposure to firebase and java. you'll work in an agile environment solving real business problems. 6+ years experience preferred. Jetpack Compose Firebase Java Git",4
JOB00272,Product Analyst,Business Analyst,"Suarez, Shields and Hill",Delhi NCR,Communication; Tableau; Data Visualization; Stakeholder Management; Power BI; Excel; Process Improvement; SQL,1-4 years,20-25,"We are looking for a Product Analyst to join our growing team. The ideal candidate has hands-on experience with Communication, Tableau, Data Visualization, Stakeholder Management, Power BI, Excel, Process Improvement, SQL and can work independently on Tableau-driven projects. Responsibilities include collaborating with cross-functional teams, contributing to Excel initiatives, and driving continuous improvement. 1+ years of relevant experience required.","['Communication', 'Tableau', 'Data Visualization', 'Stakeholder Management', 'Power BI', 'Excel', 'Process Improvement', 'SQL']",Communication Tableau Data Visualization Stakeholder Management Power BI Excel Process Improvement SQL,1.0,4.0,2.5,20.0,25.0,22.5,"we are looking for a product analyst to join our growing team. the ideal candidate has hands-on experience with communication, tableau, data visualization, stakeholder management, power bi, excel, process improvement, sql and can work independently on tableau-driven projects. responsibilities include collaborating with cross-functional teams, contributing to excel initiatives, and driving continuous improvement. 1+ years of relevant experience required.","Product Analyst we are looking for a product analyst to join our growing team. the ideal candidate has hands-on experience with communication, tableau, data visualization, stakeholder management, power bi, excel, process improvement, sql and can work independently on tableau-driven projects. responsibilities include collaborating with cross-functional teams, contributing to excel initiatives, and driving continuous improvement. 1+ years of relevant experience required. Communication Tableau Data Visualization Stakeholder Management Power BI Excel Process Improvement SQL",9
JOB00307,Digital Marketing Executive,Digital Marketing,Castaneda-Rodriguez,Ahmedabad,Content Marketing; PPC; Email Marketing; Google Analytics,7-10 years,18-26,"Exciting opportunity for a Digital Marketing Executive at Castaneda-Rodriguez. Must be proficient in Content Marketing, PPC, Email Marketing, Google Analytics, with practical exposure to Content Marketing and PPC. You'll work in an agile environment solving real business problems. 7+ years experience preferred.","['Content Marketing', 'PPC', 'Email Marketing', 'Google Analytics']",Content Marketing PPC Email Marketing Google Analytics,7.0,10.0,8.5,18.0,26.0,22.0,"exciting opportunity for a digital marketing executive at castaneda-rodriguez. must be proficient in content marketing, ppc, email marketing, google analytics, with practical exposure to content marketing and ppc. you'll work in an agile environment solving real business problems. 7+ years experience preferred.","Digital Marketing Executive exciting opportunity for a digital marketing executive at castaneda-rodriguez. must be proficient in content marketing, ppc, email marketing, google analytics, with practical exposure to content marketing and ppc. you'll work in an agile environment solving real business problems. 7+ years experience preferred. Content Marketing PPC Email Marketing Google Analytics",6
JOB00265,Product Analyst,Business Analyst,Tran Inc,Remote,Requirements Gathering; Stakeholder Management; Agile; SQL; Communication,2-5 years,6-16,"Exciting opportunity for a Product Analyst at Tran Inc. Must be proficient in Requirements Gathering, Stakeholder Management, Agile, SQL, Communication, with practical exposure to Stakeholder Management and Communication. You'll work in an agile environment solving real business problems. 2+ years experience preferred.","['Requirements Gathering', 'Stakeholder Management', 'Agile', 'SQL', 'Communication']",Requirements Gathering Stakeholder Management Agile SQL Communication,2.0,5.0,3.5,6.0,16.0,11.0,"exciting opportunity for a product analyst at tran inc. must be proficient in requirements gathering, stakeholder management, agile, sql, communication, with practical exposure to stakeholder management and communication. you'll work in an agile environment solving real business problems. 2+ years experience preferred.","Product Analyst exciting opportunity for a product analyst at tran inc. must be proficient in requirements gathering, stakeholder management, agile, sql, communication, with practical exposure to stakeholder management and communication. you'll work in an agile environment solving real business problems. 2+ years experience preferred. Requirements Gathering Stakeholder Management Agile SQL Communication",9
JOB00417,Mechanical Design Engineer,Mechanical Engineer,"Mullen, Brewer and Hernandez",Pune,SolidWorks; Thermodynamics; MATLAB; Six Sigma; Quality Control; AutoCAD,7-10 years,16-25,"Mullen, Brewer and Hernandez is hiring a Mechanical Design Engineer for our Pune office. You will use SolidWorks, Thermodynamics, MATLAB, Six Sigma, Quality Control, AutoCAD daily and help scale our Quality Control capabilities. We value strong fundamentals in MATLAB and a collaborative mindset. Minimum 7 years of experience in a similar role.","['SolidWorks', 'Thermodynamics', 'MATLAB', 'Six Sigma', 'Quality Control', 'AutoCAD']",SolidWorks Thermodynamics MATLAB Six Sigma Quality Control AutoCAD,7.0,10.0,8.5,16.0,25.0,20.5,"mullen, brewer and hernandez is hiring a mechanical design engineer for our pune office. you will use solidworks, thermodynamics, matlab, six sigma, quality control, autocad daily and help scale our quality control capabilities. we value strong fundamentals in matlab and a collaborative mindset. minimum 7 years of experience in a similar role.","Mechanical Design Engineer mullen, brewer and hernandez is hiring a mechanical design engineer for our pune office. you will use solidworks, thermodynamics, matlab, six sigma, quality control, autocad daily and help scale our quality control capabilities. we value strong fundamentals in matlab and a collaborative mindset. minimum 7 years of experience in a similar role. SolidWorks Thermodynamics MATLAB Six Sigma Quality Control AutoCAD",8
JOB00300,Marketing Analyst,Digital Marketing,Harvey-Allen,Chennai,Copywriting; Social Media; Excel; Google Analytics; PPC; SEO,4-7 years,18-21,"Harvey-Allen is hiring a Marketing Analyst for our Chennai office. You will use Copywriting, Social Media, Excel, Google Analytics, PPC, SEO daily and help scale our Excel capabilities. We value strong fundamentals in Copywriting and a collaborative mindset. Minimum 4 years of experience in a similar role.","['Copywriting', 'Social Media', 'Excel', 'Google Analytics', 'PPC', 'SEO']",Copywriting Social Media Excel Google Analytics PPC SEO,4.0,7.0,5.5,18.0,21.0,19.5,"harvey-allen is hiring a marketing analyst for our chennai office. you will use copywriting, social media, excel, google analytics, ppc, seo daily and help scale our excel capabilities. we value strong fundamentals in copywriting and a collaborative mindset. minimum 4 years of experience in a similar role.","Marketing Analyst harvey-allen is hiring a marketing analyst for our chennai office. you will use copywriting, social media, excel, google analytics, ppc, seo daily and help scale our excel capabilities. we value strong fundamentals in copywriting and a collaborative mindset. minimum 4 years of experience in a similar role. Copywriting Social Media Excel Google Analytics PPC SEO",6
JOB00500,Wellness Coach,Health and Fitness,Kelly-Norman,Bengaluru,First Aid; Program Design; Communication; Client Assessment,7-10 years,19-25,"We are looking for a Wellness Coach to join our growing team. The ideal candidate has hands-on experience with First Aid, Program Design, Communication, Client Assessment and can work independently on First Aid-driven projects. Responsibilities include collaborating with cross-functional teams, contributing to Program Design initiatives, and driving continuous improvement. 7+ years of relevant experience required.","['First Aid', 'Program Design', 'Communication', 'Client Assessment']",First Aid Program Design Communication Client Assessment,7.0,10.0,8.5,19.0,25.0,22.0,"we are looking for a wellness coach to join our growing team. the ideal candidate has hands-on experience with first aid, program design, communication, client assessment and can work independently on first aid-driven projects. responsibilities include collaborating with cross-functional teams, contributing to program design initiatives, and driving continuous improvement. 7+ years of relevant experience required.","Wellness Coach we are looking for a wellness coach to join our growing team. the ideal candidate has hands-on experience with first aid, program design, communication, client assessment and can work independently on first aid-driven projects. responsibilities include collaborating with cross-functional teams, contributing to program design initiatives, and driving continuous improvement. 7+ years of relevant experience required. First Aid Program Design Communication Client Assessment",5
JOB00437,Structural Engineer,Civil Engineer,Ortiz-Morgan,Kolkata,Construction Management; Structural Analysis; Project Management; Revit; Cost Estimation,6-9 years,18-25,"Ortiz-Morgan is hiring a Structural Engineer for our Kolkata office. You will use Construction Management, Structural Analysis, Project Management, Revit, Cost Estimation daily and help scale our Revit capabilities. We value strong fundamentals in Cost Estimation and a collaborative mindset. Minimum 6 years of experience in a similar role.","['Construction Management', 'Structural Analysis', 'Project Management', 'Revit', 'Cost Estimation']",Construction Management Structural Analysis Project Management Revit Cost Estimation,6.0,9.0,7.5,18.0,25.0,21.5,"ortiz-morgan is hiring a structural engineer for our kolkata office. you will use construction management, structural analysis, project management, revit, cost estimation daily and help scale our revit capabilities. we value strong fundamentals in cost estimation and a collaborative mindset. minimum 6 years of experience in a similar role.","Structural Engineer ortiz-morgan is hiring a structural engineer for our kolkata office. you will use construction management, structural analysis, project management, revit, cost estimation daily and help scale our revit capabilities. we value strong fundamentals in cost estimation and a collaborative mindset. minimum 6 years of experience in a similar role. Construction Management Structural Analysis Project Management Revit Cost Estimation",11
JOB00081,Mobile App Developer,Android Development,"Sanchez, Wheeler and Harvey",Remote,Android SDK; Firebase; MVVM; Git; Material Design; Java,2-5 years,16-23,"We are looking for a Mobile App Developer to join our growing team. The ideal candidate has hands-on experience with Android SDK, Firebase, MVVM, Git, Material Design, Java and can work independently on MVVM-driven projects. Responsibilities include collaborating with cross-functional teams, contributing to Firebase initiatives, and driving continuous improvement. 2+ years of relevant experience required.","['Android SDK', 'Firebase', 'MVVM', 'Git', 'Material Design', 'Java']",Android SDK Firebase MVVM Git Material Design Java,2.0,5.0,3.5,16.0,23.0,19.5,"we are looking for a mobile app developer to join our growing team. the ideal candidate has hands-on experience with android sdk, firebase, mvvm, git, material design, java and can work independently on mvvm-driven projects. responsibilities include collaborating with cross-functional teams, contributing to firebase initiatives, and driving continuous improvement. 2+ years of relevant experience required.","Mobile App Developer we are looking for a mobile app developer to join our growing team. the ideal candidate has hands-on experience with android sdk, firebase, mvvm, git, material design, java and can work independently on mvvm-driven projects. responsibilities include collaborating with cross-functional teams, contributing to firebase initiatives, and driving continuous improvement. 2+ years of relevant experience required. Android SDK Firebase MVVM Git Material Design Java",4
JOB00246,Business Analyst,Business Analyst,Navarro-Munoz,Bengaluru,Excel; Data Visualization; Agile; Stakeholder Management,5-8 years,12-14,"Navarro-Munoz is hiring a Business Analyst for our Bengaluru office. You will use Excel, Data Visualization, Agile, Stakeholder Management daily and help scale our Excel capabilities. We value strong fundamentals in Agile and a collaborative mindset. Minimum 5 years of experience in a similar role.","['Excel', 'Data Visualization', 'Agile', 'Stakeholder Management']",Excel Data Visualization Agile Stakeholder Management,5.0,8.0,6.5,12.0,14.0,13.0,"navarro-munoz is hiring a business analyst for our bengaluru office. you will use excel, data visualization, agile, stakeholder management daily and help scale our excel capabilities. we value strong fundamentals in agile and a collaborative mindset. minimum 5 years of experience in a similar role.","Business Analyst navarro-munoz is hiring a business analyst for our bengaluru office. you will use excel, data visualization, agile, stakeholder management daily and help scale our excel capabilities. we value strong fundamentals in agile and a collaborative mindset. minimum 5 years of experience in a similar role. Excel Data Visualization Agile Stakeholder Management",9
JOB00134,Java Developer,Java Developer,"Carroll, Sullivan and Bass",Bengaluru,REST API; Git; Spring Boot; Hibernate; SQL; Microservices; Multithreading; JUnit,1-4 years,16-25,"We are looking for a Java Developer to join our growing team. The ideal candidate has hands-on experience with REST API, Git, Spring Boot, Hibernate, SQL, Microservices, Multithreading, JUnit and can work independently on Spring Boot-driven projects. Responsibilities include collaborating with cross-functional teams, contributing to JUnit initiatives, and driving continuous improvement. 1+ years of relevant experience required.","['REST API', 'Git', 'Spring Boot', 'Hibernate', 'SQL', 'Microservices', 'Multithreading', 'JUnit']",REST API Git Spring Boot Hibernate SQL Microservices Multithreading JUnit,1.0,4.0,2.5,16.0,25.0,20.5,"we are looking for a java developer to join our growing team. the ideal candidate has hands-on experience with rest api, git, spring boot, hibernate, sql, microservices, multithreading, junit and can work independently on spring boot-driven projects. responsibilities include collaborating with cross-functional teams, contributing to junit initiatives, and driving continuous improvement. 1+ years of relevant experience required.","Java Developer we are looking for a java developer to join our growing team. the ideal candidate has hands-on experience with rest api, git, spring boot, hibernate, sql, microservices, multithreading, junit and can work independently on spring boot-driven projects. responsibilities include collaborating with cross-functional teams, contributing to junit initiatives, and driving continuous improvement. 1+ years of relevant experience required. REST API Git Spring Boot Hibernate SQL Microservices Multithreading JUnit",12
JOB00188,Cloud Engineer,DevOps Engineer,Vargas Ltd,Hyderabad,AWS; Monitoring; Git; Kubernetes; Ansible,5-8 years,7-17,"Exciting opportunity for a Cloud Engineer at Vargas Ltd. Must be proficient in AWS, Monitoring, Git, Kubernetes, Ansible, with practical exposure to Kubernetes and Ansible. You'll work in an agile environment solving real business problems. 5+ years experience preferred.","['AWS', 'Monitoring', 'Git', 'Kubernetes', 'Ansible']",AWS Monitoring Git Kubernetes Ansible,5.0,8.0,6.5,7.0,17.0,12.0,"exciting opportunity for a cloud engineer at vargas ltd. must be proficient in aws, monitoring, git, kubernetes, ansible, with practical exposure to kubernetes and ansible. you'll work in an agile environment solving real business problems. 5+ years experience preferred.","Cloud Engineer exciting opportunity for a cloud engineer at vargas ltd. must be proficient in aws, monitoring, git, kubernetes, ansible, with practical exposure to kubernetes and ansible. you'll work in an agile environment solving real business problems. 5+ years experience preferred. AWS Monitoring Git Kubernetes Ansible",10
JOB00138,Senior Java Developer,Java Developer,"Jackson, Miller and Robertson",Hyderabad,Hibernate; Spring Boot; Java; Multithreading; Microservices; JUnit; Git,7-10 years,11-13,"We are looking for a Senior Java Developer to join our growing team. The ideal candidate has hands-on experience with Hibernate, Spring Boot, Java, Multithreading, Microservices, JUnit, Git and can work independently on Multithreading-driven projects. Responsibilities include collaborating with cross-functional teams, contributing to Spring Boot initiatives, and driving continuous improvement. 7+ years of relevant experience required.","['Hibernate', 'Spring Boot', 'Java', 'Multithreading', 'Microservices', 'JUnit', 'Git']",Hibernate Spring Boot Java Multithreading Microservices JUnit Git,7.0,10.0,8.5,11.0,13.0,12.0,"we are looking for a senior java developer to join our growing team. the ideal candidate has hands-on experience with hibernate, spring boot, java, multithreading, microservices, junit, git and can work independently on multithreading-driven projects. responsibilities include collaborating with cross-functional teams, contributing to spring boot initiatives, and driving continuous improvement. 7+ years of relevant experience required.","Senior Java Developer we are looking for a senior java developer to join our growing team. the ideal candidate has hands-on experience with hibernate, spring boot, java, multithreading, microservices, junit, git and can work independently on multithreading-driven projects. responsibilities include collaborating with cross-functional teams, contributing to spring boot initiatives, and driving continuous improvement. 7+ years of relevant experience required. Hibernate Spring Boot Java Multithreading Microservices JUnit Git",12
JOB00118,Senior Java Developer,Java Developer,Rasmussen LLC,Chennai,SQL; JUnit; Hibernate; Java; Spring Boot; Git; Multithreading,8-11 years,7-15,"Rasmussen LLC is hiring a Senior Java Developer for our Chennai office. You will use SQL, JUnit, Hibernate, Java, Spring Boot, Git, Multithreading daily and help scale our Hibernate capabilities. We value strong fundamentals in Multithreading and a collaborative mindset. Minimum 8 years of experience in a similar role.","['SQL', 'JUnit', 'Hibernate', 'Java', 'Spring Boot', 'Git', 'Multithreading']",SQL JUnit Hibernate Java Spring Boot Git Multithreading,8.0,11.0,9.5,7.0,15.0,11.0,"rasmussen llc is hiring a senior java developer for our chennai office. you will use sql, junit, hibernate, java, spring boot, git, multithreading daily and help scale our hibernate capabilities. we value strong fundamentals in multithreading and a collaborative mindset. minimum 8 years of experience in a similar role.","Senior Java Developer rasmussen llc is hiring a senior java developer for our chennai office. you will use sql, junit, hibernate, java, spring boot, git, multithreading daily and help scale our hibernate capabilities. we value strong fundamentals in multithreading and a collaborative mindset. minimum 8 years of experience in a similar role. SQL JUnit Hibernate Java Spring Boot Git Multithreading",12
JOB00179,Site Reliability Engineer,DevOps Engineer,"Williams, Johnson and Wright",Delhi NCR,Docker; Ansible; Jenkins; Linux; AWS,8-11 years,14-22,"We are looking for a Site Reliability Engineer to join our growing team. The ideal candidate has hands-on experience with Docker, Ansible, Jenkins, Linux, AWS and can work independently on Docker-driven projects. Responsibilities include collaborating with cross-functional teams, contributing to AWS initiatives, and driving continuous improvement. 8+ years of relevant experience required.","['Docker', 'Ansible', 'Jenkins', 'Linux', 'AWS']",Docker Ansible Jenkins Linux AWS,8.0,11.0,9.5,14.0,22.0,18.0,"we are looking for a site reliability engineer to join our growing team. the ideal candidate has hands-on experience with docker, ansible, jenkins, linux, aws and can work independently on docker-driven projects. responsibilities include collaborating with cross-functional teams, contributing to aws initiatives, and driving continuous improvement. 8+ years of relevant experience required.","Site Reliability Engineer we are looking for a site reliability engineer to join our growing team. the ideal candidate has hands-on experience with docker, ansible, jenkins, linux, aws and can work independently on docker-driven projects. responsibilities include collaborating with cross-functional teams, contributing to aws initiatives, and driving continuous improvement. 8+ years of relevant experience required. Docker Ansible Jenkins Linux AWS",10
JOB00131,Java Developer,Java Developer,"Parker, Ortiz and Powell",Kolkata,Spring Boot; JUnit; REST API; Java,8-11 years,11-19,"We are looking for a Java Developer to join our growing team. The ideal candidate has hands-on experience with Spring Boot, JUnit, REST API, Java and can work independently on Spring Boot-driven projects. Responsibilities include collaborating with cross-functional teams, contributing to Java initiatives, and driving continuous improvement. 8+ years of relevant experience required.","['Spring Boot', 'JUnit', 'REST API', 'Java']",Spring Boot JUnit REST API Java,8.0,11.0,9.5,11.0,19.0,15.0,"we are looking for a java developer to join our growing team. the ideal candidate has hands-on experience with spring boot, junit, rest api, java and can work independently on spring boot-driven projects. responsibilities include collaborating with cross-functional teams, contributing to java initiatives, and driving continuous improvement. 8+ years of relevant experience required.","Java Developer we are looking for a java developer to join our growing team. the ideal candidate has hands-on experience with spring boot, junit, rest api, java and can work independently on spring boot-driven projects. responsibilities include collaborating with cross-functional teams, contributing to java initiatives, and driving continuous improvement. 8+ years of relevant experience required. Spring Boot JUnit REST API Java",12
JOB00403,Manufacturing Engineer,Mechanical Engineer,"Hall, Hansen and Barnett",Hyderabad,SolidWorks; MATLAB; Quality Control; Manufacturing,4-7 years,16-19,"We are looking for a Manufacturing Engineer to join our growing team. The ideal candidate has hands-on experience with SolidWorks, MATLAB, Quality Control, Manufacturing and can work independently on Quality Control-driven projects. Responsibilities include collaborating with cross-functional teams, contributing to MATLAB initiatives, and driving continuous improvement. 4+ years of relevant experience required.","['SolidWorks', 'MATLAB', 'Quality Control', 'Manufacturing']",SolidWorks MATLAB Quality Control Manufacturing,4.0,7.0,5.5,16.0,19.0,17.5,"we are looking for a manufacturing engineer to join our growing team. the ideal candidate has hands-on experience with solidworks, matlab, quality control, manufacturing and can work independently on quality control-driven projects. responsibilities include collaborating with cross-functional teams, contributing to matlab initiatives, and driving continuous improvement. 4+ years of relevant experience required.","Manufacturing Engineer we are looking for a manufacturing engineer to join our growing team. the ideal candidate has hands-on experience with solidworks, matlab, quality control, manufacturing and can work independently on quality control-driven projects. responsibilities include collaborating with cross-functional teams, contributing to matlab initiatives, and driving continuous improvement. 4+ years of relevant experience required. SolidWorks MATLAB Quality Control Manufacturing",8
JOB00046,Frontend Developer,Web Development,Spence PLC,Delhi NCR,React; Responsive Design; CSS; HTML; TypeScript; MongoDB,0-3 years,7-11,"We are looking for a Frontend Developer to join our growing team. The ideal candidate has hands-on experience with React, Responsive Design, CSS, HTML, TypeScript, MongoDB and can work independently on MongoDB-driven projects. Responsibilities include collaborating with cross-functional teams, contributing to React initiatives, and driving continuous improvement. 0+ years of relevant experience required.","['React', 'Responsive Design', 'CSS', 'HTML', 'TypeScript', 'MongoDB']",React Responsive Design CSS HTML TypeScript MongoDB,0.0,3.0,1.5,7.0,11.0,9.0,"we are looking for a frontend developer to join our growing team. the ideal candidate has hands-on experience with react, responsive design, css, html, typescript, mongodb and can work independently on mongodb-driven projects. responsibilities include collaborating with cross-functional teams, contributing to react initiatives, and driving continuous improvement. 0+ years of relevant experience required.","Frontend Developer we are looking for a frontend developer to join our growing team. the ideal candidate has hands-on experience with react, responsive design, css, html, typescript, mongodb and can work independently on mongodb-driven projects. responsibilities include collaborating with cross-functional teams, contributing to react initiatives, and driving continuous improvement. 0+ years of relevant experience required. React Responsive Design CSS HTML TypeScript MongoDB",2
JOB00218,Network Security Engineer,Network Security Engineer,Erickson and Sons,Hyderabad,IDS/IPS; Vulnerability Assessment; Network Protocols; Linux; Cryptography; Firewalls; Python; Penetration Testing,6-9 years,16-18,"We are looking for a Network Security Engineer to join our growing team. The ideal candidate has hands-on experience with IDS/IPS, Vulnerability Assessment, Network Protocols, Linux, Cryptography, Firewalls, Python, Penetration Testing and can work independently on Cryptography-driven projects. Responsibilities include collaborating with cross-functional teams, contributing to Linux initiatives, and driving continuous improvement. 6+ years of relevant experience required.","['IDS/IPS', 'Vulnerability Assessment', 'Network Protocols', 'Linux', 'Cryptography', 'Firewalls', 'Python', 'Penetration Testing']",IDS/IPS Vulnerability Assessment Network Protocols Linux Cryptography Firewalls Python Penetration Testing,6.0,9.0,7.5,16.0,18.0,17.0,"we are looking for a network security engineer to join our growing team. the ideal candidate has hands-on experience with ids/ips, vulnerability assessment, network protocols, linux, cryptography, firewalls, python, penetration testing and can work independently on cryptography-driven projects. responsibilities include collaborating with cross-functional teams, contributing to linux initiatives, and driving continuous improvement. 6+ years of relevant experience required.","Network Security Engineer we are looking for a network security engineer to join our growing team. the ideal candidate has hands-on experience with ids/ips, vulnerability assessment, network protocols, linux, cryptography, firewalls, python, penetration testing and can work independently on cryptography-driven projects. responsibilities include collaborating with cross-functional teams, contributing to linux initiatives, and driving continuous improvement. 6+ years of relevant experience required. IDS/IPS Vulnerability Assessment Network Protocols Linux Cryptography Firewalls Python Penetration Testing",14
JOB00487,UI/UX Designer,Graphic Designer,"Hartman, Romero and Smith",Chennai,UI/UX; Communication; InDesign; Typography,8-11 years,19-22,"Exciting opportunity for a UI/UX Designer at Hartman, Romero and Smith. Must be proficient in UI/UX, Communication, InDesign, Typography, with practical exposure to UI/UX and InDesign. You'll work in an agile environment solving real business problems. 8+ years experience preferred.","['UI/UX', 'Communication', 'InDesign', 'Typography']",UI/UX Communication InDesign Typography,8.0,11.0,9.5,19.0,22.0,20.5,"exciting opportunity for a ui/ux designer at hartman, romero and smith. must be proficient in ui/ux, communication, indesign, typography, with practical exposure to ui/ux and indesign. you'll work in an agile environment solving real business problems. 8+ years experience preferred.","UI/UX Designer exciting opportunity for a ui/ux designer at hartman, romero and smith. must be proficient in ui/ux, communication, indesign, typography, with practical exposure to ui/ux and indesign. you'll work in an agile environment solving real business problems. 8+ years experience preferred. UI/UX Communication InDesign Typography",0
JOB00371,Account Manager,Sales,Mcdaniel Group,Remote,CRM; Negotiation; Cold Calling; Client Relationship Management; Sales Strategy; Communication; Lead Generation,1-4 years,14-22,"Exciting opportunity for a Account Manager at Mcdaniel Group. Must be proficient in CRM, Negotiation, Cold Calling, Client Relationship Management, Sales Strategy, Communication, Lead Generation, with practical exposure to Sales Strategy and Cold Calling. You'll work in an agile environment solving real business problems. 1+ years experience preferred.","['CRM', 'Negotiation', 'Cold Calling', 'Client Relationship Management', 'Sales Strategy', 'Communication', 'Lead Generation']",CRM Negotiation Cold Calling Client Relationship Management Sales Strategy Communication Lead Generation,1.0,4.0,2.5,14.0,22.0,18.0,"exciting opportunity for a account manager at mcdaniel group. must be proficient in crm, negotiation, cold calling, client relationship management, sales strategy, communication, lead generation, with practical exposure to sales strategy and cold calling. you'll work in an agile environment solving real business problems. 1+ years experience preferred.","Account Manager exciting opportunity for a account manager at mcdaniel group. must be proficient in crm, negotiation, cold calling, client relationship management, sales strategy, communication, lead generation, with practical exposure to sales strategy and cold calling. you'll work in an agile environment solving real business problems. 1+ years experience preferred. CRM Negotiation Cold Calling Client Relationship Management Sales Strategy Communication Lead Generation",3
JOB00461,Graphic Designer,Graphic Designer,Strickland-Shaw,Hyderabad,InDesign; Figma; UI/UX; Communication; Photoshop; Creativity,2-5 years,16-25,"We are looking for a Graphic Designer to join our growing team. The ideal candidate has hands-on experience with InDesign, Figma, UI/UX, Communication, Photoshop, Creativity and can work independently on Figma-driven projects. Responsibilities include collaborating with cross-functional teams, contributing to InDesign initiatives, and driving continuous improvement. 2+ years of relevant experience required.","['InDesign', 'Figma', 'UI/UX', 'Communication', 'Photoshop', 'Creativity']",InDesign Figma UI/UX Communication Photoshop Creativity,2.0,5.0,3.5,16.0,25.0,20.5,"we are looking for a graphic designer to join our growing team. the ideal candidate has hands-on experience with indesign, figma, ui/ux, communication, photoshop, creativity and can work independently on figma-driven projects. responsibilities include collaborating with cross-functional teams, contributing to indesign initiatives, and driving continuous improvement. 2+ years of relevant experience required.","Graphic Designer we are looking for a graphic designer to join our growing team. the ideal candidate has hands-on experience with indesign, figma, ui/ux, communication, photoshop, creativity and can work independently on figma-driven projects. responsibilities include collaborating with cross-functional teams, contributing to indesign initiatives, and driving continuous improvement. 2+ years of relevant experience required. InDesign Figma UI/UX Communication Photoshop Creativity",0
JOB00462,UI/UX Designer,Graphic Designer,Burch-Montoya,Hyderabad,Typography; Branding; Illustrator; Photoshop; UI/UX,6-9 years,10-19,"We are looking for a UI/UX Designer to join our growing team. The ideal candidate has hands-on experience with Typography, Branding, Illustrator, Photoshop, UI/UX and can work independently on UI/UX-driven projects. Responsibilities include collaborating with cross-functional teams, contributing to Illustrator initiatives, and driving continuous improvement. 6+ years of relevant experience required.","['Typography', 'Branding', 'Illustrator', 'Photoshop', 'UI/UX']",Typography Branding Illustrator Photoshop UI/UX,6.0,9.0,7.5,10.0,19.0,14.5,"we are looking for a ui/ux designer to join our growing team. the ideal candidate has hands-on experience with typography, branding, illustrator, photoshop, ui/ux and can work independently on ui/ux-driven projects. responsibilities include collaborating with cross-functional teams, contributing to illustrator initiatives, and driving continuous improvement. 6+ years of relevant experience required.","UI/UX Designer we are looking for a ui/ux designer to join our growing team. the ideal candidate has hands-on experience with typography, branding, illustrator, photoshop, ui/ux and can work independently on ui/ux-driven projects. responsibilities include collaborating with cross-functional teams, contributing to illustrator initiatives, and driving continuous improvement. 6+ years of relevant experience required. Typography Branding Illustrator Photoshop UI/UX",0
JOB00475,Graphic Designer,Graphic Designer,Blake Group,Kolkata,Branding; Illustrator; UI/UX; InDesign; Typography; Photoshop; Figma,6-9 years,18-22,"We are looking for a Graphic Designer to join our growing team. The ideal candidate has hands-on experience with Branding, Illustrator, UI/UX, InDesign, Typography, Photoshop, Figma and can work independently on Typography-driven projects. Responsibilities include collaborating with cross-functional teams, contributing to Branding initiatives, and driving continuous improvement. 6+ years of relevant experience required.","['Branding', 'Illustrator', 'UI/UX', 'InDesign', 'Typography', 'Photoshop', 'Figma']",Branding Illustrator UI/UX InDesign Typography Photoshop Figma,6.0,9.0,7.5,18.0,22.0,20.0,"we are looking for a graphic designer to join our growing team. the ideal candidate has hands-on experience with branding, illustrator, ui/ux, indesign, typography, photoshop, figma and can work independently on typography-driven projects. responsibilities include collaborating with cross-functional teams, contributing to branding initiatives, and driving continuous improvement. 6+ years of relevant experience required.","Graphic Designer we are looking for a graphic designer to join our growing team. the ideal candidate has hands-on experience with branding, illustrator, ui/ux, indesign, typography, photoshop, figma and can work independently on typography-driven projects. responsibilities include collaborating with cross-functional teams, contributing to branding initiatives, and driving continuous improvement. 6+ years of relevant experience required. Branding Illustrator UI/UX InDesign Typography Photoshop Figma",0
JOB00196,DevOps Engineer,DevOps Engineer,"Nelson, Morton and Medina",Pune,Kubernetes; CI/CD; Shell Scripting; Docker; Git,4-7 years,11-19,"Nelson, Morton and Medina is hiring a DevOps Engineer for our Pune office. You will use Kubernetes, CI/CD, Shell Scripting, Docker, Git daily and help scale our Git capabilities. We value strong fundamentals in Kubernetes and a collaborative mindset. Minimum 4 years of experience in a similar role.","['Kubernetes', 'CI/CD', 'Shell Scripting', 'Docker', 'Git']",Kubernetes CI/CD Shell Scripting Docker Git,4.0,7.0,5.5,11.0,19.0,15.0,"nelson, morton and medina is hiring a devops engineer for our pune office. you will use kubernetes, ci/cd, shell scripting, docker, git daily and help scale our git capabilities. we value strong fundamentals in kubernetes and a collaborative mindset. minimum 4 years of experience in a similar role.","DevOps Engineer nelson, morton and medina is hiring a devops engineer for our pune office. you will use kubernetes, ci/cd, shell scripting, docker, git daily and help scale our git capabilities. we value strong fundamentals in kubernetes and a collaborative mindset. minimum 4 years of experience in a similar role. Kubernetes CI/CD Shell Scripting Docker Git",10
JOB00185,Site Reliability Engineer,DevOps Engineer,Rodriguez-Johnson,Kolkata,Terraform; Linux; Kubernetes; Shell Scripting; CI/CD; Jenkins,0-3 years,7-14,"Rodriguez-Johnson is hiring a Site Reliability Engineer for our Kolkata office. You will use Terraform, Linux, Kubernetes, Shell Scripting, CI/CD, Jenkins daily and help scale our Jenkins capabilities. We value strong fundamentals in Shell Scripting and a collaborative mindset. Minimum 0 years of experience in a similar role.","['Terraform', 'Linux', 'Kubernetes', 'Shell Scripting', 'CI/CD', 'Jenkins']",Terraform Linux Kubernetes Shell Scripting CI/CD Jenkins,0.0,3.0,1.5,7.0,14.0,10.5,"rodriguez-johnson is hiring a site reliability engineer for our kolkata office. you will use terraform, linux, kubernetes, shell scripting, ci/cd, jenkins daily and help scale our jenkins capabilities. we value strong fundamentals in shell scripting and a collaborative mindset. minimum 0 years of experience in a similar role.","Site Reliability Engineer rodriguez-johnson is hiring a site reliability engineer for our kolkata office. you will use terraform, linux, kubernetes, shell scripting, ci/cd, jenkins daily and help scale our jenkins capabilities. we value strong fundamentals in shell scripting and a collaborative mindset. minimum 0 years of experience in a similar role. Terraform Linux Kubernetes Shell Scripting CI/CD Jenkins",10
JOB00177,Cloud Engineer,DevOps Engineer,Curry Inc,Noida,Linux; CI/CD; Jenkins; AWS; Kubernetes; Terraform; Git; Monitoring,1-4 years,19-27,"We are looking for a Cloud Engineer to join our growing team. The ideal candidate has hands-on experience with Linux, CI/CD, Jenkins, AWS, Kubernetes, Terraform, Git, Monitoring and can work independently on Kubernetes-driven projects. Responsibilities include collaborating with cross-functional teams, contributing to CI/CD initiatives, and driving continuous improvement. 1+ years of relevant experience required.","['Linux', 'CI/CD', 'Jenkins', 'AWS', 'Kubernetes', 'Terraform', 'Git', 'Monitoring']",Linux CI/CD Jenkins AWS Kubernetes Terraform Git Monitoring,1.0,4.0,2.5,19.0,27.0,23.0,"we are looking for a cloud engineer to join our growing team. the ideal candidate has hands-on experience with linux, ci/cd, jenkins, aws, kubernetes, terraform, git, monitoring and can work independently on kubernetes-driven projects. responsibilities include collaborating with cross-functional teams, contributing to ci/cd initiatives, and driving continuous improvement. 1+ years of relevant experience required.","Cloud Engineer we are looking for a cloud engineer to join our growing team. the ideal candidate has hands-on experience with linux, ci/cd, jenkins, aws, kubernetes, terraform, git, monitoring and can work independently on kubernetes-driven projects. responsibilities include collaborating with cross-functional teams, contributing to ci/cd initiatives, and driving continuous improvement. 1+ years of relevant experience required. Linux CI/CD Jenkins AWS Kubernetes Terraform Git Monitoring",10
JOB00293,Digital Marketing Executive,Digital Marketing,Bright-Francis,Hyderabad,Communication; Copywriting; Email Marketing; PPC; SEO; Marketing Strategy; Social Media; Content Marketing,5-8 years,15-23,"Bright-Francis is hiring a Digital Marketing Executive for our Hyderabad office. You will use Communication, Copywriting, Email Marketing, PPC, SEO, Marketing Strategy, Social Media, Content Marketing daily and help scale our Marketing Strategy capabilities. We value strong fundamentals in Social Media and a collaborative mindset. Minimum 5 years of experience in a similar role.","['Communication', 'Copywriting', 'Email Marketing', 'PPC', 'SEO', 'Marketing Strategy', 'Social Media', 'Content Marketing']",Communication Copywriting Email Marketing PPC SEO Marketing Strategy Social Media Content Marketing,5.0,8.0,6.5,15.0,23.0,19.0,"bright-francis is hiring a digital marketing executive for our hyderabad office. you will use communication, copywriting, email marketing, ppc, seo, marketing strategy, social media, content marketing daily and help scale our marketing strategy capabilities. we value strong fundamentals in social media and a collaborative mindset. minimum 5 years of experience in a similar role.","Digital Marketing Executive bright-francis is hiring a digital marketing executive for our hyderabad office. you will use communication, copywriting, email marketing, ppc, seo, marketing strategy, social media, content marketing daily and help scale our marketing strategy capabilities. we value strong fundamentals in social media and a collaborative mindset. minimum 5 years of experience in a similar role. Communication Copywriting Email Marketing PPC SEO Marketing Strategy Social Media Content Marketing",6
JOB00200,Cloud Engineer,DevOps Engineer,Christensen PLC,Ahmedabad,Docker; Git; CI/CD; Monitoring; Shell Scripting; Linux; Terraform; AWS,3-6 years,7-10,"We are looking for a Cloud Engineer to join our growing team. The ideal candidate has hands-on experience with Docker, Git, CI/CD, Monitoring, Shell Scripting, Linux, Terraform, AWS and can work independently on CI/CD-driven projects. Responsibilities include collaborating with cross-functional teams, contributing to Terraform initiatives, and driving continuous improvement. 3+ years of relevant experience required.","['Docker', 'Git', 'CI/CD', 'Monitoring', 'Shell Scripting', 'Linux', 'Terraform', 'AWS']",Docker Git CI/CD Monitoring Shell Scripting Linux Terraform AWS,3.0,6.0,4.5,7.0,10.0,8.5,"we are looking for a cloud engineer to join our growing team. the ideal candidate has hands-on experience with docker, git, ci/cd, monitoring, shell scripting, linux, terraform, aws and can work independently on ci/cd-driven projects. responsibilities include collaborating with cross-functional teams, contributing to terraform initiatives, and driving continuous improvement. 3+ years of relevant experience required.","Cloud Engineer we are looking for a cloud engineer to join our growing team. the ideal candidate has hands-on experience with docker, git, ci/cd, monitoring, shell scripting, linux, terraform, aws and can work independently on ci/cd-driven projects. responsibilities include collaborating with cross-functional teams, contributing to terraform initiatives, and driving continuous improvement. 3+ years of relevant experience required. Docker Git CI/CD Monitoring Shell Scripting Linux Terraform AWS",10
JOB00469,Graphic Designer,Graphic Designer,Brown-Shaw,Chennai,Figma; Typography; Creativity; UI/UX; InDesign; Illustrator; Communication; Photoshop,1-4 years,13-18,"Exciting opportunity for a Graphic Designer at Brown-Shaw. Must be proficient in Figma, Typography, Creativity, UI/UX, InDesign, Illustrator, Communication, Photoshop, with practical exposure to UI/UX and InDesign. You'll work in an agile environment solving real business problems. 1+ years experience preferred.","['Figma', 'Typography', 'Creativity', 'UI/UX', 'InDesign', 'Illustrator', 'Communication', 'Photoshop']",Figma Typography Creativity UI/UX InDesign Illustrator Communication Photoshop,1.0,4.0,2.5,13.0,18.0,15.5,"exciting opportunity for a graphic designer at brown-shaw. must be proficient in figma, typography, creativity, ui/ux, indesign, illustrator, communication, photoshop, with practical exposure to ui/ux and indesign. you'll work in an agile environment solving real business problems. 1+ years experience preferred.","Graphic Designer exciting opportunity for a graphic designer at brown-shaw. must be proficient in figma, typography, creativity, ui/ux, indesign, illustrator, communication, photoshop, with practical exposure to ui/ux and indesign. you'll work in an agile environment solving real business problems. 1+ years experience preferred. Figma Typography Creativity UI/UX InDesign Illustrator Communication Photoshop",0
JOB00410,Manufacturing Engineer,Mechanical Engineer,Collier-Gillespie,Ahmedabad,Quality Control; Six Sigma; MATLAB; Thermodynamics; Project Management; AutoCAD; SolidWorks,2-5 years,5-12,"Exciting opportunity for a Manufacturing Engineer at Collier-Gillespie. Must be proficient in Quality Control, Six Sigma, MATLAB, Thermodynamics, Project Management, AutoCAD, SolidWorks, with practical exposure to SolidWorks and Quality Control. You'll work in an agile environment solving real business problems. 2+ years experience preferred.","['Quality Control', 'Six Sigma', 'MATLAB', 'Thermodynamics', 'Project Management', 'AutoCAD', 'SolidWorks']",Quality Control Six Sigma MATLAB Thermodynamics Project Management AutoCAD SolidWorks,2.0,5.0,3.5,5.0,12.0,8.5,"exciting opportunity for a manufacturing engineer at collier-gillespie. must be proficient in quality control, six sigma, matlab, thermodynamics, project management, autocad, solidworks, with practical exposure to solidworks and quality control. you'll work in an agile environment solving real business problems. 2+ years experience preferred.","Manufacturing Engineer exciting opportunity for a manufacturing engineer at collier-gillespie. must be proficient in quality control, six sigma, matlab, thermodynamics, project management, autocad, solidworks, with practical exposure to solidworks and quality control. you'll work in an agile environment solving real business problems. 2+ years experience preferred. Quality Control Six Sigma MATLAB Thermodynamics Project Management AutoCAD SolidWorks",8
JOB00366,Account Manager,Sales,"Wilson, Pena and Rich",Ahmedabad,Cold Calling; Excel; CRM; Lead Generation; Negotiation; Communication; Sales Strategy,7-10 years,16-22,"We are looking for a Account Manager to join our growing team. The ideal candidate has hands-on experience with Cold Calling, Excel, CRM, Lead Generation, Negotiation, Communication, Sales Strategy and can work independently on Communication-driven projects. Responsibilities include collaborating with cross-functional teams, contributing to Lead Generation initiatives, and driving continuous improvement. 7+ years of relevant experience required.","['Cold Calling', 'Excel', 'CRM', 'Lead Generation', 'Negotiation', 'Communication', 'Sales Strategy']",Cold Calling Excel CRM Lead Generation Negotiation Communication Sales Strategy,7.0,10.0,8.5,16.0,22.0,19.0,"we are looking for a account manager to join our growing team. the ideal candidate has hands-on experience with cold calling, excel, crm, lead generation, negotiation, communication, sales strategy and can work independently on communication-driven projects. responsibilities include collaborating with cross-functional teams, contributing to lead generation initiatives, and driving continuous improvement. 7+ years of relevant experience required.","Account Manager we are looking for a account manager to join our growing team. the ideal candidate has hands-on experience with cold calling, excel, crm, lead generation, negotiation, communication, sales strategy and can work independently on communication-driven projects. responsibilities include collaborating with cross-functional teams, contributing to lead generation initiatives, and driving continuous improvement. 7+ years of relevant experience required. Cold Calling Excel CRM Lead Generation Negotiation Communication Sales Strategy",3
JOB00232,Cybersecurity Analyst,Network Security Engineer,"Choi, Garcia and Farmer",Kolkata,Python; Cryptography; Firewalls; Network Protocols; Linux,0-3 years,17-27,"Exciting opportunity for a Cybersecurity Analyst at Choi, Garcia and Farmer. Must be proficient in Python, Cryptography, Firewalls, Network Protocols, Linux, with practical exposure to Cryptography and Network Protocols. You'll work in an agile environment solving real business problems. 0+ years experience preferred.","['Python', 'Cryptography', 'Firewalls', 'Network Protocols', 'Linux']",Python Cryptography Firewalls Network Protocols Linux,0.0,3.0,1.5,17.0,27.0,22.0,"exciting opportunity for a cybersecurity analyst at choi, garcia and farmer. must be proficient in python, cryptography, firewalls, network protocols, linux, with practical exposure to cryptography and network protocols. you'll work in an agile environment solving real business problems. 0+ years experience preferred.","Cybersecurity Analyst exciting opportunity for a cybersecurity analyst at choi, garcia and farmer. must be proficient in python, cryptography, firewalls, network protocols, linux, with practical exposure to cryptography and network protocols. you'll work in an agile environment solving real business problems. 0+ years experience preferred. Python Cryptography Firewalls Network Protocols Linux",14
JOB00034,Data Scientist,Data Science,Frazier Inc,Bengaluru,Pandas; A/B Testing; TensorFlow; NumPy; Python,7-10 years,13-18,"Frazier Inc is hiring a Data Scientist for our Bengaluru office. You will use Pandas, A/B Testing, TensorFlow, NumPy, Python daily and help scale our A/B Testing capabilities. We value strong fundamentals in Pandas and a collaborative mindset. Minimum 7 years of experience in a similar role.","['Pandas', 'A/B Testing', 'TensorFlow', 'NumPy', 'Python']",Pandas A/B Testing TensorFlow NumPy Python,7.0,10.0,8.5,13.0,18.0,15.5,"frazier inc is hiring a data scientist for our bengaluru office. you will use pandas, a/b testing, tensorflow, numpy, python daily and help scale our a/b testing capabilities. we value strong fundamentals in pandas and a collaborative mindset. minimum 7 years of experience in a similar role.","Data Scientist frazier inc is hiring a data scientist for our bengaluru office. you will use pandas, a/b testing, tensorflow, numpy, python daily and help scale our a/b testing capabilities. we value strong fundamentals in pandas and a collaborative mindset. minimum 7 years of experience in a similar role. Pandas A/B Testing TensorFlow NumPy Python",13
JOB00440,Structural Engineer,Civil Engineer,King-York,Hyderabad,Project Management; Surveying; Structural Analysis; Construction Management; Cost Estimation,6-9 years,9-15,"King-York is hiring a Structural Engineer for our Hyderabad office. You will use Project Management, Surveying, Structural Analysis, Construction Management, Cost Estimation daily and help scale our Project Management capabilities. We value strong fundamentals in Surveying and a collaborative mindset. Minimum 6 years of experience in a similar role.","['Project Management', 'Surveying', 'Structural Analysis', 'Construction Management', 'Cost Estimation']",Project Management Surveying Structural Analysis Construction Management Cost Estimation,6.0,9.0,7.5,9.0,15.0,12.0,"king-york is hiring a structural engineer for our hyderabad office. you will use project management, surveying, structural analysis, construction management, cost estimation daily and help scale our project management capabilities. we value strong fundamentals in surveying and a collaborative mindset. minimum 6 years of experience in a similar role.","Structural Engineer king-york is hiring a structural engineer for our hyderabad office. you will use project management, surveying, structural analysis, construction management, cost estimation daily and help scale our project management capabilities. we value strong fundamentals in surveying and a collaborative mindset. minimum 6 years of experience in a similar role. Project Management Surveying Structural Analysis Construction Management Cost Estimation",11
JOB00331,HR Executive,HR,Reid Group,Pune,Conflict Resolution; Employee Engagement; HRIS; Excel; Recruitment; Communication; Onboarding,3-6 years,9-17,"We are looking for a HR Executive to join our growing team. The ideal candidate has hands-on experience with Conflict Resolution, Employee Engagement, HRIS, Excel, Recruitment, Communication, Onboarding and can work independently on Recruitment-driven projects. Responsibilities include collaborating with cross-functional teams, contributing to HRIS initiatives, and driving continuous improvement. 3+ years of relevant experience required.","['Conflict Resolution', 'Employee Engagement', 'HRIS', 'Excel', 'Recruitment', 'Communication', 'Onboarding']",Conflict Resolution Employee Engagement HRIS Excel Recruitment Communication Onboarding,3.0,6.0,4.5,9.0,17.0,13.0,"we are looking for a hr executive to join our growing team. the ideal candidate has hands-on experience with conflict resolution, employee engagement, hris, excel, recruitment, communication, onboarding and can work independently on recruitment-driven projects. responsibilities include collaborating with cross-functional teams, contributing to hris initiatives, and driving continuous improvement. 3+ years of relevant experience required.","HR Executive we are looking for a hr executive to join our growing team. the ideal candidate has hands-on experience with conflict resolution, employee engagement, hris, excel, recruitment, communication, onboarding and can work independently on recruitment-driven projects. responsibilities include collaborating with cross-functional teams, contributing to hris initiatives, and driving continuous improvement. 3+ years of relevant experience required. Conflict Resolution Employee Engagement HRIS Excel Recruitment Communication Onboarding",1
JOB00125,Java Developer,Java Developer,Scott Ltd,Chennai,Multithreading; JUnit; SQL; Microservices; Maven; Spring Boot,5-8 years,18-23,"We are looking for a Java Developer to join our growing team. The ideal candidate has hands-on experience with Multithreading, JUnit, SQL, Microservices, Maven, Spring Boot and can work independently on Maven-driven projects. Responsibilities include collaborating with cross-functional teams, contributing to Microservices initiatives, and driving continuous improvement. 5+ years of relevant experience required.","['Multithreading', 'JUnit', 'SQL', 'Microservices', 'Maven', 'Spring Boot']",Multithreading JUnit SQL Microservices Maven Spring Boot,5.0,8.0,6.5,18.0,23.0,20.5,"we are looking for a java developer to join our growing team. the ideal candidate has hands-on experience with multithreading, junit, sql, microservices, maven, spring boot and can work independently on maven-driven projects. responsibilities include collaborating with cross-functional teams, contributing to microservices initiatives, and driving continuous improvement. 5+ years of relevant experience required.","Java Developer we are looking for a java developer to join our growing team. the ideal candidate has hands-on experience with multithreading, junit, sql, microservices, maven, spring boot and can work independently on maven-driven projects. responsibilities include collaborating with cross-functional teams, contributing to microservices initiatives, and driving continuous improvement. 5+ years of relevant experience required. Multithreading JUnit SQL Microservices Maven Spring Boot",12
JOB00289,Marketing Analyst,Digital Marketing,"Miller, Murphy and Craig",Ahmedabad,Email Marketing; Content Marketing; Copywriting; Communication; SEO,2-5 years,12-21,"Exciting opportunity for a Marketing Analyst at Miller, Murphy and Craig. Must be proficient in Email Marketing, Content Marketing, Copywriting, Communication, SEO, with practical exposure to Communication and Copywriting. You'll work in an agile environment solving real business problems. 2+ years experience preferred.","['Email Marketing', 'Content Marketing', 'Copywriting', 'Communication', 'SEO']",Email Marketing Content Marketing Copywriting Communication SEO,2.0,5.0,3.5,12.0,21.0,16.5,"exciting opportunity for a marketing analyst at miller, murphy and craig. must be proficient in email marketing, content marketing, copywriting, communication, seo, with practical exposure to communication and copywriting. you'll work in an agile environment solving real business problems. 2+ years experience preferred.","Marketing Analyst exciting opportunity for a marketing analyst at miller, murphy and craig. must be proficient in email marketing, content marketing, copywriting, communication, seo, with practical exposure to communication and copywriting. you'll work in an agile environment solving real business problems. 2+ years experience preferred. Email Marketing Content Marketing Copywriting Communication SEO",6
JOB00352,Account Manager,Sales,Guerrero Inc,Chennai,Client Relationship Management; Communication; Excel; CRM; Lead Generation; Sales Strategy; Cold Calling; Negotiation,4-7 years,20-26,"Guerrero Inc is hiring a Account Manager for our Chennai office. You will use Client Relationship Management, Communication, Excel, CRM, Lead Generation, Sales Strategy, Cold Calling, Negotiation daily and help scale our CRM capabilities. We value strong fundamentals in Excel and a collaborative mindset. Minimum 4 years of experience in a similar role.","['Client Relationship Management', 'Communication', 'Excel', 'CRM', 'Lead Generation', 'Sales Strategy', 'Cold Calling', 'Negotiation']",Client Relationship Management Communication Excel CRM Lead Generation Sales Strategy Cold Calling Negotiation,4.0,7.0,5.5,20.0,26.0,23.0,"guerrero inc is hiring a account manager for our chennai office. you will use client relationship management, communication, excel, crm, lead generation, sales strategy, cold calling, negotiation daily and help scale our crm capabilities. we value strong fundamentals in excel and a collaborative mindset. minimum 4 years of experience in a similar role.","Account Manager guerrero inc is hiring a account manager for our chennai office. you will use client relationship management, communication, excel, crm, lead generation, sales strategy, cold calling, negotiation daily and help scale our crm capabilities. we value strong fundamentals in excel and a collaborative mindset. minimum 4 years of experience in a similar role. Client Relationship Management Communication Excel CRM Lead Generation Sales Strategy Cold Calling Negotiation",3
JOB00013,Data Analyst,Data Science,Arnold Ltd,Ahmedabad,NumPy; Python; A/B Testing; Excel; Machine Learning,6-9 years,8-12,"Exciting opportunity for a Data Analyst at Arnold Ltd. Must be proficient in NumPy, Python, A/B Testing, Excel, Machine Learning, with practical exposure to A/B Testing and Machine Learning. You'll work in an agile environment solving real business problems. 6+ years experience preferred.","['NumPy', 'Python', 'A/B Testing', 'Excel', 'Machine Learning']",NumPy Python A/B Testing Excel Machine Learning,6.0,9.0,7.5,8.0,12.0,10.0,"exciting opportunity for a data analyst at arnold ltd. must be proficient in numpy, python, a/b testing, excel, machine learning, with practical exposure to a/b testing and machine learning. you'll work in an agile environment solving real business problems. 6+ years experience preferred.","Data Analyst exciting opportunity for a data analyst at arnold ltd. must be proficient in numpy, python, a/b testing, excel, machine learning, with practical exposure to a/b testing and machine learning. you'll work in an agile environment solving real business problems. 6+ years experience preferred. NumPy Python A/B Testing Excel Machine Learning",13
JOB00241,Cybersecurity Analyst,Network Security Engineer,Jones and Sons,Ahmedabad,Risk Assessment; Cryptography; Python; IDS/IPS; Vulnerability Assessment; Firewalls,1-4 years,18-26,"Exciting opportunity for a Cybersecurity Analyst at Jones and Sons. Must be proficient in Risk Assessment, Cryptography, Python, IDS/IPS, Vulnerability Assessment, Firewalls, with practical exposure to Firewalls and Python. You'll work in an agile environment solving real business problems. 1+ years experience preferred.","['Risk Assessment', 'Cryptography', 'Python', 'IDS/IPS', 'Vulnerability Assessment', 'Firewalls']",Risk Assessment Cryptography Python IDS/IPS Vulnerability Assessment Firewalls,1.0,4.0,2.5,18.0,26.0,22.0,"exciting opportunity for a cybersecurity analyst at jones and sons. must be proficient in risk assessment, cryptography, python, ids/ips, vulnerability assessment, firewalls, with practical exposure to firewalls and python. you'll work in an agile environment solving real business problems. 1+ years experience preferred.","Cybersecurity Analyst exciting opportunity for a cybersecurity analyst at jones and sons. must be proficient in risk assessment, cryptography, python, ids/ips, vulnerability assessment, firewalls, with practical exposure to firewalls and python. you'll work in an agile environment solving real business problems. 1+ years experience preferred. Risk Assessment Cryptography Python IDS/IPS Vulnerability Assessment Firewalls",14
JOB00442,Civil Site Engineer,Civil Engineer,Rangel LLC,Bengaluru,Revit; AutoCAD; Cost Estimation; Surveying,0-3 years,15-20,"Rangel LLC is hiring a Civil Site Engineer for our Bengaluru office. You will use Revit, AutoCAD, Cost Estimation, Surveying daily and help scale our Cost Estimation capabilities. We value strong fundamentals in Revit and a collaborative mindset. Minimum 0 years of experience in a similar role.","['Revit', 'AutoCAD', 'Cost Estimation', 'Surveying']",Revit AutoCAD Cost Estimation Surveying,0.0,3.0,1.5,15.0,20.0,17.5,"rangel llc is hiring a civil site engineer for our bengaluru office. you will use revit, autocad, cost estimation, surveying daily and help scale our cost estimation capabilities. we value strong fundamentals in revit and a collaborative mindset. minimum 0 years of experience in a similar role.","Civil Site Engineer rangel llc is hiring a civil site engineer for our bengaluru office. you will use revit, autocad, cost estimation, surveying daily and help scale our cost estimation capabilities. we value strong fundamentals in revit and a collaborative mindset. minimum 0 years of experience in a similar role. Revit AutoCAD Cost Estimation Surveying",11
JOB00501,Fitness Trainer,Health and Fitness,"Rivera, Martinez and Richardson",Delhi NCR,Nutrition Planning; Exercise Physiology; CPR Certified; First Aid,6-9 years,13-23,"Rivera, Martinez and Richardson is hiring a Fitness Trainer for our Delhi NCR office. You will use Nutrition Planning, Exercise Physiology, CPR Certified, First Aid daily and help scale our First Aid capabilities. We value strong fundamentals in Nutrition Planning and a collaborative mindset. Minimum 6 years of experience in a similar role.","['Nutrition Planning', 'Exercise Physiology', 'CPR Certified', 'First Aid']",Nutrition Planning Exercise Physiology CPR Certified First Aid,6.0,9.0,7.5,13.0,23.0,18.0,"rivera, martinez and richardson is hiring a fitness trainer for our delhi ncr office. you will use nutrition planning, exercise physiology, cpr certified, first aid daily and help scale our first aid capabilities. we value strong fundamentals in nutrition planning and a collaborative mindset. minimum 6 years of experience in a similar role.","Fitness Trainer rivera, martinez and richardson is hiring a fitness trainer for our delhi ncr office. you will use nutrition planning, exercise physiology, cpr certified, first aid daily and help scale our first aid capabilities. we value strong fundamentals in nutrition planning and a collaborative mindset. minimum 6 years of experience in a similar role. Nutrition Planning Exercise Physiology CPR Certified First Aid",5
JOB00485,Graphic Designer,Graphic Designer,"Butler, Beck and Miller",Delhi NCR,Branding; UI/UX; Creativity; Illustrator,6-9 years,4-10,"Exciting opportunity for a Graphic Designer at Butler, Beck and Miller. Must be proficient in Branding, UI/UX, Creativity, Illustrator, with practical exposure to Creativity and UI/UX. You'll work in an agile environment solving real business problems. 6+ years experience preferred.","['Branding', 'UI/UX', 'Creativity', 'Illustrator']",Branding UI/UX Creativity Illustrator,6.0,9.0,7.5,4.0,10.0,7.0,"exciting opportunity for a graphic designer at butler, beck and miller. must be proficient in branding, ui/ux, creativity, illustrator, with practical exposure to creativity and ui/ux. you'll work in an agile environment solving real business problems. 6+ years experience preferred.","Graphic Designer exciting opportunity for a graphic designer at butler, beck and miller. must be proficient in branding, ui/ux, creativity, illustrator, with practical exposure to creativity and ui/ux. you'll work in an agile environment solving real business problems. 6+ years experience preferred. Branding UI/UX Creativity Illustrator",0
JOB00149,Backend Python Engineer,Python Developer,Bryant Group,Bengaluru,Celery; Unit Testing; Git; SQL; Django; Flask; REST API; Docker,6-9 years,6-10,"Exciting opportunity for a Backend Python Engineer at Bryant Group. Must be proficient in Celery, Unit Testing, Git, SQL, Django, Flask, REST API, Docker, with practical exposure to SQL and Unit Testing. You'll work in an agile environment solving real business problems. 6+ years experience preferred.","['Celery', 'Unit Testing', 'Git', 'SQL', 'Django', 'Flask', 'REST API', 'Docker']",Celery Unit Testing Git SQL Django Flask REST API Docker,6.0,9.0,7.5,6.0,10.0,8.0,"exciting opportunity for a backend python engineer at bryant group. must be proficient in celery, unit testing, git, sql, django, flask, rest api, docker, with practical exposure to sql and unit testing. you'll work in an agile environment solving real business problems. 6+ years experience preferred.","Backend Python Engineer exciting opportunity for a backend python engineer at bryant group. must be proficient in celery, unit testing, git, sql, django, flask, rest api, docker, with practical exposure to sql and unit testing. you'll work in an agile environment solving real business problems. 6+ years experience preferred. Celery Unit Testing Git SQL Django Flask REST API Docker",7
JOB00367,Sales Executive,Sales,"Le, Lewis and Hayes",Kolkata,Sales Strategy; Negotiation; Cold Calling; CRM,5-8 years,14-24,"Exciting opportunity for a Sales Executive at Le, Lewis and Hayes. Must be proficient in Sales Strategy, Negotiation, Cold Calling, CRM, with practical exposure to Cold Calling and Sales Strategy. You'll work in an agile environment solving real business problems. 5+ years experience preferred.","['Sales Strategy', 'Negotiation', 'Cold Calling', 'CRM']",Sales Strategy Negotiation Cold Calling CRM,5.0,8.0,6.5,14.0,24.0,19.0,"exciting opportunity for a sales executive at le, lewis and hayes. must be proficient in sales strategy, negotiation, cold calling, crm, with practical exposure to cold calling and sales strategy. you'll work in an agile environment solving real business problems. 5+ years experience preferred.","Sales Executive exciting opportunity for a sales executive at le, lewis and hayes. must be proficient in sales strategy, negotiation, cold calling, crm, with practical exposure to cold calling and sales strategy. you'll work in an agile environment solving real business problems. 5+ years experience preferred. Sales Strategy Negotiation Cold Calling CRM",3
JOB00513,Fitness Trainer,Health and Fitness,"Sullivan, Palmer and Brady",Kolkata,Exercise Physiology; Client Assessment; First Aid; Nutrition Planning; CPR Certified; Communication,5-8 years,18-23,"Sullivan, Palmer and Brady is hiring a Fitness Trainer for our Kolkata office. You will use Exercise Physiology, Client Assessment, First Aid, Nutrition Planning, CPR Certified, Communication daily and help scale our Client Assessment capabilities. We value strong fundamentals in First Aid and a collaborative mindset. Minimum 5 years of experience in a similar role.","['Exercise Physiology', 'Client Assessment', 'First Aid', 'Nutrition Planning', 'CPR Certified', 'Communication']",Exercise Physiology Client Assessment First Aid Nutrition Planning CPR Certified Communication,5.0,8.0,6.5,18.0,23.0,20.5,"sullivan, palmer and brady is hiring a fitness trainer for our kolkata office. you will use exercise physiology, client assessment, first aid, nutrition planning, cpr certified, communication daily and help scale our client assessment capabilities. we value strong fundamentals in first aid and a collaborative mindset. minimum 5 years of experience in a similar role.","Fitness Trainer sullivan, palmer and brady is hiring a fitness trainer for our kolkata office. you will use exercise physiology, client assessment, first aid, nutrition planning, cpr certified, communication daily and help scale our client assessment capabilities. we value strong fundamentals in first aid and a collaborative mindset. minimum 5 years of experience in a similar role. Exercise Physiology Client Assessment First Aid Nutrition Planning CPR Certified Communication",5
JOB00141,Python Developer,Python Developer,Hernandez Inc,Mumbai,Docker; Pandas; Git; SQL; Celery; Python,4-7 years,9-19,"Exciting opportunity for a Python Developer at Hernandez Inc. Must be proficient in Docker, Pandas, Git, SQL, Celery, Python, with practical exposure to Docker and Python. You'll work in an agile environment solving real business problems. 4+ years experience preferred.","['Docker', 'Pandas', 'Git', 'SQL', 'Celery', 'Python']",Docker Pandas Git SQL Celery Python,4.0,7.0,5.5,9.0,19.0,14.0,"exciting opportunity for a python developer at hernandez inc. must be proficient in docker, pandas, git, sql, celery, python, with practical exposure to docker and python. you'll work in an agile environment solving real business problems. 4+ years experience preferred.","Python Developer exciting opportunity for a python developer at hernandez inc. must be proficient in docker, pandas, git, sql, celery, python, with practical exposure to docker and python. you'll work in an agile environment solving real business problems. 4+ years experience preferred. Docker Pandas Git SQL Celery Python",7
JOB00208,Site Reliability Engineer,DevOps Engineer,Davis and Sons,Kolkata,Monitoring; Kubernetes; Jenkins; CI/CD; Docker; Git; AWS,3-6 years,13-19,"Davis and Sons is hiring a Site Reliability Engineer for our Kolkata office. You will use Monitoring, Kubernetes, Jenkins, CI/CD, Docker, Git, AWS daily and help scale our CI/CD capabilities. We value strong fundamentals in Monitoring and a collaborative mindset. Minimum 3 years of experience in a similar role.","['Monitoring', 'Kubernetes', 'Jenkins', 'CI/CD', 'Docker', 'Git', 'AWS']",Monitoring Kubernetes Jenkins CI/CD Docker Git AWS,3.0,6.0,4.5,13.0,19.0,16.0,"davis and sons is hiring a site reliability engineer for our kolkata office. you will use monitoring, kubernetes, jenkins, ci/cd, docker, git, aws daily and help scale our ci/cd capabilities. we value strong fundamentals in monitoring and a collaborative mindset. minimum 3 years of experience in a similar role.","Site Reliability Engineer davis and sons is hiring a site reliability engineer for our kolkata office. you will use monitoring, kubernetes, jenkins, ci/cd, docker, git, aws daily and help scale our ci/cd capabilities. we value strong fundamentals in monitoring and a collaborative mindset. minimum 3 years of experience in a similar role. Monitoring Kubernetes Jenkins CI/CD Docker Git AWS",10
JOB00181,Cloud Engineer,DevOps Engineer,Wells Inc,Chennai,CI/CD; Git; Terraform; Shell Scripting; Jenkins; Docker,6-9 years,7-17,"We are looking for a Cloud Engineer to join our growing team. The ideal candidate has hands-on experience with CI/CD, Git, Terraform, Shell Scripting, Jenkins, Docker and can work independently on Git-driven projects. Responsibilities include collaborating with cross-functional teams, contributing to Jenkins initiatives, and driving continuous improvement. 6+ years of relevant experience required.","['CI/CD', 'Git', 'Terraform', 'Shell Scripting', 'Jenkins', 'Docker']",CI/CD Git Terraform Shell Scripting Jenkins Docker,6.0,9.0,7.5,7.0,17.0,12.0,"we are looking for a cloud engineer to join our growing team. the ideal candidate has hands-on experience with ci/cd, git, terraform, shell scripting, jenkins, docker and can work independently on git-driven projects. responsibilities include collaborating with cross-functional teams, contributing to jenkins initiatives, and driving continuous improvement. 6+ years of relevant experience required.","Cloud Engineer we are looking for a cloud engineer to join our growing team. the ideal candidate has hands-on experience with ci/cd, git, terraform, shell scripting, jenkins, docker and can work independently on git-driven projects. responsibilities include collaborating with cross-functional teams, contributing to jenkins initiatives, and driving continuous improvement. 6+ years of relevant experience required. CI/CD Git Terraform Shell Scripting Jenkins Docker",10
JOB00161,Python Developer,Python Developer,Brown-Wall,Pune,REST API; Unit Testing; Python; SQL; Django; Pandas; Docker,0-3 years,9-17,"Exciting opportunity for a Python Developer at Brown-Wall. Must be proficient in REST API, Unit Testing, Python, SQL, Django, Pandas, Docker, with practical exposure to SQL and Pandas. You'll work in an agile environment solving real business problems. 0+ years experience preferred.","['REST API', 'Unit Testing', 'Python', 'SQL', 'Django', 'Pandas', 'Docker']",REST API Unit Testing Python SQL Django Pandas Docker,0.0,3.0,1.5,9.0,17.0,13.0,"exciting opportunity for a python developer at brown-wall. must be proficient in rest api, unit testing, python, sql, django, pandas, docker, with practical exposure to sql and pandas. you'll work in an agile environment solving real business problems. 0+ years experience preferred.","Python Developer exciting opportunity for a python developer at brown-wall. must be proficient in rest api, unit testing, python, sql, django, pandas, docker, with practical exposure to sql and pandas. you'll work in an agile environment solving real business problems. 0+ years experience preferred. REST API Unit Testing Python SQL Django Pandas Docker",7
JOB00112,Backend Java Engineer,Java Developer,"Shields, Cochran and Adams",Hyderabad,Hibernate; Microservices; Java; Multithreading,3-6 years,6-8,"We are looking for a Backend Java Engineer to join our growing team. The ideal candidate has hands-on experience with Hibernate, Microservices, Java, Multithreading and can work independently on Hibernate-driven projects. Responsibilities include collaborating with cross-functional teams, contributing to Java initiatives, and driving continuous improvement. 3+ years of relevant experience required.","['Hibernate', 'Microservices', 'Java', 'Multithreading']",Hibernate Microservices Java Multithreading,3.0,6.0,4.5,6.0,8.0,7.0,"we are looking for a backend java engineer to join our growing team. the ideal candidate has hands-on experience with hibernate, microservices, java, multithreading and can work independently on hibernate-driven projects. responsibilities include collaborating with cross-functional teams, contributing to java initiatives, and driving continuous improvement. 3+ years of relevant experience required.","Backend Java Engineer we are looking for a backend java engineer to join our growing team. the ideal candidate has hands-on experience with hibernate, microservices, java, multithreading and can work independently on hibernate-driven projects. responsibilities include collaborating with cross-functional teams, contributing to java initiatives, and driving continuous improvement. 3+ years of relevant experience required. Hibernate Microservices Java Multithreading",12
JOB00107,Java Developer,Java Developer,"Wright, Garcia and Deleon",Mumbai,Git; Microservices; Java; Hibernate; Multithreading,3-6 years,16-24,"We are looking for a Java Developer to join our growing team. The ideal candidate has hands-on experience with Git, Microservices, Java, Hibernate, Multithreading and can work independently on Java-driven projects. Responsibilities include collaborating with cross-functional teams, contributing to Git initiatives, and driving continuous improvement. 3+ years of relevant experience required.","['Git', 'Microservices', 'Java', 'Hibernate', 'Multithreading']",Git Microservices Java Hibernate Multithreading,3.0,6.0,4.5,16.0,24.0,20.0,"we are looking for a java developer to join our growing team. the ideal candidate has hands-on experience with git, microservices, java, hibernate, multithreading and can work independently on java-driven projects. responsibilities include collaborating with cross-functional teams, contributing to git initiatives, and driving continuous improvement. 3+ years of relevant experience required.","Java Developer we are looking for a java developer to join our growing team. the ideal candidate has hands-on experience with git, microservices, java, hibernate, multithreading and can work independently on java-driven projects. responsibilities include collaborating with cross-functional teams, contributing to git initiatives, and driving continuous improvement. 3+ years of relevant experience required. Git Microservices Java Hibernate Multithreading",12
JOB00207,DevOps Engineer,DevOps Engineer,"Alvarez, Joseph and West",Ahmedabad,Jenkins; AWS; Terraform; Shell Scripting,8-11 years,8-13,"Alvarez, Joseph and West is hiring a DevOps Engineer for our Ahmedabad office. You will use Jenkins, AWS, Terraform, Shell Scripting daily and help scale our Jenkins capabilities. We value strong fundamentals in Terraform and a collaborative mindset. Minimum 8 years of experience in a similar role.","['Jenkins', 'AWS', 'Terraform', 'Shell Scripting']",Jenkins AWS Terraform Shell Scripting,8.0,11.0,9.5,8.0,13.0,10.5,"alvarez, joseph and west is hiring a devops engineer for our ahmedabad office. you will use jenkins, aws, terraform, shell scripting daily and help scale our jenkins capabilities. we value strong fundamentals in terraform and a collaborative mindset. minimum 8 years of experience in a similar role.","DevOps Engineer alvarez, joseph and west is hiring a devops engineer for our ahmedabad office. you will use jenkins, aws, terraform, shell scripting daily and help scale our jenkins capabilities. we value strong fundamentals in terraform and a collaborative mindset. minimum 8 years of experience in a similar role. Jenkins AWS Terraform Shell Scripting",10
JOB00404,Manufacturing Engineer,Mechanical Engineer,Jones-Hensley,Hyderabad,SolidWorks; Thermodynamics; Six Sigma; Manufacturing; AutoCAD; Quality Control,8-11 years,11-16,"We are looking for a Manufacturing Engineer to join our growing team. The ideal candidate has hands-on experience with SolidWorks, Thermodynamics, Six Sigma, Manufacturing, AutoCAD, Quality Control and can work independently on SolidWorks-driven projects. Responsibilities include collaborating with cross-functional teams, contributing to Manufacturing initiatives, and driving continuous improvement. 8+ years of relevant experience required.","['SolidWorks', 'Thermodynamics', 'Six Sigma', 'Manufacturing', 'AutoCAD', 'Quality Control']",SolidWorks Thermodynamics Six Sigma Manufacturing AutoCAD Quality Control,8.0,11.0,9.5,11.0,16.0,13.5,"we are looking for a manufacturing engineer to join our growing team. the ideal candidate has hands-on experience with solidworks, thermodynamics, six sigma, manufacturing, autocad, quality control and can work independently on solidworks-driven projects. responsibilities include collaborating with cross-functional teams, contributing to manufacturing initiatives, and driving continuous improvement. 8+ years of relevant experience required.","Manufacturing Engineer we are looking for a manufacturing engineer to join our growing team. the ideal candidate has hands-on experience with solidworks, thermodynamics, six sigma, manufacturing, autocad, quality control and can work independently on solidworks-driven projects. responsibilities include collaborating with cross-functional teams, contributing to manufacturing initiatives, and driving continuous improvement. 8+ years of relevant experience required. SolidWorks Thermodynamics Six Sigma Manufacturing AutoCAD Quality Control",8
JOB00087,Mobile App Developer,Android Development,"Ferrell, Jones and Lewis",Kolkata,Jetpack Compose; SQLite; REST API; Git; Material Design; Java; Kotlin; Firebase,7-10 years,6-16,"Ferrell, Jones and Lewis is hiring a Mobile App Developer for our Kolkata office. You will use Jetpack Compose, SQLite, REST API, Git, Material Design, Java, Kotlin, Firebase daily and help scale our REST API capabilities. We value strong fundamentals in Jetpack Compose and a collaborative mindset. Minimum 7 years of experience in a similar role.","['Jetpack Compose', 'SQLite', 'REST API', 'Git', 'Material Design', 'Java', 'Kotlin', 'Firebase']",Jetpack Compose SQLite REST API Git Material Design Java Kotlin Firebase,7.0,10.0,8.5,6.0,16.0,11.0,"ferrell, jones and lewis is hiring a mobile app developer for our kolkata office. you will use jetpack compose, sqlite, rest api, git, material design, java, kotlin, firebase daily and help scale our rest api capabilities. we value strong fundamentals in jetpack compose and a collaborative mindset. minimum 7 years of experience in a similar role.","Mobile App Developer ferrell, jones and lewis is hiring a mobile app developer for our kolkata office. you will use jetpack compose, sqlite, rest api, git, material design, java, kotlin, firebase daily and help scale our rest api capabilities. we value strong fundamentals in jetpack compose and a collaborative mindset. minimum 7 years of experience in a similar role. Jetpack Compose SQLite REST API Git Material Design Java Kotlin Firebase",4
JOB00194,DevOps Engineer,DevOps Engineer,Reid-Poole,Delhi NCR,Kubernetes; Terraform; Linux; CI/CD; Shell Scripting; Git; Jenkins; Monitoring,8-11 years,7-9,"Reid-Poole is hiring a DevOps Engineer for our Delhi NCR office. You will use Kubernetes, Terraform, Linux, CI/CD, Shell Scripting, Git, Jenkins, Monitoring daily and help scale our Monitoring capabilities. We value strong fundamentals in Linux and a collaborative mindset. Minimum 8 years of experience in a similar role.","['Kubernetes', 'Terraform', 'Linux', 'CI/CD', 'Shell Scripting', 'Git', 'Jenkins', 'Monitoring']",Kubernetes Terraform Linux CI/CD Shell Scripting Git Jenkins Monitoring,8.0,11.0,9.5,7.0,9.0,8.0,"reid-poole is hiring a devops engineer for our delhi ncr office. you will use kubernetes, terraform, linux, ci/cd, shell scripting, git, jenkins, monitoring daily and help scale our monitoring capabilities. we value strong fundamentals in linux and a collaborative mindset. minimum 8 years of experience in a similar role.","DevOps Engineer reid-poole is hiring a devops engineer for our delhi ncr office. you will use kubernetes, terraform, linux, ci/cd, shell scripting, git, jenkins, monitoring daily and help scale our monitoring capabilities. we value strong fundamentals in linux and a collaborative mindset. minimum 8 years of experience in a similar role. Kubernetes Terraform Linux CI/CD Shell Scripting Git Jenkins Monitoring",10
JOB00350,HR Executive,HR,"Smith, Garrison and Thomas",Remote,Communication; Onboarding; Performance Management; HRIS,1-4 years,10-19,"We are looking for a HR Executive to join our growing team. The ideal candidate has hands-on experience with Communication, Onboarding, Performance Management, HRIS and can work independently on HRIS-driven projects. Responsibilities include collaborating with cross-functional teams, contributing to Communication initiatives, and driving continuous improvement. 1+ years of relevant experience required.","['Communication', 'Onboarding', 'Performance Management', 'HRIS']",Communication Onboarding Performance Management HRIS,1.0,4.0,2.5,10.0,19.0,14.5,"we are looking for a hr executive to join our growing team. the ideal candidate has hands-on experience with communication, onboarding, performance management, hris and can work independently on hris-driven projects. responsibilities include collaborating with cross-functional teams, contributing to communication initiatives, and driving continuous improvement. 1+ years of relevant experience required.","HR Executive we are looking for a hr executive to join our growing team. the ideal candidate has hands-on experience with communication, onboarding, performance management, hris and can work independently on hris-driven projects. responsibilities include collaborating with cross-functional teams, contributing to communication initiatives, and driving continuous improvement. 1+ years of relevant experience required. Communication Onboarding Performance Management HRIS",1
JOB00358,Business Development Executive,Sales,"Williams, Logan and Camacho",Chennai,Negotiation; Sales Strategy; Excel; CRM; Client Relationship Management; Lead Generation,4-7 years,16-23,"Williams, Logan and Camacho is hiring a Business Development Executive for our Chennai office. You will use Negotiation, Sales Strategy, Excel, CRM, Client Relationship Management, Lead Generation daily and help scale our Negotiation capabilities. We value strong fundamentals in Excel and a collaborative mindset. Minimum 4 years of experience in a similar role.","['Negotiation', 'Sales Strategy', 'Excel', 'CRM', 'Client Relationship Management', 'Lead Generation']",Negotiation Sales Strategy Excel CRM Client Relationship Management Lead Generation,4.0,7.0,5.5,16.0,23.0,19.5,"williams, logan and camacho is hiring a business development executive for our chennai office. you will use negotiation, sales strategy, excel, crm, client relationship management, lead generation daily and help scale our negotiation capabilities. we value strong fundamentals in excel and a collaborative mindset. minimum 4 years of experience in a similar role.","Business Development Executive williams, logan and camacho is hiring a business development executive for our chennai office. you will use negotiation, sales strategy, excel, crm, client relationship management, lead generation daily and help scale our negotiation capabilities. we value strong fundamentals in excel and a collaborative mindset. minimum 4 years of experience in a similar role. Negotiation Sales Strategy Excel CRM Client Relationship Management Lead Generation",3
JOB00429,Structural Engineer,Civil Engineer,Gilbert PLC,Pune,Cost Estimation; Construction Management; Structural Analysis; AutoCAD,1-4 years,8-17,"Exciting opportunity for a Structural Engineer at Gilbert PLC. Must be proficient in Cost Estimation, Construction Management, Structural Analysis, AutoCAD, with practical exposure to Structural Analysis and Construction Management. You'll work in an agile environment solving real business problems. 1+ years experience preferred.","['Cost Estimation', 'Construction Management', 'Structural Analysis', 'AutoCAD']",Cost Estimation Construction Management Structural Analysis AutoCAD,1.0,4.0,2.5,8.0,17.0,12.5,"exciting opportunity for a structural engineer at gilbert plc. must be proficient in cost estimation, construction management, structural analysis, autocad, with practical exposure to structural analysis and construction management. you'll work in an agile environment solving real business problems. 1+ years experience preferred.","Structural Engineer exciting opportunity for a structural engineer at gilbert plc. must be proficient in cost estimation, construction management, structural analysis, autocad, with practical exposure to structural analysis and construction management. you'll work in an agile environment solving real business problems. 1+ years experience preferred. Cost Estimation Construction Management Structural Analysis AutoCAD",11
JOB00490,UI/UX Designer,Graphic Designer,Cooper Ltd,Remote,InDesign; Communication; Creativity; Illustrator; Photoshop; Figma; Branding; Typography,5-8 years,15-25,"Exciting opportunity for a UI/UX Designer at Cooper Ltd. Must be proficient in InDesign, Communication, Creativity, Illustrator, Photoshop, Figma, Branding, Typography, with practical exposure to Creativity and Typography. You'll work in an agile environment solving real business problems. 5+ years experience preferred.","['InDesign', 'Communication', 'Creativity', 'Illustrator', 'Photoshop', 'Figma', 'Branding', 'Typography']",InDesign Communication Creativity Illustrator Photoshop Figma Branding Typography,5.0,8.0,6.5,15.0,25.0,20.0,"exciting opportunity for a ui/ux designer at cooper ltd. must be proficient in indesign, communication, creativity, illustrator, photoshop, figma, branding, typography, with practical exposure to creativity and typography. you'll work in an agile environment solving real business problems. 5+ years experience preferred.","UI/UX Designer exciting opportunity for a ui/ux designer at cooper ltd. must be proficient in indesign, communication, creativity, illustrator, photoshop, figma, branding, typography, with practical exposure to creativity and typography. you'll work in an agile environment solving real business problems. 5+ years experience preferred. InDesign Communication Creativity Illustrator Photoshop Figma Branding Typography",0
JOB00040,Full Stack Developer,Web Development,"Romero, Gonzalez and Brooks",Remote,Node.js; Express.js; Responsive Design; CSS; REST API,3-6 years,6-9,"Romero, Gonzalez and Brooks is hiring a Full Stack Developer for our Remote office. You will use Node.js, Express.js, Responsive Design, CSS, REST API daily and help scale our REST API capabilities. We value strong fundamentals in Node.js and a collaborative mindset. Minimum 3 years of experience in a similar role.","['Node.js', 'Express.js', 'Responsive Design', 'CSS', 'REST API']",Node.js Express.js Responsive Design CSS REST API,3.0,6.0,4.5,6.0,9.0,7.5,"romero, gonzalez and brooks is hiring a full stack developer for our remote office. you will use node.js, express.js, responsive design, css, rest api daily and help scale our rest api capabilities. we value strong fundamentals in node.js and a collaborative mindset. minimum 3 years of experience in a similar role.","Full Stack Developer romero, gonzalez and brooks is hiring a full stack developer for our remote office. you will use node.js, express.js, responsive design, css, rest api daily and help scale our rest api capabilities. we value strong fundamentals in node.js and a collaborative mindset. minimum 3 years of experience in a similar role. Node.js Express.js Responsive Design CSS REST API",2
JOB00361,Sales Executive,Sales,Henry Group,Noida,Lead Generation; Excel; Negotiation; Cold Calling; Communication; Sales Strategy; Client Relationship Management,4-7 years,11-18,"Henry Group is hiring a Sales Executive for our Noida office. You will use Lead Generation, Excel, Negotiation, Cold Calling, Communication, Sales Strategy, Client Relationship Management daily and help scale our Communication capabilities. We value strong fundamentals in Lead Generation and a collaborative mindset. Minimum 4 years of experience in a similar role.","['Lead Generation', 'Excel', 'Negotiation', 'Cold Calling', 'Communication', 'Sales Strategy', 'Client Relationship Management']",Lead Generation Excel Negotiation Cold Calling Communication Sales Strategy Client Relationship Management,4.0,7.0,5.5,11.0,18.0,14.5,"henry group is hiring a sales executive for our noida office. you will use lead generation, excel, negotiation, cold calling, communication, sales strategy, client relationship management daily and help scale our communication capabilities. we value strong fundamentals in lead generation and a collaborative mindset. minimum 4 years of experience in a similar role.","Sales Executive henry group is hiring a sales executive for our noida office. you will use lead generation, excel, negotiation, cold calling, communication, sales strategy, client relationship management daily and help scale our communication capabilities. we value strong fundamentals in lead generation and a collaborative mindset. minimum 4 years of experience in a similar role. Lead Generation Excel Negotiation Cold Calling Communication Sales Strategy Client Relationship Management",3
JOB00074,Android Developer,Android Development,"Stanley, Tucker and Lee",Remote,SQLite; Kotlin; REST API; Material Design; Git,8-11 years,11-16,"Stanley, Tucker and Lee is hiring a Android Developer for our Remote office. You will use SQLite, Kotlin, REST API, Material Design, Git daily and help scale our Material Design capabilities. We value strong fundamentals in SQLite and a collaborative mindset. Minimum 8 years of experience in a similar role.","['SQLite', 'Kotlin', 'REST API', 'Material Design', 'Git']",SQLite Kotlin REST API Material Design Git,8.0,11.0,9.5,11.0,16.0,13.5,"stanley, tucker and lee is hiring a android developer for our remote office. you will use sqlite, kotlin, rest api, material design, git daily and help scale our material design capabilities. we value strong fundamentals in sqlite and a collaborative mindset. minimum 8 years of experience in a similar role.","Android Developer stanley, tucker and lee is hiring a android developer for our remote office. you will use sqlite, kotlin, rest api, material design, git daily and help scale our material design capabilities. we value strong fundamentals in sqlite and a collaborative mindset. minimum 8 years of experience in a similar role. SQLite Kotlin REST API Material Design Git",4
JOB00191,Cloud Engineer,DevOps Engineer,Reed Group,Remote,Monitoring; Ansible; Shell Scripting; Terraform; Linux,4-7 years,11-18,"We are looking for a Cloud Engineer to join our growing team. The ideal candidate has hands-on experience with Monitoring, Ansible, Shell Scripting, Terraform, Linux and can work independently on Ansible-driven projects. Responsibilities include collaborating with cross-functional teams, contributing to Monitoring initiatives, and driving continuous improvement. 4+ years of relevant experience required.","['Monitoring', 'Ansible', 'Shell Scripting', 'Terraform', 'Linux']",Monitoring Ansible Shell Scripting Terraform Linux,4.0,7.0,5.5,11.0,18.0,14.5,"we are looking for a cloud engineer to join our growing team. the ideal candidate has hands-on experience with monitoring, ansible, shell scripting, terraform, linux and can work independently on ansible-driven projects. responsibilities include collaborating with cross-functional teams, contributing to monitoring initiatives, and driving continuous improvement. 4+ years of relevant experience required.","Cloud Engineer we are looking for a cloud engineer to join our growing team. the ideal candidate has hands-on experience with monitoring, ansible, shell scripting, terraform, linux and can work independently on ansible-driven projects. responsibilities include collaborating with cross-functional teams, contributing to monitoring initiatives, and driving continuous improvement. 4+ years of relevant experience required. Monitoring Ansible Shell Scripting Terraform Linux",10
JOB00465,Graphic Designer,Graphic Designer,"Rosales, Mitchell and Hines",Mumbai,Branding; Creativity; InDesign; Communication; Illustrator; Figma,7-10 years,11-16,"Rosales, Mitchell and Hines is hiring a Graphic Designer for our Mumbai office. You will use Branding, Creativity, InDesign, Communication, Illustrator, Figma daily and help scale our Communication capabilities. We value strong fundamentals in InDesign and a collaborative mindset. Minimum 7 years of experience in a similar role.","['Branding', 'Creativity', 'InDesign', 'Communication', 'Illustrator', 'Figma']",Branding Creativity InDesign Communication Illustrator Figma,7.0,10.0,8.5,11.0,16.0,13.5,"rosales, mitchell and hines is hiring a graphic designer for our mumbai office. you will use branding, creativity, indesign, communication, illustrator, figma daily and help scale our communication capabilities. we value strong fundamentals in indesign and a collaborative mindset. minimum 7 years of experience in a similar role.","Graphic Designer rosales, mitchell and hines is hiring a graphic designer for our mumbai office. you will use branding, creativity, indesign, communication, illustrator, figma daily and help scale our communication capabilities. we value strong fundamentals in indesign and a collaborative mindset. minimum 7 years of experience in a similar role. Branding Creativity InDesign Communication Illustrator Figma",0
JOB00311,Digital Marketing Executive,Digital Marketing,"Beltran, Lozano and Mcgee",Pune,Email Marketing; Google Analytics; Content Marketing; Marketing Strategy; Excel; Social Media,1-4 years,4-13,"Beltran, Lozano and Mcgee is hiring a Digital Marketing Executive for our Pune office. You will use Email Marketing, Google Analytics, Content Marketing, Marketing Strategy, Excel, Social Media daily and help scale our Social Media capabilities. We value strong fundamentals in Excel and a collaborative mindset. Minimum 1 years of experience in a similar role.","['Email Marketing', 'Google Analytics', 'Content Marketing', 'Marketing Strategy', 'Excel', 'Social Media']",Email Marketing Google Analytics Content Marketing Marketing Strategy Excel Social Media,1.0,4.0,2.5,4.0,13.0,8.5,"beltran, lozano and mcgee is hiring a digital marketing executive for our pune office. you will use email marketing, google analytics, content marketing, marketing strategy, excel, social media daily and help scale our social media capabilities. we value strong fundamentals in excel and a collaborative mindset. minimum 1 years of experience in a similar role.","Digital Marketing Executive beltran, lozano and mcgee is hiring a digital marketing executive for our pune office. you will use email marketing, google analytics, content marketing, marketing strategy, excel, social media daily and help scale our social media capabilities. we value strong fundamentals in excel and a collaborative mindset. minimum 1 years of experience in a similar role. Email Marketing Google Analytics Content Marketing Marketing Strategy Excel Social Media",6
JOB00478,Graphic Designer,Graphic Designer,"Bentley, Lynch and Henderson",Delhi NCR,Illustrator; Photoshop; Creativity; Typography; Communication; InDesign; Branding; UI/UX,0-3 years,16-21,"We are looking for a Graphic Designer to join our growing team. The ideal candidate has hands-on experience with Illustrator, Photoshop, Creativity, Typography, Communication, InDesign, Branding, UI/UX and can work independently on InDesign-driven projects. Responsibilities include collaborating with cross-functional teams, contributing to Communication initiatives, and driving continuous improvement. 0+ years of relevant experience required.","['Illustrator', 'Photoshop', 'Creativity', 'Typography', 'Communication', 'InDesign', 'Branding', 'UI/UX']",Illustrator Photoshop Creativity Typography Communication InDesign Branding UI/UX,0.0,3.0,1.5,16.0,21.0,18.5,"we are looking for a graphic designer to join our growing team. the ideal candidate has hands-on experience with illustrator, photoshop, creativity, typography, communication, indesign, branding, ui/ux and can work independently on indesign-driven projects. responsibilities include collaborating with cross-functional teams, contributing to communication initiatives, and driving continuous improvement. 0+ years of relevant experience required.","Graphic Designer we are looking for a graphic designer to join our growing team. the ideal candidate has hands-on experience with illustrator, photoshop, creativity, typography, communication, indesign, branding, ui/ux and can work independently on indesign-driven projects. responsibilities include collaborating with cross-functional teams, contributing to communication initiatives, and driving continuous improvement. 0+ years of relevant experience required. Illustrator Photoshop Creativity Typography Communication InDesign Branding UI/UX",0
JOB00430,Civil Site Engineer,Civil Engineer,Ford-Spencer,Bengaluru,Revit; Surveying; Structural Analysis; Cost Estimation,5-8 years,9-16,"Ford-Spencer is hiring a Civil Site Engineer for our Bengaluru office. You will use Revit, Surveying, Structural Analysis, Cost Estimation daily and help scale our Surveying capabilities. We value strong fundamentals in Cost Estimation and a collaborative mindset. Minimum 5 years of experience in a similar role.","['Revit', 'Surveying', 'Structural Analysis', 'Cost Estimation']",Revit Surveying Structural Analysis Cost Estimation,5.0,8.0,6.5,9.0,16.0,12.5,"ford-spencer is hiring a civil site engineer for our bengaluru office. you will use revit, surveying, structural analysis, cost estimation daily and help scale our surveying capabilities. we value strong fundamentals in cost estimation and a collaborative mindset. minimum 5 years of experience in a similar role.","Civil Site Engineer ford-spencer is hiring a civil site engineer for our bengaluru office. you will use revit, surveying, structural analysis, cost estimation daily and help scale our surveying capabilities. we value strong fundamentals in cost estimation and a collaborative mindset. minimum 5 years of experience in a similar role. Revit Surveying Structural Analysis Cost Estimation",11
JOB00199,DevOps Engineer,DevOps Engineer,Ramirez Group,Chennai,Docker; Git; Linux; Terraform; Shell Scripting,2-5 years,15-24,"Exciting opportunity for a DevOps Engineer at Ramirez Group. Must be proficient in Docker, Git, Linux, Terraform, Shell Scripting, with practical exposure to Git and Docker. You'll work in an agile environment solving real business problems. 2+ years experience preferred.","['Docker', 'Git', 'Linux', 'Terraform', 'Shell Scripting']",Docker Git Linux Terraform Shell Scripting,2.0,5.0,3.5,15.0,24.0,19.5,"exciting opportunity for a devops engineer at ramirez group. must be proficient in docker, git, linux, terraform, shell scripting, with practical exposure to git and docker. you'll work in an agile environment solving real business problems. 2+ years experience preferred.","DevOps Engineer exciting opportunity for a devops engineer at ramirez group. must be proficient in docker, git, linux, terraform, shell scripting, with practical exposure to git and docker. you'll work in an agile environment solving real business problems. 2+ years experience preferred. Docker Git Linux Terraform Shell Scripting",10
JOB00316,Talent Acquisition Specialist,HR,"Lucas, Parker and Alexander",Mumbai,Payroll; Employee Engagement; Onboarding; HRIS; Excel; Recruitment,7-10 years,16-18,"Exciting opportunity for a Talent Acquisition Specialist at Lucas, Parker and Alexander. Must be proficient in Payroll, Employee Engagement, Onboarding, HRIS, Excel, Recruitment, with practical exposure to Recruitment and Payroll. You'll work in an agile environment solving real business problems. 7+ years experience preferred.","['Payroll', 'Employee Engagement', 'Onboarding', 'HRIS', 'Excel', 'Recruitment']",Payroll Employee Engagement Onboarding HRIS Excel Recruitment,7.0,10.0,8.5,16.0,18.0,17.0,"exciting opportunity for a talent acquisition specialist at lucas, parker and alexander. must be proficient in payroll, employee engagement, onboarding, hris, excel, recruitment, with practical exposure to recruitment and payroll. you'll work in an agile environment solving real business problems. 7+ years experience preferred.","Talent Acquisition Specialist exciting opportunity for a talent acquisition specialist at lucas, parker and alexander. must be proficient in payroll, employee engagement, onboarding, hris, excel, recruitment, with practical exposure to recruitment and payroll. you'll work in an agile environment solving real business problems. 7+ years experience preferred. Payroll Employee Engagement Onboarding HRIS Excel Recruitment",1
JOB00260,Business Analyst,Business Analyst,Dean-Jimenez,Chennai,Agile; Requirements Gathering; Data Visualization; Communication; Power BI; Stakeholder Management; Excel,3-6 years,20-24,"Exciting opportunity for a Business Analyst at Dean-Jimenez. Must be proficient in Agile, Requirements Gathering, Data Visualization, Communication, Power BI, Stakeholder Management, Excel, with practical exposure to Agile and Requirements Gathering. You'll work in an agile environment solving real business problems. 3+ years experience preferred.","['Agile', 'Requirements Gathering', 'Data Visualization', 'Communication', 'Power BI', 'Stakeholder Management', 'Excel']",Agile Requirements Gathering Data Visualization Communication Power BI Stakeholder Management Excel,3.0,6.0,4.5,20.0,24.0,22.0,"exciting opportunity for a business analyst at dean-jimenez. must be proficient in agile, requirements gathering, data visualization, communication, power bi, stakeholder management, excel, with practical exposure to agile and requirements gathering. you'll work in an agile environment solving real business problems. 3+ years experience preferred.","Business Analyst exciting opportunity for a business analyst at dean-jimenez. must be proficient in agile, requirements gathering, data visualization, communication, power bi, stakeholder management, excel, with practical exposure to agile and requirements gathering. you'll work in an agile environment solving real business problems. 3+ years experience preferred. Agile Requirements Gathering Data Visualization Communication Power BI Stakeholder Management Excel",9
JOB00256,Product Analyst,Business Analyst,"Johnson, Miller and King",Kolkata,SQL; Tableau; Agile; Requirements Gathering,7-10 years,9-19,"We are looking for a Product Analyst to join our growing team. The ideal candidate has hands-on experience with SQL, Tableau, Agile, Requirements Gathering and can work independently on Requirements Gathering-driven projects. Responsibilities include collaborating with cross-functional teams, contributing to Agile initiatives, and driving continuous improvement. 7+ years of relevant experience required.","['SQL', 'Tableau', 'Agile', 'Requirements Gathering']",SQL Tableau Agile Requirements Gathering,7.0,10.0,8.5,9.0,19.0,14.0,"we are looking for a product analyst to join our growing team. the ideal candidate has hands-on experience with sql, tableau, agile, requirements gathering and can work independently on requirements gathering-driven projects. responsibilities include collaborating with cross-functional teams, contributing to agile initiatives, and driving continuous improvement. 7+ years of relevant experience required.","Product Analyst we are looking for a product analyst to join our growing team. the ideal candidate has hands-on experience with sql, tableau, agile, requirements gathering and can work independently on requirements gathering-driven projects. responsibilities include collaborating with cross-functional teams, contributing to agile initiatives, and driving continuous improvement. 7+ years of relevant experience required. SQL Tableau Agile Requirements Gathering",9
JOB00011,Data Analyst,Data Science,Blair PLC,Remote,Statistics; Data Visualization; Excel; Pandas; SQL; A/B Testing; Tableau,0-3 years,7-10,"We are looking for a Data Analyst to join our growing team. The ideal candidate has hands-on experience with Statistics, Data Visualization, Excel, Pandas, SQL, A/B Testing, Tableau and can work independently on Excel-driven projects. Responsibilities include collaborating with cross-functional teams, contributing to SQL initiatives, and driving continuous improvement. 0+ years of relevant experience required.","['Statistics', 'Data Visualization', 'Excel', 'Pandas', 'SQL', 'A/B Testing', 'Tableau']",Statistics Data Visualization Excel Pandas SQL A/B Testing Tableau,0.0,3.0,1.5,7.0,10.0,8.5,"we are looking for a data analyst to join our growing team. the ideal candidate has hands-on experience with statistics, data visualization, excel, pandas, sql, a/b testing, tableau and can work independently on excel-driven projects. responsibilities include collaborating with cross-functional teams, contributing to sql initiatives, and driving continuous improvement. 0+ years of relevant experience required.","Data Analyst we are looking for a data analyst to join our growing team. the ideal candidate has hands-on experience with statistics, data visualization, excel, pandas, sql, a/b testing, tableau and can work independently on excel-driven projects. responsibilities include collaborating with cross-functional teams, contributing to sql initiatives, and driving continuous improvement. 0+ years of relevant experience required. Statistics Data Visualization Excel Pandas SQL A/B Testing Tableau",13
JOB00517,Wellness Coach,Health and Fitness,Reyes-Bradley,Chennai,Nutrition Planning; Program Design; First Aid; Client Assessment; Communication; CPR Certified,4-7 years,11-18,"Exciting opportunity for a Wellness Coach at Reyes-Bradley. Must be proficient in Nutrition Planning, Program Design, First Aid, Client Assessment, Communication, CPR Certified, with practical exposure to First Aid and Communication. You'll work in an agile environment solving real business problems. 4+ years experience preferred.","['Nutrition Planning', 'Program Design', 'First Aid', 'Client Assessment', 'Communication', 'CPR Certified']",Nutrition Planning Program Design First Aid Client Assessment Communication CPR Certified,4.0,7.0,5.5,11.0,18.0,14.5,"exciting opportunity for a wellness coach at reyes-bradley. must be proficient in nutrition planning, program design, first aid, client assessment, communication, cpr certified, with practical exposure to first aid and communication. you'll work in an agile environment solving real business problems. 4+ years experience preferred.","Wellness Coach exciting opportunity for a wellness coach at reyes-bradley. must be proficient in nutrition planning, program design, first aid, client assessment, communication, cpr certified, with practical exposure to first aid and communication. you'll work in an agile environment solving real business problems. 4+ years experience preferred. Nutrition Planning Program Design First Aid Client Assessment Communication CPR Certified",5
JOB00521,Wellness Coach,Health and Fitness,Johnson and Sons,Hyderabad,First Aid; CPR Certified; Client Assessment; Program Design; Communication,5-8 years,7-15,"Johnson and Sons is hiring a Wellness Coach for our Hyderabad office. You will use First Aid, CPR Certified, Client Assessment, Program Design, Communication daily and help scale our Communication capabilities. We value strong fundamentals in First Aid and a collaborative mindset. Minimum 5 years of experience in a similar role.","['First Aid', 'CPR Certified', 'Client Assessment', 'Program Design', 'Communication']",First Aid CPR Certified Client Assessment Program Design Communication,5.0,8.0,6.5,7.0,15.0,11.0,"johnson and sons is hiring a wellness coach for our hyderabad office. you will use first aid, cpr certified, client assessment, program design, communication daily and help scale our communication capabilities. we value strong fundamentals in first aid and a collaborative mindset. minimum 5 years of experience in a similar role.","Wellness Coach johnson and sons is hiring a wellness coach for our hyderabad office. you will use first aid, cpr certified, client assessment, program design, communication daily and help scale our communication capabilities. we value strong fundamentals in first aid and a collaborative mindset. minimum 5 years of experience in a similar role. First Aid CPR Certified Client Assessment Program Design Communication",5
JOB00269,Product Analyst,Business Analyst,Hicks-Hill,Remote,Tableau; Power BI; Data Visualization; Process Improvement,7-10 years,12-22,"Hicks-Hill is hiring a Product Analyst for our Remote office. You will use Tableau, Power BI, Data Visualization, Process Improvement daily and help scale our Power BI capabilities. We value strong fundamentals in Tableau and a collaborative mindset. Minimum 7 years of experience in a similar role.","['Tableau', 'Power BI', 'Data Visualization', 'Process Improvement']",Tableau Power BI Data Visualization Process Improvement,7.0,10.0,8.5,12.0,22.0,17.0,"hicks-hill is hiring a product analyst for our remote office. you will use tableau, power bi, data visualization, process improvement daily and help scale our power bi capabilities. we value strong fundamentals in tableau and a collaborative mindset. minimum 7 years of experience in a similar role.","Product Analyst hicks-hill is hiring a product analyst for our remote office. you will use tableau, power bi, data visualization, process improvement daily and help scale our power bi capabilities. we value strong fundamentals in tableau and a collaborative mindset. minimum 7 years of experience in a similar role. Tableau Power BI Data Visualization Process Improvement",9
JOB00449,Civil Site Engineer,Civil Engineer,Lee-Cooke,Ahmedabad,Construction Management; Project Management; AutoCAD; Revit; Cost Estimation; Structural Analysis; Surveying,5-8 years,4-10,"We are looking for a Civil Site Engineer to join our growing team. The ideal candidate has hands-on experience with Construction Management, Project Management, AutoCAD, Revit, Cost Estimation, Structural Analysis, Surveying and can work independently on Project Management-driven projects. Responsibilities include collaborating with cross-functional teams, contributing to Cost Estimation initiatives, and driving continuous improvement. 5+ years of relevant experience required.","['Construction Management', 'Project Management', 'AutoCAD', 'Revit', 'Cost Estimation', 'Structural Analysis', 'Surveying']",Construction Management Project Management AutoCAD Revit Cost Estimation Structural Analysis Surveying,5.0,8.0,6.5,4.0,10.0,7.0,"we are looking for a civil site engineer to join our growing team. the ideal candidate has hands-on experience with construction management, project management, autocad, revit, cost estimation, structural analysis, surveying and can work independently on project management-driven projects. responsibilities include collaborating with cross-functional teams, contributing to cost estimation initiatives, and driving continuous improvement. 5+ years of relevant experience required.","Civil Site Engineer we are looking for a civil site engineer to join our growing team. the ideal candidate has hands-on experience with construction management, project management, autocad, revit, cost estimation, structural analysis, surveying and can work independently on project management-driven projects. responsibilities include collaborating with cross-functional teams, contributing to cost estimation initiatives, and driving continuous improvement. 5+ years of relevant experience required. Construction Management Project Management AutoCAD Revit Cost Estimation Structural Analysis Surveying",11
JOB00405,Mechanical Design Engineer,Mechanical Engineer,Graham Group,Pune,Six Sigma; MATLAB; SolidWorks; Project Management; AutoCAD,4-7 years,17-27,"Graham Group is hiring a Mechanical Design Engineer for our Pune office. You will use Six Sigma, MATLAB, SolidWorks, Project Management, AutoCAD daily and help scale our AutoCAD capabilities. We value strong fundamentals in Project Management and a collaborative mindset. Minimum 4 years of experience in a similar role.","['Six Sigma', 'MATLAB', 'SolidWorks', 'Project Management', 'AutoCAD']",Six Sigma MATLAB SolidWorks Project Management AutoCAD,4.0,7.0,5.5,17.0,27.0,22.0,"graham group is hiring a mechanical design engineer for our pune office. you will use six sigma, matlab, solidworks, project management, autocad daily and help scale our autocad capabilities. we value strong fundamentals in project management and a collaborative mindset. minimum 4 years of experience in a similar role.","Mechanical Design Engineer graham group is hiring a mechanical design engineer for our pune office. you will use six sigma, matlab, solidworks, project management, autocad daily and help scale our autocad capabilities. we value strong fundamentals in project management and a collaborative mindset. minimum 4 years of experience in a similar role. Six Sigma MATLAB SolidWorks Project Management AutoCAD",8
JOB00224,Network Security Engineer,Network Security Engineer,Wilson-Jones,Pune,Penetration Testing; IDS/IPS; Cryptography; Risk Assessment; Vulnerability Assessment; Network Protocols,8-11 years,13-18,"Wilson-Jones is hiring a Network Security Engineer for our Pune office. You will use Penetration Testing, IDS/IPS, Cryptography, Risk Assessment, Vulnerability Assessment, Network Protocols daily and help scale our Cryptography capabilities. We value strong fundamentals in Risk Assessment and a collaborative mindset. Minimum 8 years of experience in a similar role.","['Penetration Testing', 'IDS/IPS', 'Cryptography', 'Risk Assessment', 'Vulnerability Assessment', 'Network Protocols']",Penetration Testing IDS/IPS Cryptography Risk Assessment Vulnerability Assessment Network Protocols,8.0,11.0,9.5,13.0,18.0,15.5,"wilson-jones is hiring a network security engineer for our pune office. you will use penetration testing, ids/ips, cryptography, risk assessment, vulnerability assessment, network protocols daily and help scale our cryptography capabilities. we value strong fundamentals in risk assessment and a collaborative mindset. minimum 8 years of experience in a similar role.","Network Security Engineer wilson-jones is hiring a network security engineer for our pune office. you will use penetration testing, ids/ips, cryptography, risk assessment, vulnerability assessment, network protocols daily and help scale our cryptography capabilities. we value strong fundamentals in risk assessment and a collaborative mindset. minimum 8 years of experience in a similar role. Penetration Testing IDS/IPS Cryptography Risk Assessment Vulnerability Assessment Network Protocols",14
JOB00252,Business Analyst,Business Analyst,"Graham, Olsen and Costa",Delhi NCR,Tableau; SQL; Requirements Gathering; Agile; Communication; Power BI; Data Visualization,1-4 years,11-20,"Graham, Olsen and Costa is hiring a Business Analyst for our Delhi NCR office. You will use Tableau, SQL, Requirements Gathering, Agile, Communication, Power BI, Data Visualization daily and help scale our Requirements Gathering capabilities. We value strong fundamentals in Power BI and a collaborative mindset. Minimum 1 years of experience in a similar role.","['Tableau', 'SQL', 'Requirements Gathering', 'Agile', 'Communication', 'Power BI', 'Data Visualization']",Tableau SQL Requirements Gathering Agile Communication Power BI Data Visualization,1.0,4.0,2.5,11.0,20.0,15.5,"graham, olsen and costa is hiring a business analyst for our delhi ncr office. you will use tableau, sql, requirements gathering, agile, communication, power bi, data visualization daily and help scale our requirements gathering capabilities. we value strong fundamentals in power bi and a collaborative mindset. minimum 1 years of experience in a similar role.","Business Analyst graham, olsen and costa is hiring a business analyst for our delhi ncr office. you will use tableau, sql, requirements gathering, agile, communication, power bi, data visualization daily and help scale our requirements gathering capabilities. we value strong fundamentals in power bi and a collaborative mindset. minimum 1 years of experience in a similar role. Tableau SQL Requirements Gathering Agile Communication Power BI Data Visualization",9
JOB00345,Talent Acquisition Specialist,HR,"Harper, Smith and Buchanan",Mumbai,Conflict Resolution; Performance Management; Onboarding; HRIS; Communication,0-3 years,11-15,"We are looking for a Talent Acquisition Specialist to join our growing team. The ideal candidate has hands-on experience with Conflict Resolution, Performance Management, Onboarding, HRIS, Communication and can work independently on Performance Management-driven projects. Responsibilities include collaborating with cross-functional teams, contributing to Onboarding initiatives, and driving continuous improvement. 0+ years of relevant experience required.","['Conflict Resolution', 'Performance Management', 'Onboarding', 'HRIS', 'Communication']",Conflict Resolution Performance Management Onboarding HRIS Communication,0.0,3.0,1.5,11.0,15.0,13.0,"we are looking for a talent acquisition specialist to join our growing team. the ideal candidate has hands-on experience with conflict resolution, performance management, onboarding, hris, communication and can work independently on performance management-driven projects. responsibilities include collaborating with cross-functional teams, contributing to onboarding initiatives, and driving continuous improvement. 0+ years of relevant experience required.","Talent Acquisition Specialist we are looking for a talent acquisition specialist to join our growing team. the ideal candidate has hands-on experience with conflict resolution, performance management, onboarding, hris, communication and can work independently on performance management-driven projects. responsibilities include collaborating with cross-functional teams, contributing to onboarding initiatives, and driving continuous improvement. 0+ years of relevant experience required. Conflict Resolution Performance Management Onboarding HRIS Communication",1
JOB00452,Civil Site Engineer,Civil Engineer,Stanley PLC,Mumbai,AutoCAD; Structural Analysis; Project Management; Cost Estimation; Construction Management,3-6 years,14-17,"Exciting opportunity for a Civil Site Engineer at Stanley PLC. Must be proficient in AutoCAD, Structural Analysis, Project Management, Cost Estimation, Construction Management, with practical exposure to AutoCAD and Construction Management. You'll work in an agile environment solving real business problems. 3+ years experience preferred.","['AutoCAD', 'Structural Analysis', 'Project Management', 'Cost Estimation', 'Construction Management']",AutoCAD Structural Analysis Project Management Cost Estimation Construction Management,3.0,6.0,4.5,14.0,17.0,15.5,"exciting opportunity for a civil site engineer at stanley plc. must be proficient in autocad, structural analysis, project management, cost estimation, construction management, with practical exposure to autocad and construction management. you'll work in an agile environment solving real business problems. 3+ years experience preferred.","Civil Site Engineer exciting opportunity for a civil site engineer at stanley plc. must be proficient in autocad, structural analysis, project management, cost estimation, construction management, with practical exposure to autocad and construction management. you'll work in an agile environment solving real business problems. 3+ years experience preferred. AutoCAD Structural Analysis Project Management Cost Estimation Construction Management",11
JOB00106,Senior Java Developer,Java Developer,Nolan and Sons,Hyderabad,SQL; Maven; Microservices; Hibernate; JUnit; Git,6-9 years,18-22,"Nolan and Sons is hiring a Senior Java Developer for our Hyderabad office. You will use SQL, Maven, Microservices, Hibernate, JUnit, Git daily and help scale our Microservices capabilities. We value strong fundamentals in SQL and a collaborative mindset. Minimum 6 years of experience in a similar role.","['SQL', 'Maven', 'Microservices', 'Hibernate', 'JUnit', 'Git']",SQL Maven Microservices Hibernate JUnit Git,6.0,9.0,7.5,18.0,22.0,20.0,"nolan and sons is hiring a senior java developer for our hyderabad office. you will use sql, maven, microservices, hibernate, junit, git daily and help scale our microservices capabilities. we value strong fundamentals in sql and a collaborative mindset. minimum 6 years of experience in a similar role.","Senior Java Developer nolan and sons is hiring a senior java developer for our hyderabad office. you will use sql, maven, microservices, hibernate, junit, git daily and help scale our microservices capabilities. we value strong fundamentals in sql and a collaborative mindset. minimum 6 years of experience in a similar role. SQL Maven Microservices Hibernate JUnit Git",12
JOB00140,Backend Java Engineer,Java Developer,Chambers and Sons,Noida,Git; Hibernate; Spring Boot; Maven; Java,0-3 years,8-18,"Chambers and Sons is hiring a Backend Java Engineer for our Noida office. You will use Git, Hibernate, Spring Boot, Maven, Java daily and help scale our Hibernate capabilities. We value strong fundamentals in Java and a collaborative mindset. Minimum 0 years of experience in a similar role.","['Git', 'Hibernate', 'Spring Boot', 'Maven', 'Java']",Git Hibernate Spring Boot Maven Java,0.0,3.0,1.5,8.0,18.0,13.0,"chambers and sons is hiring a backend java engineer for our noida office. you will use git, hibernate, spring boot, maven, java daily and help scale our hibernate capabilities. we value strong fundamentals in java and a collaborative mindset. minimum 0 years of experience in a similar role.","Backend Java Engineer chambers and sons is hiring a backend java engineer for our noida office. you will use git, hibernate, spring boot, maven, java daily and help scale our hibernate capabilities. we value strong fundamentals in java and a collaborative mindset. minimum 0 years of experience in a similar role. Git Hibernate Spring Boot Maven Java",12
JOB00392,Manufacturing Engineer,Mechanical Engineer,Ware and Sons,Delhi NCR,Six Sigma; SolidWorks; MATLAB; Manufacturing; Thermodynamics; AutoCAD; Project Management; Quality Control,1-4 years,7-16,"Ware and Sons is hiring a Manufacturing Engineer for our Delhi NCR office. You will use Six Sigma, SolidWorks, MATLAB, Manufacturing, Thermodynamics, AutoCAD, Project Management, Quality Control daily and help scale our Six Sigma capabilities. We value strong fundamentals in Manufacturing and a collaborative mindset. Minimum 1 years of experience in a similar role.","['Six Sigma', 'SolidWorks', 'MATLAB', 'Manufacturing', 'Thermodynamics', 'AutoCAD', 'Project Management', 'Quality Control']",Six Sigma SolidWorks MATLAB Manufacturing Thermodynamics AutoCAD Project Management Quality Control,1.0,4.0,2.5,7.0,16.0,11.5,"ware and sons is hiring a manufacturing engineer for our delhi ncr office. you will use six sigma, solidworks, matlab, manufacturing, thermodynamics, autocad, project management, quality control daily and help scale our six sigma capabilities. we value strong fundamentals in manufacturing and a collaborative mindset. minimum 1 years of experience in a similar role.","Manufacturing Engineer ware and sons is hiring a manufacturing engineer for our delhi ncr office. you will use six sigma, solidworks, matlab, manufacturing, thermodynamics, autocad, project management, quality control daily and help scale our six sigma capabilities. we value strong fundamentals in manufacturing and a collaborative mindset. minimum 1 years of experience in a similar role. Six Sigma SolidWorks MATLAB Manufacturing Thermodynamics AutoCAD Project Management Quality Control",8
JOB00278,Business Analyst,Business Analyst,Gibson-Morris,Chennai,Power BI; SQL; Requirements Gathering; Agile; Stakeholder Management; Data Visualization,7-10 years,16-23,"Gibson-Morris is hiring a Business Analyst for our Chennai office. You will use Power BI, SQL, Requirements Gathering, Agile, Stakeholder Management, Data Visualization daily and help scale our Agile capabilities. We value strong fundamentals in Power BI and a collaborative mindset. Minimum 7 years of experience in a similar role.","['Power BI', 'SQL', 'Requirements Gathering', 'Agile', 'Stakeholder Management', 'Data Visualization']",Power BI SQL Requirements Gathering Agile Stakeholder Management Data Visualization,7.0,10.0,8.5,16.0,23.0,19.5,"gibson-morris is hiring a business analyst for our chennai office. you will use power bi, sql, requirements gathering, agile, stakeholder management, data visualization daily and help scale our agile capabilities. we value strong fundamentals in power bi and a collaborative mindset. minimum 7 years of experience in a similar role.","Business Analyst gibson-morris is hiring a business analyst for our chennai office. you will use power bi, sql, requirements gathering, agile, stakeholder management, data visualization daily and help scale our agile capabilities. we value strong fundamentals in power bi and a collaborative mindset. minimum 7 years of experience in a similar role. Power BI SQL Requirements Gathering Agile Stakeholder Management Data Visualization",9
JOB00012,Machine Learning Engineer,Data Science,Dudley Group,Ahmedabad,Tableau; Pandas; Excel; Scikit-learn,2-5 years,18-22,"Dudley Group is hiring a Machine Learning Engineer for our Ahmedabad office. You will use Tableau, Pandas, Excel, Scikit-learn daily and help scale our Excel capabilities. We value strong fundamentals in Pandas and a collaborative mindset. Minimum 2 years of experience in a similar role.","['Tableau', 'Pandas', 'Excel', 'Scikit-learn']",Tableau Pandas Excel Scikit-learn,2.0,5.0,3.5,18.0,22.0,20.0,"dudley group is hiring a machine learning engineer for our ahmedabad office. you will use tableau, pandas, excel, scikit-learn daily and help scale our excel capabilities. we value strong fundamentals in pandas and a collaborative mindset. minimum 2 years of experience in a similar role.","Machine Learning Engineer dudley group is hiring a machine learning engineer for our ahmedabad office. you will use tableau, pandas, excel, scikit-learn daily and help scale our excel capabilities. we value strong fundamentals in pandas and a collaborative mindset. minimum 2 years of experience in a similar role. Tableau Pandas Excel Scikit-learn",13
JOB00195,Cloud Engineer,DevOps Engineer,"Hernandez, Thompson and Boyd",Ahmedabad,Linux; CI/CD; Jenkins; Monitoring; Git; Kubernetes; Ansible,4-7 years,7-9,"Hernandez, Thompson and Boyd is hiring a Cloud Engineer for our Ahmedabad office. You will use Linux, CI/CD, Jenkins, Monitoring, Git, Kubernetes, Ansible daily and help scale our Monitoring capabilities. We value strong fundamentals in Git and a collaborative mindset. Minimum 4 years of experience in a similar role.","['Linux', 'CI/CD', 'Jenkins', 'Monitoring', 'Git', 'Kubernetes', 'Ansible']",Linux CI/CD Jenkins Monitoring Git Kubernetes Ansible,4.0,7.0,5.5,7.0,9.0,8.0,"hernandez, thompson and boyd is hiring a cloud engineer for our ahmedabad office. you will use linux, ci/cd, jenkins, monitoring, git, kubernetes, ansible daily and help scale our monitoring capabilities. we value strong fundamentals in git and a collaborative mindset. minimum 4 years of experience in a similar role.","Cloud Engineer hernandez, thompson and boyd is hiring a cloud engineer for our ahmedabad office. you will use linux, ci/cd, jenkins, monitoring, git, kubernetes, ansible daily and help scale our monitoring capabilities. we value strong fundamentals in git and a collaborative mindset. minimum 4 years of experience in a similar role. Linux CI/CD Jenkins Monitoring Git Kubernetes Ansible",10
JOB00385,Account Manager,Sales,"Farmer, Dorsey and Bell",Ahmedabad,Negotiation; Client Relationship Management; CRM; Cold Calling; Excel; Communication; Sales Strategy,1-4 years,13-22,"Farmer, Dorsey and Bell is hiring a Account Manager for our Ahmedabad office. You will use Negotiation, Client Relationship Management, CRM, Cold Calling, Excel, Communication, Sales Strategy daily and help scale our CRM capabilities. We value strong fundamentals in Client Relationship Management and a collaborative mindset. Minimum 1 years of experience in a similar role.","['Negotiation', 'Client Relationship Management', 'CRM', 'Cold Calling', 'Excel', 'Communication', 'Sales Strategy']",Negotiation Client Relationship Management CRM Cold Calling Excel Communication Sales Strategy,1.0,4.0,2.5,13.0,22.0,17.5,"farmer, dorsey and bell is hiring a account manager for our ahmedabad office. you will use negotiation, client relationship management, crm, cold calling, excel, communication, sales strategy daily and help scale our crm capabilities. we value strong fundamentals in client relationship management and a collaborative mindset. minimum 1 years of experience in a similar role.","Account Manager farmer, dorsey and bell is hiring a account manager for our ahmedabad office. you will use negotiation, client relationship management, crm, cold calling, excel, communication, sales strategy daily and help scale our crm capabilities. we value strong fundamentals in client relationship management and a collaborative mindset. minimum 1 years of experience in a similar role. Negotiation Client Relationship Management CRM Cold Calling Excel Communication Sales Strategy",3
JOB00315,Digital Marketing Executive,Digital Marketing,"Becker, Taylor and Davis",Kolkata,Email Marketing; Excel; Google Analytics; Content Marketing; Social Media,2-5 years,19-21,"Becker, Taylor and Davis is hiring a Digital Marketing Executive for our Kolkata office. You will use Email Marketing, Excel, Google Analytics, Content Marketing, Social Media daily and help scale our Google Analytics capabilities. We value strong fundamentals in Social Media and a collaborative mindset. Minimum 2 years of experience in a similar role.","['Email Marketing', 'Excel', 'Google Analytics', 'Content Marketing', 'Social Media']",Email Marketing Excel Google Analytics Content Marketing Social Media,2.0,5.0,3.5,19.0,21.0,20.0,"becker, taylor and davis is hiring a digital marketing executive for our kolkata office. you will use email marketing, excel, google analytics, content marketing, social media daily and help scale our google analytics capabilities. we value strong fundamentals in social media and a collaborative mindset. minimum 2 years of experience in a similar role.","Digital Marketing Executive becker, taylor and davis is hiring a digital marketing executive for our kolkata office. you will use email marketing, excel, google analytics, content marketing, social media daily and help scale our google analytics capabilities. we value strong fundamentals in social media and a collaborative mindset. minimum 2 years of experience in a similar role. Email Marketing Excel Google Analytics Content Marketing Social Media",6
JOB00436,Structural Engineer,Civil Engineer,Cox LLC,Bengaluru,Revit; Cost Estimation; Structural Analysis; Construction Management; Surveying; AutoCAD,5-8 years,18-26,"We are looking for a Structural Engineer to join our growing team. The ideal candidate has hands-on experience with Revit, Cost Estimation, Structural Analysis, Construction Management, Surveying, AutoCAD and can work independently on Structural Analysis-driven projects. Responsibilities include collaborating with cross-functional teams, contributing to Cost Estimation initiatives, and driving continuous improvement. 5+ years of relevant experience required.","['Revit', 'Cost Estimation', 'Structural Analysis', 'Construction Management', 'Surveying', 'AutoCAD']",Revit Cost Estimation Structural Analysis Construction Management Surveying AutoCAD,5.0,8.0,6.5,18.0,26.0,22.0,"we are looking for a structural engineer to join our growing team. the ideal candidate has hands-on experience with revit, cost estimation, structural analysis, construction management, surveying, autocad and can work independently on structural analysis-driven projects. responsibilities include collaborating with cross-functional teams, contributing to cost estimation initiatives, and driving continuous improvement. 5+ years of relevant experience required.","Structural Engineer we are looking for a structural engineer to join our growing team. the ideal candidate has hands-on experience with revit, cost estimation, structural analysis, construction management, surveying, autocad and can work independently on structural analysis-driven projects. responsibilities include collaborating with cross-functional teams, contributing to cost estimation initiatives, and driving continuous improvement. 5+ years of relevant experience required. Revit Cost Estimation Structural Analysis Construction Management Surveying AutoCAD",11
JOB00197,Cloud Engineer,DevOps Engineer,Marshall-Petersen,Delhi NCR,Linux; Kubernetes; CI/CD; Jenkins; Ansible; Monitoring; Terraform,3-6 years,13-15,"Exciting opportunity for a Cloud Engineer at Marshall-Petersen. Must be proficient in Linux, Kubernetes, CI/CD, Jenkins, Ansible, Monitoring, Terraform, with practical exposure to CI/CD and Monitoring. You'll work in an agile environment solving real business problems. 3+ years experience preferred.","['Linux', 'Kubernetes', 'CI/CD', 'Jenkins', 'Ansible', 'Monitoring', 'Terraform']",Linux Kubernetes CI/CD Jenkins Ansible Monitoring Terraform,3.0,6.0,4.5,13.0,15.0,14.0,"exciting opportunity for a cloud engineer at marshall-petersen. must be proficient in linux, kubernetes, ci/cd, jenkins, ansible, monitoring, terraform, with practical exposure to ci/cd and monitoring. you'll work in an agile environment solving real business problems. 3+ years experience preferred.","Cloud Engineer exciting opportunity for a cloud engineer at marshall-petersen. must be proficient in linux, kubernetes, ci/cd, jenkins, ansible, monitoring, terraform, with practical exposure to ci/cd and monitoring. you'll work in an agile environment solving real business problems. 3+ years experience preferred. Linux Kubernetes CI/CD Jenkins Ansible Monitoring Terraform",10
JOB00455,Civil Site Engineer,Civil Engineer,"Lamb, Martin and Kim",Hyderabad,Cost Estimation; Structural Analysis; Construction Management; Revit; Surveying; Project Management; AutoCAD,7-10 years,12-16,"We are looking for a Civil Site Engineer to join our growing team. The ideal candidate has hands-on experience with Cost Estimation, Structural Analysis, Construction Management, Revit, Surveying, Project Management, AutoCAD and can work independently on Cost Estimation-driven projects. Responsibilities include collaborating with cross-functional teams, contributing to Structural Analysis initiatives, and driving continuous improvement. 7+ years of relevant experience required.","['Cost Estimation', 'Structural Analysis', 'Construction Management', 'Revit', 'Surveying', 'Project Management', 'AutoCAD']",Cost Estimation Structural Analysis Construction Management Revit Surveying Project Management AutoCAD,7.0,10.0,8.5,12.0,16.0,14.0,"we are looking for a civil site engineer to join our growing team. the ideal candidate has hands-on experience with cost estimation, structural analysis, construction management, revit, surveying, project management, autocad and can work independently on cost estimation-driven projects. responsibilities include collaborating with cross-functional teams, contributing to structural analysis initiatives, and driving continuous improvement. 7+ years of relevant experience required.","Civil Site Engineer we are looking for a civil site engineer to join our growing team. the ideal candidate has hands-on experience with cost estimation, structural analysis, construction management, revit, surveying, project management, autocad and can work independently on cost estimation-driven projects. responsibilities include collaborating with cross-functional teams, contributing to structural analysis initiatives, and driving continuous improvement. 7+ years of relevant experience required. Cost Estimation Structural Analysis Construction Management Revit Surveying Project Management AutoCAD",11
JOB00379,Account Manager,Sales,Moore Group,Remote,Excel; Cold Calling; Client Relationship Management; Lead Generation; Negotiation,7-10 years,11-21,"We are looking for a Account Manager to join our growing team. The ideal candidate has hands-on experience with Excel, Cold Calling, Client Relationship Management, Lead Generation, Negotiation and can work independently on Negotiation-driven projects. Responsibilities include collaborating with cross-functional teams, contributing to Cold Calling initiatives, and driving continuous improvement. 7+ years of relevant experience required.","['Excel', 'Cold Calling', 'Client Relationship Management', 'Lead Generation', 'Negotiation']",Excel Cold Calling Client Relationship Management Lead Generation Negotiation,7.0,10.0,8.5,11.0,21.0,16.0,"we are looking for a account manager to join our growing team. the ideal candidate has hands-on experience with excel, cold calling, client relationship management, lead generation, negotiation and can work independently on negotiation-driven projects. responsibilities include collaborating with cross-functional teams, contributing to cold calling initiatives, and driving continuous improvement. 7+ years of relevant experience required.","Account Manager we are looking for a account manager to join our growing team. the ideal candidate has hands-on experience with excel, cold calling, client relationship management, lead generation, negotiation and can work independently on negotiation-driven projects. responsibilities include collaborating with cross-functional teams, contributing to cold calling initiatives, and driving continuous improvement. 7+ years of relevant experience required. Excel Cold Calling Client Relationship Management Lead Generation Negotiation",3
JOB00077,Android Developer,Android Development,"Woods, Calhoun and Schmidt",Delhi NCR,Firebase; Jetpack Compose; REST API; Java; Android SDK; Material Design; SQLite,1-4 years,15-19,"Exciting opportunity for a Android Developer at Woods, Calhoun and Schmidt. Must be proficient in Firebase, Jetpack Compose, REST API, Java, Android SDK, Material Design, SQLite, with practical exposure to Material Design and Firebase. You'll work in an agile environment solving real business problems. 1+ years experience preferred.","['Firebase', 'Jetpack Compose', 'REST API', 'Java', 'Android SDK', 'Material Design', 'SQLite']",Firebase Jetpack Compose REST API Java Android SDK Material Design SQLite,1.0,4.0,2.5,15.0,19.0,17.0,"exciting opportunity for a android developer at woods, calhoun and schmidt. must be proficient in firebase, jetpack compose, rest api, java, android sdk, material design, sqlite, with practical exposure to material design and firebase. you'll work in an agile environment solving real business problems. 1+ years experience preferred.","Android Developer exciting opportunity for a android developer at woods, calhoun and schmidt. must be proficient in firebase, jetpack compose, rest api, java, android sdk, material design, sqlite, with practical exposure to material design and firebase. you'll work in an agile environment solving real business problems. 1+ years experience preferred. Firebase Jetpack Compose REST API Java Android SDK Material Design SQLite",4
JOB00227,Cybersecurity Analyst,Network Security Engineer,Miller-Wright,Mumbai,Cryptography; Risk Assessment; Penetration Testing; Network Protocols; Firewalls; IDS/IPS; SIEM,1-4 years,14-16,"Exciting opportunity for a Cybersecurity Analyst at Miller-Wright. Must be proficient in Cryptography, Risk Assessment, Penetration Testing, Network Protocols, Firewalls, IDS/IPS, SIEM, with practical exposure to Risk Assessment and Cryptography. You'll work in an agile environment solving real business problems. 1+ years experience preferred.","['Cryptography', 'Risk Assessment', 'Penetration Testing', 'Network Protocols', 'Firewalls', 'IDS/IPS', 'SIEM']",Cryptography Risk Assessment Penetration Testing Network Protocols Firewalls IDS/IPS SIEM,1.0,4.0,2.5,14.0,16.0,15.0,"exciting opportunity for a cybersecurity analyst at miller-wright. must be proficient in cryptography, risk assessment, penetration testing, network protocols, firewalls, ids/ips, siem, with practical exposure to risk assessment and cryptography. you'll work in an agile environment solving real business problems. 1+ years experience preferred.","Cybersecurity Analyst exciting opportunity for a cybersecurity analyst at miller-wright. must be proficient in cryptography, risk assessment, penetration testing, network protocols, firewalls, ids/ips, siem, with practical exposure to risk assessment and cryptography. you'll work in an agile environment solving real business problems. 1+ years experience preferred. Cryptography Risk Assessment Penetration Testing Network Protocols Firewalls IDS/IPS SIEM",14
JOB00228,Cybersecurity Analyst,Network Security Engineer,"Duran, Obrien and Gibbs",Hyderabad,Network Protocols; Risk Assessment; Cryptography; Vulnerability Assessment; SIEM,1-4 years,20-26,"Exciting opportunity for a Cybersecurity Analyst at Duran, Obrien and Gibbs. Must be proficient in Network Protocols, Risk Assessment, Cryptography, Vulnerability Assessment, SIEM, with practical exposure to Network Protocols and Risk Assessment. You'll work in an agile environment solving real business problems. 1+ years experience preferred.","['Network Protocols', 'Risk Assessment', 'Cryptography', 'Vulnerability Assessment', 'SIEM']",Network Protocols Risk Assessment Cryptography Vulnerability Assessment SIEM,1.0,4.0,2.5,20.0,26.0,23.0,"exciting opportunity for a cybersecurity analyst at duran, obrien and gibbs. must be proficient in network protocols, risk assessment, cryptography, vulnerability assessment, siem, with practical exposure to network protocols and risk assessment. you'll work in an agile environment solving real business problems. 1+ years experience preferred.","Cybersecurity Analyst exciting opportunity for a cybersecurity analyst at duran, obrien and gibbs. must be proficient in network protocols, risk assessment, cryptography, vulnerability assessment, siem, with practical exposure to network protocols and risk assessment. you'll work in an agile environment solving real business problems. 1+ years experience preferred. Network Protocols Risk Assessment Cryptography Vulnerability Assessment SIEM",14
JOB00365,Account Manager,Sales,"Phillips, Wagner and Jordan",Noida,Lead Generation; Sales Strategy; Client Relationship Management; Negotiation,7-10 years,17-23,"Exciting opportunity for a Account Manager at Phillips, Wagner and Jordan. Must be proficient in Lead Generation, Sales Strategy, Client Relationship Management, Negotiation, with practical exposure to Sales Strategy and Lead Generation. You'll work in an agile environment solving real business problems. 7+ years experience preferred.","['Lead Generation', 'Sales Strategy', 'Client Relationship Management', 'Negotiation']",Lead Generation Sales Strategy Client Relationship Management Negotiation,7.0,10.0,8.5,17.0,23.0,20.0,"exciting opportunity for a account manager at phillips, wagner and jordan. must be proficient in lead generation, sales strategy, client relationship management, negotiation, with practical exposure to sales strategy and lead generation. you'll work in an agile environment solving real business problems. 7+ years experience preferred.","Account Manager exciting opportunity for a account manager at phillips, wagner and jordan. must be proficient in lead generation, sales strategy, client relationship management, negotiation, with practical exposure to sales strategy and lead generation. you'll work in an agile environment solving real business problems. 7+ years experience preferred. Lead Generation Sales Strategy Client Relationship Management Negotiation",3
JOB00210,Cloud Engineer,DevOps Engineer,"Wood, Tran and Cooper",Hyderabad,Monitoring; Git; Ansible; AWS; CI/CD; Linux,1-4 years,15-24,"Exciting opportunity for a Cloud Engineer at Wood, Tran and Cooper. Must be proficient in Monitoring, Git, Ansible, AWS, CI/CD, Linux, with practical exposure to AWS and Ansible. You'll work in an agile environment solving real business problems. 1+ years experience preferred.","['Monitoring', 'Git', 'Ansible', 'AWS', 'CI/CD', 'Linux']",Monitoring Git Ansible AWS CI/CD Linux,1.0,4.0,2.5,15.0,24.0,19.5,"exciting opportunity for a cloud engineer at wood, tran and cooper. must be proficient in monitoring, git, ansible, aws, ci/cd, linux, with practical exposure to aws and ansible. you'll work in an agile environment solving real business problems. 1+ years experience preferred.","Cloud Engineer exciting opportunity for a cloud engineer at wood, tran and cooper. must be proficient in monitoring, git, ansible, aws, ci/cd, linux, with practical exposure to aws and ansible. you'll work in an agile environment solving real business problems. 1+ years experience preferred. Monitoring Git Ansible AWS CI/CD Linux",10
JOB00042,Full Stack Developer,Web Development,George Group,Remote,HTML; Responsive Design; Node.js; CSS; REST API; MongoDB; JavaScript,7-10 years,11-20,"Exciting opportunity for a Full Stack Developer at George Group. Must be proficient in HTML, Responsive Design, Node.js, CSS, REST API, MongoDB, JavaScript, with practical exposure to HTML and JavaScript. You'll work in an agile environment solving real business problems. 7+ years experience preferred.","['HTML', 'Responsive Design', 'Node.js', 'CSS', 'REST API', 'MongoDB', 'JavaScript']",HTML Responsive Design Node.js CSS REST API MongoDB JavaScript,7.0,10.0,8.5,11.0,20.0,15.5,"exciting opportunity for a full stack developer at george group. must be proficient in html, responsive design, node.js, css, rest api, mongodb, javascript, with practical exposure to html and javascript. you'll work in an agile environment solving real business problems. 7+ years experience preferred.","Full Stack Developer exciting opportunity for a full stack developer at george group. must be proficient in html, responsive design, node.js, css, rest api, mongodb, javascript, with practical exposure to html and javascript. you'll work in an agile environment solving real business problems. 7+ years experience preferred. HTML Responsive Design Node.js CSS REST API MongoDB JavaScript",2
JOB00434,Civil Site Engineer,Civil Engineer,"Miller, Lucas and Williams",Noida,AutoCAD; Surveying; Cost Estimation; Construction Management; Project Management; Revit; Structural Analysis,0-3 years,16-22,"Miller, Lucas and Williams is hiring a Civil Site Engineer for our Noida office. You will use AutoCAD, Surveying, Cost Estimation, Construction Management, Project Management, Revit, Structural Analysis daily and help scale our AutoCAD capabilities. We value strong fundamentals in Revit and a collaborative mindset. Minimum 0 years of experience in a similar role.","['AutoCAD', 'Surveying', 'Cost Estimation', 'Construction Management', 'Project Management', 'Revit', 'Structural Analysis']",AutoCAD Surveying Cost Estimation Construction Management Project Management Revit Structural Analysis,0.0,3.0,1.5,16.0,22.0,19.0,"miller, lucas and williams is hiring a civil site engineer for our noida office. you will use autocad, surveying, cost estimation, construction management, project management, revit, structural analysis daily and help scale our autocad capabilities. we value strong fundamentals in revit and a collaborative mindset. minimum 0 years of experience in a similar role.","Civil Site Engineer miller, lucas and williams is hiring a civil site engineer for our noida office. you will use autocad, surveying, cost estimation, construction management, project management, revit, structural analysis daily and help scale our autocad capabilities. we value strong fundamentals in revit and a collaborative mindset. minimum 0 years of experience in a similar role. AutoCAD Surveying Cost Estimation Construction Management Project Management Revit Structural Analysis",11
JOB00052,Full Stack Developer,Web Development,Walker LLC,Remote,React; Git; Responsive Design; CSS; HTML; MongoDB,5-8 years,10-12,"Walker LLC is hiring a Full Stack Developer for our Remote office. You will use React, Git, Responsive Design, CSS, HTML, MongoDB daily and help scale our Git capabilities. We value strong fundamentals in MongoDB and a collaborative mindset. Minimum 5 years of experience in a similar role.","['React', 'Git', 'Responsive Design', 'CSS', 'HTML', 'MongoDB']",React Git Responsive Design CSS HTML MongoDB,5.0,8.0,6.5,10.0,12.0,11.0,"walker llc is hiring a full stack developer for our remote office. you will use react, git, responsive design, css, html, mongodb daily and help scale our git capabilities. we value strong fundamentals in mongodb and a collaborative mindset. minimum 5 years of experience in a similar role.","Full Stack Developer walker llc is hiring a full stack developer for our remote office. you will use react, git, responsive design, css, html, mongodb daily and help scale our git capabilities. we value strong fundamentals in mongodb and a collaborative mindset. minimum 5 years of experience in a similar role. React Git Responsive Design CSS HTML MongoDB",2
JOB00119,Backend Java Engineer,Java Developer,May-Ross,Hyderabad,Maven; Microservices; Java; Spring Boot,4-7 years,10-18,"We are looking for a Backend Java Engineer to join our growing team. The ideal candidate has hands-on experience with Maven, Microservices, Java, Spring Boot and can work independently on Maven-driven projects. Responsibilities include collaborating with cross-functional teams, contributing to Java initiatives, and driving continuous improvement. 4+ years of relevant experience required.","['Maven', 'Microservices', 'Java', 'Spring Boot']",Maven Microservices Java Spring Boot,4.0,7.0,5.5,10.0,18.0,14.0,"we are looking for a backend java engineer to join our growing team. the ideal candidate has hands-on experience with maven, microservices, java, spring boot and can work independently on maven-driven projects. responsibilities include collaborating with cross-functional teams, contributing to java initiatives, and driving continuous improvement. 4+ years of relevant experience required.","Backend Java Engineer we are looking for a backend java engineer to join our growing team. the ideal candidate has hands-on experience with maven, microservices, java, spring boot and can work independently on maven-driven projects. responsibilities include collaborating with cross-functional teams, contributing to java initiatives, and driving continuous improvement. 4+ years of relevant experience required. Maven Microservices Java Spring Boot",12
JOB00110,Java Developer,Java Developer,Johnson-Doyle,Kolkata,Multithreading; Java; Microservices; SQL; Hibernate; Git; Maven,1-4 years,20-24,"Exciting opportunity for a Java Developer at Johnson-Doyle. Must be proficient in Multithreading, Java, Microservices, SQL, Hibernate, Git, Maven, with practical exposure to Hibernate and Java. You'll work in an agile environment solving real business problems. 1+ years experience preferred.","['Multithreading', 'Java', 'Microservices', 'SQL', 'Hibernate', 'Git', 'Maven']",Multithreading Java Microservices SQL Hibernate Git Maven,1.0,4.0,2.5,20.0,24.0,22.0,"exciting opportunity for a java developer at johnson-doyle. must be proficient in multithreading, java, microservices, sql, hibernate, git, maven, with practical exposure to hibernate and java. you'll work in an agile environment solving real business problems. 1+ years experience preferred.","Java Developer exciting opportunity for a java developer at johnson-doyle. must be proficient in multithreading, java, microservices, sql, hibernate, git, maven, with practical exposure to hibernate and java. you'll work in an agile environment solving real business problems. 1+ years experience preferred. Multithreading Java Microservices SQL Hibernate Git Maven",12
JOB00229,Cybersecurity Analyst,Network Security Engineer,Rowe Group,Delhi NCR,Risk Assessment; Firewalls; Penetration Testing; Network Protocols; Linux; SIEM; Python,0-3 years,5-9,"Rowe Group is hiring a Cybersecurity Analyst for our Delhi NCR office. You will use Risk Assessment, Firewalls, Penetration Testing, Network Protocols, Linux, SIEM, Python daily and help scale our Penetration Testing capabilities. We value strong fundamentals in Firewalls and a collaborative mindset. Minimum 0 years of experience in a similar role.","['Risk Assessment', 'Firewalls', 'Penetration Testing', 'Network Protocols', 'Linux', 'SIEM', 'Python']",Risk Assessment Firewalls Penetration Testing Network Protocols Linux SIEM Python,0.0,3.0,1.5,5.0,9.0,7.0,"rowe group is hiring a cybersecurity analyst for our delhi ncr office. you will use risk assessment, firewalls, penetration testing, network protocols, linux, siem, python daily and help scale our penetration testing capabilities. we value strong fundamentals in firewalls and a collaborative mindset. minimum 0 years of experience in a similar role.","Cybersecurity Analyst rowe group is hiring a cybersecurity analyst for our delhi ncr office. you will use risk assessment, firewalls, penetration testing, network protocols, linux, siem, python daily and help scale our penetration testing capabilities. we value strong fundamentals in firewalls and a collaborative mindset. minimum 0 years of experience in a similar role. Risk Assessment Firewalls Penetration Testing Network Protocols Linux SIEM Python",14
JOB00198,Site Reliability Engineer,DevOps Engineer,"Adams, Christian and Rivas",Hyderabad,AWS; Ansible; Git; Jenkins,3-6 years,14-23,"We are looking for a Site Reliability Engineer to join our growing team. The ideal candidate has hands-on experience with AWS, Ansible, Git, Jenkins and can work independently on AWS-driven projects. Responsibilities include collaborating with cross-functional teams, contributing to Jenkins initiatives, and driving continuous improvement. 3+ years of relevant experience required.","['AWS', 'Ansible', 'Git', 'Jenkins']",AWS Ansible Git Jenkins,3.0,6.0,4.5,14.0,23.0,18.5,"we are looking for a site reliability engineer to join our growing team. the ideal candidate has hands-on experience with aws, ansible, git, jenkins and can work independently on aws-driven projects. responsibilities include collaborating with cross-functional teams, contributing to jenkins initiatives, and driving continuous improvement. 3+ years of relevant experience required.","Site Reliability Engineer we are looking for a site reliability engineer to join our growing team. the ideal candidate has hands-on experience with aws, ansible, git, jenkins and can work independently on aws-driven projects. responsibilities include collaborating with cross-functional teams, contributing to jenkins initiatives, and driving continuous improvement. 3+ years of relevant experience required. AWS Ansible Git Jenkins",10
JOB00435,Civil Site Engineer,Civil Engineer,"Kim, Gonzales and Mills",Remote,Construction Management; Revit; Structural Analysis; Cost Estimation; Project Management; Surveying; AutoCAD,7-10 years,11-15,"Kim, Gonzales and Mills is hiring a Civil Site Engineer for our Remote office. You will use Construction Management, Revit, Structural Analysis, Cost Estimation, Project Management, Surveying, AutoCAD daily and help scale our Cost Estimation capabilities. We value strong fundamentals in Project Management and a collaborative mindset. Minimum 7 years of experience in a similar role.","['Construction Management', 'Revit', 'Structural Analysis', 'Cost Estimation', 'Project Management', 'Surveying', 'AutoCAD']",Construction Management Revit Structural Analysis Cost Estimation Project Management Surveying AutoCAD,7.0,10.0,8.5,11.0,15.0,13.0,"kim, gonzales and mills is hiring a civil site engineer for our remote office. you will use construction management, revit, structural analysis, cost estimation, project management, surveying, autocad daily and help scale our cost estimation capabilities. we value strong fundamentals in project management and a collaborative mindset. minimum 7 years of experience in a similar role.","Civil Site Engineer kim, gonzales and mills is hiring a civil site engineer for our remote office. you will use construction management, revit, structural analysis, cost estimation, project management, surveying, autocad daily and help scale our cost estimation capabilities. we value strong fundamentals in project management and a collaborative mindset. minimum 7 years of experience in a similar role. Construction Management Revit Structural Analysis Cost Estimation Project Management Surveying AutoCAD",11
JOB00308,SEO Specialist,Digital Marketing,Armstrong-Andrews,Kolkata,Communication; Social Media; Email Marketing; PPC; Content Marketing; Copywriting; Excel,7-10 years,7-15,"Exciting opportunity for a SEO Specialist at Armstrong-Andrews. Must be proficient in Communication, Social Media, Email Marketing, PPC, Content Marketing, Copywriting, Excel, with practical exposure to Communication and Social Media. You'll work in an agile environment solving real business problems. 7+ years experience preferred.","['Communication', 'Social Media', 'Email Marketing', 'PPC', 'Content Marketing', 'Copywriting', 'Excel']",Communication Social Media Email Marketing PPC Content Marketing Copywriting Excel,7.0,10.0,8.5,7.0,15.0,11.0,"exciting opportunity for a seo specialist at armstrong-andrews. must be proficient in communication, social media, email marketing, ppc, content marketing, copywriting, excel, with practical exposure to communication and social media. you'll work in an agile environment solving real business problems. 7+ years experience preferred.","SEO Specialist exciting opportunity for a seo specialist at armstrong-andrews. must be proficient in communication, social media, email marketing, ppc, content marketing, copywriting, excel, with practical exposure to communication and social media. you'll work in an agile environment solving real business problems. 7+ years experience preferred. Communication Social Media Email Marketing PPC Content Marketing Copywriting Excel",6
JOB00441,Structural Engineer,Civil Engineer,"Marks, Cook and Aguilar",Delhi NCR,Revit; Construction Management; Surveying; Structural Analysis; AutoCAD,6-9 years,14-24,"Marks, Cook and Aguilar is hiring a Structural Engineer for our Delhi NCR office. You will use Revit, Construction Management, Surveying, Structural Analysis, AutoCAD daily and help scale our Construction Management capabilities. We value strong fundamentals in AutoCAD and a collaborative mindset. Minimum 6 years of experience in a similar role.","['Revit', 'Construction Management', 'Surveying', 'Structural Analysis', 'AutoCAD']",Revit Construction Management Surveying Structural Analysis AutoCAD,6.0,9.0,7.5,14.0,24.0,19.0,"marks, cook and aguilar is hiring a structural engineer for our delhi ncr office. you will use revit, construction management, surveying, structural analysis, autocad daily and help scale our construction management capabilities. we value strong fundamentals in autocad and a collaborative mindset. minimum 6 years of experience in a similar role.","Structural Engineer marks, cook and aguilar is hiring a structural engineer for our delhi ncr office. you will use revit, construction management, surveying, structural analysis, autocad daily and help scale our construction management capabilities. we value strong fundamentals in autocad and a collaborative mindset. minimum 6 years of experience in a similar role. Revit Construction Management Surveying Structural Analysis AutoCAD",11
JOB00297,SEO Specialist,Digital Marketing,Howard-Jordan,Mumbai,Copywriting; Content Marketing; Marketing Strategy; Excel,2-5 years,5-12,"Howard-Jordan is hiring a SEO Specialist for our Mumbai office. You will use Copywriting, Content Marketing, Marketing Strategy, Excel daily and help scale our Copywriting capabilities. We value strong fundamentals in Excel and a collaborative mindset. Minimum 2 years of experience in a similar role.","['Copywriting', 'Content Marketing', 'Marketing Strategy', 'Excel']",Copywriting Content Marketing Marketing Strategy Excel,2.0,5.0,3.5,5.0,12.0,8.5,"howard-jordan is hiring a seo specialist for our mumbai office. you will use copywriting, content marketing, marketing strategy, excel daily and help scale our copywriting capabilities. we value strong fundamentals in excel and a collaborative mindset. minimum 2 years of experience in a similar role.","SEO Specialist howard-jordan is hiring a seo specialist for our mumbai office. you will use copywriting, content marketing, marketing strategy, excel daily and help scale our copywriting capabilities. we value strong fundamentals in excel and a collaborative mindset. minimum 2 years of experience in a similar role. Copywriting Content Marketing Marketing Strategy Excel",6
JOB00223,Network Security Engineer,Network Security Engineer,Sheppard LLC,Mumbai,Cryptography; Risk Assessment; Penetration Testing; Firewalls; Network Protocols,4-7 years,4-8,"Sheppard LLC is hiring a Network Security Engineer for our Mumbai office. You will use Cryptography, Risk Assessment, Penetration Testing, Firewalls, Network Protocols daily and help scale our Cryptography capabilities. We value strong fundamentals in Firewalls and a collaborative mindset. Minimum 4 years of experience in a similar role.","['Cryptography', 'Risk Assessment', 'Penetration Testing', 'Firewalls', 'Network Protocols']",Cryptography Risk Assessment Penetration Testing Firewalls Network Protocols,4.0,7.0,5.5,4.0,8.0,6.0,"sheppard llc is hiring a network security engineer for our mumbai office. you will use cryptography, risk assessment, penetration testing, firewalls, network protocols daily and help scale our cryptography capabilities. we value strong fundamentals in firewalls and a collaborative mindset. minimum 4 years of experience in a similar role.","Network Security Engineer sheppard llc is hiring a network security engineer for our mumbai office. you will use cryptography, risk assessment, penetration testing, firewalls, network protocols daily and help scale our cryptography capabilities. we value strong fundamentals in firewalls and a collaborative mindset. minimum 4 years of experience in a similar role. Cryptography Risk Assessment Penetration Testing Firewalls Network Protocols",14
JOB00158,Python Developer,Python Developer,"Miller, Hernandez and Reyes",Kolkata,Django; REST API; Pandas; Python; Flask,7-10 years,6-14,"We are looking for a Python Developer to join our growing team. The ideal candidate has hands-on experience with Django, REST API, Pandas, Python, Flask and can work independently on Pandas-driven projects. Responsibilities include collaborating with cross-functional teams, contributing to REST API initiatives, and driving continuous improvement. 7+ years of relevant experience required.","['Django', 'REST API', 'Pandas', 'Python', 'Flask']",Django REST API Pandas Python Flask,7.0,10.0,8.5,6.0,14.0,10.0,"we are looking for a python developer to join our growing team. the ideal candidate has hands-on experience with django, rest api, pandas, python, flask and can work independently on pandas-driven projects. responsibilities include collaborating with cross-functional teams, contributing to rest api initiatives, and driving continuous improvement. 7+ years of relevant experience required.","Python Developer we are looking for a python developer to join our growing team. the ideal candidate has hands-on experience with django, rest api, pandas, python, flask and can work independently on pandas-driven projects. responsibilities include collaborating with cross-functional teams, contributing to rest api initiatives, and driving continuous improvement. 7+ years of relevant experience required. Django REST API Pandas Python Flask",7
JOB00344,HR Generalist,HR,Davis-Lewis,Noida,Conflict Resolution; Payroll; HRIS; Excel; Onboarding; Employee Engagement,2-5 years,16-25,"Davis-Lewis is hiring a HR Generalist for our Noida office. You will use Conflict Resolution, Payroll, HRIS, Excel, Onboarding, Employee Engagement daily and help scale our HRIS capabilities. We value strong fundamentals in Onboarding and a collaborative mindset. Minimum 2 years of experience in a similar role.","['Conflict Resolution', 'Payroll', 'HRIS', 'Excel', 'Onboarding', 'Employee Engagement']",Conflict Resolution Payroll HRIS Excel Onboarding Employee Engagement,2.0,5.0,3.5,16.0,25.0,20.5,"davis-lewis is hiring a hr generalist for our noida office. you will use conflict resolution, payroll, hris, excel, onboarding, employee engagement daily and help scale our hris capabilities. we value strong fundamentals in onboarding and a collaborative mindset. minimum 2 years of experience in a similar role.","HR Generalist davis-lewis is hiring a hr generalist for our noida office. you will use conflict resolution, payroll, hris, excel, onboarding, employee engagement daily and help scale our hris capabilities. we value strong fundamentals in onboarding and a collaborative mindset. minimum 2 years of experience in a similar role. Conflict Resolution Payroll HRIS Excel Onboarding Employee Engagement",1
JOB00123,Backend Java Engineer,Java Developer,Chandler-Edwards,Noida,SQL; Multithreading; Spring Boot; Java,5-8 years,12-16,"Exciting opportunity for a Backend Java Engineer at Chandler-Edwards. Must be proficient in SQL, Multithreading, Spring Boot, Java, with practical exposure to Spring Boot and SQL. You'll work in an agile environment solving real business problems. 5+ years experience preferred.","['SQL', 'Multithreading', 'Spring Boot', 'Java']",SQL Multithreading Spring Boot Java,5.0,8.0,6.5,12.0,16.0,14.0,"exciting opportunity for a backend java engineer at chandler-edwards. must be proficient in sql, multithreading, spring boot, java, with practical exposure to spring boot and sql. you'll work in an agile environment solving real business problems. 5+ years experience preferred.","Backend Java Engineer exciting opportunity for a backend java engineer at chandler-edwards. must be proficient in sql, multithreading, spring boot, java, with practical exposure to spring boot and sql. you'll work in an agile environment solving real business problems. 5+ years experience preferred. SQL Multithreading Spring Boot Java",12
JOB00002,Data Analyst,Data Science,Doyle Ltd,Pune,Machine Learning; Data Visualization; Tableau; Scikit-learn,0-3 years,20-29,"Doyle Ltd is hiring a Data Analyst for our Pune office. You will use Machine Learning, Data Visualization, Tableau, Scikit-learn daily and help scale our Scikit-learn capabilities. We value strong fundamentals in Machine Learning and a collaborative mindset. Minimum 0 years of experience in a similar role.","['Machine Learning', 'Data Visualization', 'Tableau', 'Scikit-learn']",Machine Learning Data Visualization Tableau Scikit-learn,0.0,3.0,1.5,20.0,29.0,24.5,"doyle ltd is hiring a data analyst for our pune office. you will use machine learning, data visualization, tableau, scikit-learn daily and help scale our scikit-learn capabilities. we value strong fundamentals in machine learning and a collaborative mindset. minimum 0 years of experience in a similar role.","Data Analyst doyle ltd is hiring a data analyst for our pune office. you will use machine learning, data visualization, tableau, scikit-learn daily and help scale our scikit-learn capabilities. we value strong fundamentals in machine learning and a collaborative mindset. minimum 0 years of experience in a similar role. Machine Learning Data Visualization Tableau Scikit-learn",13
JOB00055,Frontend Developer,Web Development,Jones Inc,Pune,MongoDB; CSS; React; HTML,2-5 years,10-15,"Exciting opportunity for a Frontend Developer at Jones Inc. Must be proficient in MongoDB, CSS, React, HTML, with practical exposure to MongoDB and HTML. You'll work in an agile environment solving real business problems. 2+ years experience preferred.","['MongoDB', 'CSS', 'React', 'HTML']",MongoDB CSS React HTML,2.0,5.0,3.5,10.0,15.0,12.5,"exciting opportunity for a frontend developer at jones inc. must be proficient in mongodb, css, react, html, with practical exposure to mongodb and html. you'll work in an agile environment solving real business problems. 2+ years experience preferred.","Frontend Developer exciting opportunity for a frontend developer at jones inc. must be proficient in mongodb, css, react, html, with practical exposure to mongodb and html. you'll work in an agile environment solving real business problems. 2+ years experience preferred. MongoDB CSS React HTML",2
JOB00144,Python Developer,Python Developer,"Lee, Horton and Snyder",Mumbai,Python; Git; Pandas; Django; Flask,1-4 years,11-17,"We are looking for a Python Developer to join our growing team. The ideal candidate has hands-on experience with Python, Git, Pandas, Django, Flask and can work independently on Pandas-driven projects. Responsibilities include collaborating with cross-functional teams, contributing to Flask initiatives, and driving continuous improvement. 1+ years of relevant experience required.","['Python', 'Git', 'Pandas', 'Django', 'Flask']",Python Git Pandas Django Flask,1.0,4.0,2.5,11.0,17.0,14.0,"we are looking for a python developer to join our growing team. the ideal candidate has hands-on experience with python, git, pandas, django, flask and can work independently on pandas-driven projects. responsibilities include collaborating with cross-functional teams, contributing to flask initiatives, and driving continuous improvement. 1+ years of relevant experience required.","Python Developer we are looking for a python developer to join our growing team. the ideal candidate has hands-on experience with python, git, pandas, django, flask and can work independently on pandas-driven projects. responsibilities include collaborating with cross-functional teams, contributing to flask initiatives, and driving continuous improvement. 1+ years of relevant experience required. Python Git Pandas Django Flask",7
JOB00113,Backend Java Engineer,Java Developer,"Rodriguez, Brennan and Garrison",Kolkata,Microservices; JUnit; REST API; Git; Multithreading; Spring Boot; Maven,5-8 years,5-11,"Rodriguez, Brennan and Garrison is hiring a Backend Java Engineer for our Kolkata office. You will use Microservices, JUnit, REST API, Git, Multithreading, Spring Boot, Maven daily and help scale our Microservices capabilities. We value strong fundamentals in Multithreading and a collaborative mindset. Minimum 5 years of experience in a similar role.","['Microservices', 'JUnit', 'REST API', 'Git', 'Multithreading', 'Spring Boot', 'Maven']",Microservices JUnit REST API Git Multithreading Spring Boot Maven,5.0,8.0,6.5,5.0,11.0,8.0,"rodriguez, brennan and garrison is hiring a backend java engineer for our kolkata office. you will use microservices, junit, rest api, git, multithreading, spring boot, maven daily and help scale our microservices capabilities. we value strong fundamentals in multithreading and a collaborative mindset. minimum 5 years of experience in a similar role.","Backend Java Engineer rodriguez, brennan and garrison is hiring a backend java engineer for our kolkata office. you will use microservices, junit, rest api, git, multithreading, spring boot, maven daily and help scale our microservices capabilities. we value strong fundamentals in multithreading and a collaborative mindset. minimum 5 years of experience in a similar role. Microservices JUnit REST API Git Multithreading Spring Boot Maven",12
JOB00470,UI/UX Designer,Graphic Designer,Hughes Inc,Bengaluru,InDesign; Photoshop; Figma; Creativity; Illustrator; Typography; UI/UX,0-3 years,8-17,"Hughes Inc is hiring a UI/UX Designer for our Bengaluru office. You will use InDesign, Photoshop, Figma, Creativity, Illustrator, Typography, UI/UX daily and help scale our InDesign capabilities. We value strong fundamentals in Figma and a collaborative mindset. Minimum 0 years of experience in a similar role.","['InDesign', 'Photoshop', 'Figma', 'Creativity', 'Illustrator', 'Typography', 'UI/UX']",InDesign Photoshop Figma Creativity Illustrator Typography UI/UX,0.0,3.0,1.5,8.0,17.0,12.5,"hughes inc is hiring a ui/ux designer for our bengaluru office. you will use indesign, photoshop, figma, creativity, illustrator, typography, ui/ux daily and help scale our indesign capabilities. we value strong fundamentals in figma and a collaborative mindset. minimum 0 years of experience in a similar role.","UI/UX Designer hughes inc is hiring a ui/ux designer for our bengaluru office. you will use indesign, photoshop, figma, creativity, illustrator, typography, ui/ux daily and help scale our indesign capabilities. we value strong fundamentals in figma and a collaborative mindset. minimum 0 years of experience in a similar role. InDesign Photoshop Figma Creativity Illustrator Typography UI/UX",0
JOB00089,Android Developer,Android Development,Suarez LLC,Hyderabad,Android SDK; Java; SQLite; Material Design; Jetpack Compose; MVVM; REST API; Firebase,3-6 years,6-9,"We are looking for a Android Developer to join our growing team. The ideal candidate has hands-on experience with Android SDK, Java, SQLite, Material Design, Jetpack Compose, MVVM, REST API, Firebase and can work independently on Jetpack Compose-driven projects. Responsibilities include collaborating with cross-functional teams, contributing to REST API initiatives, and driving continuous improvement. 3+ years of relevant experience required.","['Android SDK', 'Java', 'SQLite', 'Material Design', 'Jetpack Compose', 'MVVM', 'REST API', 'Firebase']",Android SDK Java SQLite Material Design Jetpack Compose MVVM REST API Firebase,3.0,6.0,4.5,6.0,9.0,7.5,"we are looking for a android developer to join our growing team. the ideal candidate has hands-on experience with android sdk, java, sqlite, material design, jetpack compose, mvvm, rest api, firebase and can work independently on jetpack compose-driven projects. responsibilities include collaborating with cross-functional teams, contributing to rest api initiatives, and driving continuous improvement. 3+ years of relevant experience required.","Android Developer we are looking for a android developer to join our growing team. the ideal candidate has hands-on experience with android sdk, java, sqlite, material design, jetpack compose, mvvm, rest api, firebase and can work independently on jetpack compose-driven projects. responsibilities include collaborating with cross-functional teams, contributing to rest api initiatives, and driving continuous improvement. 3+ years of relevant experience required. Android SDK Java SQLite Material Design Jetpack Compose MVVM REST API Firebase",4
JOB00457,Graphic Designer,Graphic Designer,Bishop-Goodwin,Chennai,Typography; Branding; Communication; Illustrator; Creativity; Photoshop; Figma,4-7 years,19-26,"We are looking for a Graphic Designer to join our growing team. The ideal candidate has hands-on experience with Typography, Branding, Communication, Illustrator, Creativity, Photoshop, Figma and can work independently on Typography-driven projects. Responsibilities include collaborating with cross-functional teams, contributing to Figma initiatives, and driving continuous improvement. 4+ years of relevant experience required.","['Typography', 'Branding', 'Communication', 'Illustrator', 'Creativity', 'Photoshop', 'Figma']",Typography Branding Communication Illustrator Creativity Photoshop Figma,4.0,7.0,5.5,19.0,26.0,22.5,"we are looking for a graphic designer to join our growing team. the ideal candidate has hands-on experience with typography, branding, communication, illustrator, creativity, photoshop, figma and can work independently on typography-driven projects. responsibilities include collaborating with cross-functional teams, contributing to figma initiatives, and driving continuous improvement. 4+ years of relevant experience required.","Graphic Designer we are looking for a graphic designer to join our growing team. the ideal candidate has hands-on experience with typography, branding, communication, illustrator, creativity, photoshop, figma and can work independently on typography-driven projects. responsibilities include collaborating with cross-functional teams, contributing to figma initiatives, and driving continuous improvement. 4+ years of relevant experience required. Typography Branding Communication Illustrator Creativity Photoshop Figma",0
JOB00085,Mobile App Developer,Android Development,"Evans, Stewart and Walton",Remote,Material Design; Firebase; Java; SQLite; Kotlin,6-9 years,16-19,"Exciting opportunity for a Mobile App Developer at Evans, Stewart and Walton. Must be proficient in Material Design, Firebase, Java, SQLite, Kotlin, with practical exposure to Kotlin and Firebase. You'll work in an agile environment solving real business problems. 6+ years experience preferred.","['Material Design', 'Firebase', 'Java', 'SQLite', 'Kotlin']",Material Design Firebase Java SQLite Kotlin,6.0,9.0,7.5,16.0,19.0,17.5,"exciting opportunity for a mobile app developer at evans, stewart and walton. must be proficient in material design, firebase, java, sqlite, kotlin, with practical exposure to kotlin and firebase. you'll work in an agile environment solving real business problems. 6+ years experience preferred.","Mobile App Developer exciting opportunity for a mobile app developer at evans, stewart and walton. must be proficient in material design, firebase, java, sqlite, kotlin, with practical exposure to kotlin and firebase. you'll work in an agile environment solving real business problems. 6+ years experience preferred. Material Design Firebase Java SQLite Kotlin",4
JOB00313,Digital Marketing Executive,Digital Marketing,Robinson-Lee,Ahmedabad,Content Marketing; PPC; Copywriting; Social Media; Communication; Marketing Strategy; Excel,6-9 years,4-9,"Exciting opportunity for a Digital Marketing Executive at Robinson-Lee. Must be proficient in Content Marketing, PPC, Copywriting, Social Media, Communication, Marketing Strategy, Excel, with practical exposure to Copywriting and Social Media. You'll work in an agile environment solving real business problems. 6+ years experience preferred.","['Content Marketing', 'PPC', 'Copywriting', 'Social Media', 'Communication', 'Marketing Strategy', 'Excel']",Content Marketing PPC Copywriting Social Media Communication Marketing Strategy Excel,6.0,9.0,7.5,4.0,9.0,6.5,"exciting opportunity for a digital marketing executive at robinson-lee. must be proficient in content marketing, ppc, copywriting, social media, communication, marketing strategy, excel, with practical exposure to copywriting and social media. you'll work in an agile environment solving real business problems. 6+ years experience preferred.","Digital Marketing Executive exciting opportunity for a digital marketing executive at robinson-lee. must be proficient in content marketing, ppc, copywriting, social media, communication, marketing strategy, excel, with practical exposure to copywriting and social media. you'll work in an agile environment solving real business problems. 6+ years experience preferred. Content Marketing PPC Copywriting Social Media Communication Marketing Strategy Excel",6
JOB00236,Cybersecurity Analyst,Network Security Engineer,"Harrison, Johnson and Roberts",Remote,Python; Linux; IDS/IPS; Vulnerability Assessment; Cryptography; SIEM,3-6 years,11-21,"Harrison, Johnson and Roberts is hiring a Cybersecurity Analyst for our Remote office. You will use Python, Linux, IDS/IPS, Vulnerability Assessment, Cryptography, SIEM daily and help scale our IDS/IPS capabilities. We value strong fundamentals in Cryptography and a collaborative mindset. Minimum 3 years of experience in a similar role.","['Python', 'Linux', 'IDS/IPS', 'Vulnerability Assessment', 'Cryptography', 'SIEM']",Python Linux IDS/IPS Vulnerability Assessment Cryptography SIEM,3.0,6.0,4.5,11.0,21.0,16.0,"harrison, johnson and roberts is hiring a cybersecurity analyst for our remote office. you will use python, linux, ids/ips, vulnerability assessment, cryptography, siem daily and help scale our ids/ips capabilities. we value strong fundamentals in cryptography and a collaborative mindset. minimum 3 years of experience in a similar role.","Cybersecurity Analyst harrison, johnson and roberts is hiring a cybersecurity analyst for our remote office. you will use python, linux, ids/ips, vulnerability assessment, cryptography, siem daily and help scale our ids/ips capabilities. we value strong fundamentals in cryptography and a collaborative mindset. minimum 3 years of experience in a similar role. Python Linux IDS/IPS Vulnerability Assessment Cryptography SIEM",14
JOB00124,Java Developer,Java Developer,"Joyce, Wilson and Lam",Chennai,Multithreading; REST API; Git; Java; Maven; Microservices; Hibernate,3-6 years,7-15,"Exciting opportunity for a Java Developer at Joyce, Wilson and Lam. Must be proficient in Multithreading, REST API, Git, Java, Maven, Microservices, Hibernate, with practical exposure to Git and Multithreading. You'll work in an agile environment solving real business problems. 3+ years experience preferred.","['Multithreading', 'REST API', 'Git', 'Java', 'Maven', 'Microservices', 'Hibernate']",Multithreading REST API Git Java Maven Microservices Hibernate,3.0,6.0,4.5,7.0,15.0,11.0,"exciting opportunity for a java developer at joyce, wilson and lam. must be proficient in multithreading, rest api, git, java, maven, microservices, hibernate, with practical exposure to git and multithreading. you'll work in an agile environment solving real business problems. 3+ years experience preferred.","Java Developer exciting opportunity for a java developer at joyce, wilson and lam. must be proficient in multithreading, rest api, git, java, maven, microservices, hibernate, with practical exposure to git and multithreading. you'll work in an agile environment solving real business problems. 3+ years experience preferred. Multithreading REST API Git Java Maven Microservices Hibernate",12
JOB00114,Backend Java Engineer,Java Developer,Gonzalez Group,Pune,REST API; Git; Multithreading; Hibernate,6-9 years,4-6,"We are looking for a Backend Java Engineer to join our growing team. The ideal candidate has hands-on experience with REST API, Git, Multithreading, Hibernate and can work independently on REST API-driven projects. Responsibilities include collaborating with cross-functional teams, contributing to Hibernate initiatives, and driving continuous improvement. 6+ years of relevant experience required.","['REST API', 'Git', 'Multithreading', 'Hibernate']",REST API Git Multithreading Hibernate,6.0,9.0,7.5,4.0,6.0,5.0,"we are looking for a backend java engineer to join our growing team. the ideal candidate has hands-on experience with rest api, git, multithreading, hibernate and can work independently on rest api-driven projects. responsibilities include collaborating with cross-functional teams, contributing to hibernate initiatives, and driving continuous improvement. 6+ years of relevant experience required.","Backend Java Engineer we are looking for a backend java engineer to join our growing team. the ideal candidate has hands-on experience with rest api, git, multithreading, hibernate and can work independently on rest api-driven projects. responsibilities include collaborating with cross-functional teams, contributing to hibernate initiatives, and driving continuous improvement. 6+ years of relevant experience required. REST API Git Multithreading Hibernate",12
JOB00519,Nutrition Consultant,Health and Fitness,Hines-Berry,Ahmedabad,CPR Certified; Program Design; Client Assessment; Exercise Physiology; Communication,5-8 years,20-24,"Hines-Berry is hiring a Nutrition Consultant for our Ahmedabad office. You will use CPR Certified, Program Design, Client Assessment, Exercise Physiology, Communication daily and help scale our Client Assessment capabilities. We value strong fundamentals in Program Design and a collaborative mindset. Minimum 5 years of experience in a similar role.","['CPR Certified', 'Program Design', 'Client Assessment', 'Exercise Physiology', 'Communication']",CPR Certified Program Design Client Assessment Exercise Physiology Communication,5.0,8.0,6.5,20.0,24.0,22.0,"hines-berry is hiring a nutrition consultant for our ahmedabad office. you will use cpr certified, program design, client assessment, exercise physiology, communication daily and help scale our client assessment capabilities. we value strong fundamentals in program design and a collaborative mindset. minimum 5 years of experience in a similar role.","Nutrition Consultant hines-berry is hiring a nutrition consultant for our ahmedabad office. you will use cpr certified, program design, client assessment, exercise physiology, communication daily and help scale our client assessment capabilities. we value strong fundamentals in program design and a collaborative mindset. minimum 5 years of experience in a similar role. CPR Certified Program Design Client Assessment Exercise Physiology Communication",5
JOB00433,Structural Engineer,Civil Engineer,Hayes LLC,Delhi NCR,Construction Management; Surveying; Revit; AutoCAD,2-5 years,11-13,"We are looking for a Structural Engineer to join our growing team. The ideal candidate has hands-on experience with Construction Management, Surveying, Revit, AutoCAD and can work independently on Construction Management-driven projects. Responsibilities include collaborating with cross-functional teams, contributing to AutoCAD initiatives, and driving continuous improvement. 2+ years of relevant experience required.","['Construction Management', 'Surveying', 'Revit', 'AutoCAD']",Construction Management Surveying Revit AutoCAD,2.0,5.0,3.5,11.0,13.0,12.0,"we are looking for a structural engineer to join our growing team. the ideal candidate has hands-on experience with construction management, surveying, revit, autocad and can work independently on construction management-driven projects. responsibilities include collaborating with cross-functional teams, contributing to autocad initiatives, and driving continuous improvement. 2+ years of relevant experience required.","Structural Engineer we are looking for a structural engineer to join our growing team. the ideal candidate has hands-on experience with construction management, surveying, revit, autocad and can work independently on construction management-driven projects. responsibilities include collaborating with cross-functional teams, contributing to autocad initiatives, and driving continuous improvement. 2+ years of relevant experience required. Construction Management Surveying Revit AutoCAD",11
JOB00127,Java Developer,Java Developer,"Mcdaniel, Bentley and Mclaughlin",Noida,REST API; Hibernate; JUnit; Microservices,6-9 years,17-22,"We are looking for a Java Developer to join our growing team. The ideal candidate has hands-on experience with REST API, Hibernate, JUnit, Microservices and can work independently on REST API-driven projects. Responsibilities include collaborating with cross-functional teams, contributing to Microservices initiatives, and driving continuous improvement. 6+ years of relevant experience required.","['REST API', 'Hibernate', 'JUnit', 'Microservices']",REST API Hibernate JUnit Microservices,6.0,9.0,7.5,17.0,22.0,19.5,"we are looking for a java developer to join our growing team. the ideal candidate has hands-on experience with rest api, hibernate, junit, microservices and can work independently on rest api-driven projects. responsibilities include collaborating with cross-functional teams, contributing to microservices initiatives, and driving continuous improvement. 6+ years of relevant experience required.","Java Developer we are looking for a java developer to join our growing team. the ideal candidate has hands-on experience with rest api, hibernate, junit, microservices and can work independently on rest api-driven projects. responsibilities include collaborating with cross-functional teams, contributing to microservices initiatives, and driving continuous improvement. 6+ years of relevant experience required. REST API Hibernate JUnit Microservices",12
JOB00098,Mobile App Developer,Android Development,Davis Group,Hyderabad,Git; Firebase; Material Design; Jetpack Compose,7-10 years,13-19,"Exciting opportunity for a Mobile App Developer at Davis Group. Must be proficient in Git, Firebase, Material Design, Jetpack Compose, with practical exposure to Material Design and Firebase. You'll work in an agile environment solving real business problems. 7+ years experience preferred.","['Git', 'Firebase', 'Material Design', 'Jetpack Compose']",Git Firebase Material Design Jetpack Compose,7.0,10.0,8.5,13.0,19.0,16.0,"exciting opportunity for a mobile app developer at davis group. must be proficient in git, firebase, material design, jetpack compose, with practical exposure to material design and firebase. you'll work in an agile environment solving real business problems. 7+ years experience preferred.","Mobile App Developer exciting opportunity for a mobile app developer at davis group. must be proficient in git, firebase, material design, jetpack compose, with practical exposure to material design and firebase. you'll work in an agile environment solving real business problems. 7+ years experience preferred. Git Firebase Material Design Jetpack Compose",4
JOB00128,Java Developer,Java Developer,Diaz Inc,Kolkata,Microservices; Spring Boot; Hibernate; Git; Java; REST API; Multithreading,6-9 years,5-9,"Exciting opportunity for a Java Developer at Diaz Inc. Must be proficient in Microservices, Spring Boot, Hibernate, Git, Java, REST API, Multithreading, with practical exposure to Microservices and Multithreading. You'll work in an agile environment solving real business problems. 6+ years experience preferred.","['Microservices', 'Spring Boot', 'Hibernate', 'Git', 'Java', 'REST API', 'Multithreading']",Microservices Spring Boot Hibernate Git Java REST API Multithreading,6.0,9.0,7.5,5.0,9.0,7.0,"exciting opportunity for a java developer at diaz inc. must be proficient in microservices, spring boot, hibernate, git, java, rest api, multithreading, with practical exposure to microservices and multithreading. you'll work in an agile environment solving real business problems. 6+ years experience preferred.","Java Developer exciting opportunity for a java developer at diaz inc. must be proficient in microservices, spring boot, hibernate, git, java, rest api, multithreading, with practical exposure to microservices and multithreading. you'll work in an agile environment solving real business problems. 6+ years experience preferred. Microservices Spring Boot Hibernate Git Java REST API Multithreading",12
JOB00498,Wellness Coach,Health and Fitness,Robertson-Hays,Noida,First Aid; Nutrition Planning; CPR Certified; Client Assessment; Communication; Exercise Physiology,0-3 years,10-16,"Robertson-Hays is hiring a Wellness Coach for our Noida office. You will use First Aid, Nutrition Planning, CPR Certified, Client Assessment, Communication, Exercise Physiology daily and help scale our CPR Certified capabilities. We value strong fundamentals in Client Assessment and a collaborative mindset. Minimum 0 years of experience in a similar role.","['First Aid', 'Nutrition Planning', 'CPR Certified', 'Client Assessment', 'Communication', 'Exercise Physiology']",First Aid Nutrition Planning CPR Certified Client Assessment Communication Exercise Physiology,0.0,3.0,1.5,10.0,16.0,13.0,"robertson-hays is hiring a wellness coach for our noida office. you will use first aid, nutrition planning, cpr certified, client assessment, communication, exercise physiology daily and help scale our cpr certified capabilities. we value strong fundamentals in client assessment and a collaborative mindset. minimum 0 years of experience in a similar role.","Wellness Coach robertson-hays is hiring a wellness coach for our noida office. you will use first aid, nutrition planning, cpr certified, client assessment, communication, exercise physiology daily and help scale our cpr certified capabilities. we value strong fundamentals in client assessment and a collaborative mindset. minimum 0 years of experience in a similar role. First Aid Nutrition Planning CPR Certified Client Assessment Communication Exercise Physiology",5
JOB00277,Business Analyst,Business Analyst,Cook-Hines,Pune,Stakeholder Management; Tableau; Power BI; Communication; Process Improvement; Excel; Data Visualization; SQL,7-10 years,19-27,"Exciting opportunity for a Business Analyst at Cook-Hines. Must be proficient in Stakeholder Management, Tableau, Power BI, Communication, Process Improvement, Excel, Data Visualization, SQL, with practical exposure to Process Improvement and Excel. You'll work in an agile environment solving real business problems. 7+ years experience preferred.","['Stakeholder Management', 'Tableau', 'Power BI', 'Communication', 'Process Improvement', 'Excel', 'Data Visualization', 'SQL']",Stakeholder Management Tableau Power BI Communication Process Improvement Excel Data Visualization SQL,7.0,10.0,8.5,19.0,27.0,23.0,"exciting opportunity for a business analyst at cook-hines. must be proficient in stakeholder management, tableau, power bi, communication, process improvement, excel, data visualization, sql, with practical exposure to process improvement and excel. you'll work in an agile environment solving real business problems. 7+ years experience preferred.","Business Analyst exciting opportunity for a business analyst at cook-hines. must be proficient in stakeholder management, tableau, power bi, communication, process improvement, excel, data visualization, sql, with practical exposure to process improvement and excel. you'll work in an agile environment solving real business problems. 7+ years experience preferred. Stakeholder Management Tableau Power BI Communication Process Improvement Excel Data Visualization SQL",9
JOB00094,Android Developer,Android Development,Newton and Sons,Kolkata,Java; Firebase; Kotlin; Android SDK; Jetpack Compose; REST API; Git,8-11 years,15-22,"We are looking for a Android Developer to join our growing team. The ideal candidate has hands-on experience with Java, Firebase, Kotlin, Android SDK, Jetpack Compose, REST API, Git and can work independently on Kotlin-driven projects. Responsibilities include collaborating with cross-functional teams, contributing to REST API initiatives, and driving continuous improvement. 8+ years of relevant experience required.","['Java', 'Firebase', 'Kotlin', 'Android SDK', 'Jetpack Compose', 'REST API', 'Git']",Java Firebase Kotlin Android SDK Jetpack Compose REST API Git,8.0,11.0,9.5,15.0,22.0,18.5,"we are looking for a android developer to join our growing team. the ideal candidate has hands-on experience with java, firebase, kotlin, android sdk, jetpack compose, rest api, git and can work independently on kotlin-driven projects. responsibilities include collaborating with cross-functional teams, contributing to rest api initiatives, and driving continuous improvement. 8+ years of relevant experience required.","Android Developer we are looking for a android developer to join our growing team. the ideal candidate has hands-on experience with java, firebase, kotlin, android sdk, jetpack compose, rest api, git and can work independently on kotlin-driven projects. responsibilities include collaborating with cross-functional teams, contributing to rest api initiatives, and driving continuous improvement. 8+ years of relevant experience required. Java Firebase Kotlin Android SDK Jetpack Compose REST API Git",4
JOB00165,Python Developer,Python Developer,Castaneda-Ashley,Kolkata,Celery; Unit Testing; Django; Git; SQL; REST API; Python,4-7 years,16-19,"Exciting opportunity for a Python Developer at Castaneda-Ashley. Must be proficient in Celery, Unit Testing, Django, Git, SQL, REST API, Python, with practical exposure to Unit Testing and Git. You'll work in an agile environment solving real business problems. 4+ years experience preferred.","['Celery', 'Unit Testing', 'Django', 'Git', 'SQL', 'REST API', 'Python']",Celery Unit Testing Django Git SQL REST API Python,4.0,7.0,5.5,16.0,19.0,17.5,"exciting opportunity for a python developer at castaneda-ashley. must be proficient in celery, unit testing, django, git, sql, rest api, python, with practical exposure to unit testing and git. you'll work in an agile environment solving real business problems. 4+ years experience preferred.","Python Developer exciting opportunity for a python developer at castaneda-ashley. must be proficient in celery, unit testing, django, git, sql, rest api, python, with practical exposure to unit testing and git. you'll work in an agile environment solving real business problems. 4+ years experience preferred. Celery Unit Testing Django Git SQL REST API Python",7
JOB00018,Machine Learning Engineer,Data Science,"Flowers, Martin and Kelly",Pune,Data Visualization; Scikit-learn; Tableau; SQL; Python; Excel,3-6 years,9-16,"Flowers, Martin and Kelly is hiring a Machine Learning Engineer for our Pune office. You will use Data Visualization, Scikit-learn, Tableau, SQL, Python, Excel daily and help scale our Scikit-learn capabilities. We value strong fundamentals in Excel and a collaborative mindset. Minimum 3 years of experience in a similar role.","['Data Visualization', 'Scikit-learn', 'Tableau', 'SQL', 'Python', 'Excel']",Data Visualization Scikit-learn Tableau SQL Python Excel,3.0,6.0,4.5,9.0,16.0,12.5,"flowers, martin and kelly is hiring a machine learning engineer for our pune office. you will use data visualization, scikit-learn, tableau, sql, python, excel daily and help scale our scikit-learn capabilities. we value strong fundamentals in excel and a collaborative mindset. minimum 3 years of experience in a similar role.","Machine Learning Engineer flowers, martin and kelly is hiring a machine learning engineer for our pune office. you will use data visualization, scikit-learn, tableau, sql, python, excel daily and help scale our scikit-learn capabilities. we value strong fundamentals in excel and a collaborative mindset. minimum 3 years of experience in a similar role. Data Visualization Scikit-learn Tableau SQL Python Excel",13
JOB00209,DevOps Engineer,DevOps Engineer,Holt-Torres,Chennai,Monitoring; Linux; Terraform; AWS; Ansible,3-6 years,13-16,"Holt-Torres is hiring a DevOps Engineer for our Chennai office. You will use Monitoring, Linux, Terraform, AWS, Ansible daily and help scale our AWS capabilities. We value strong fundamentals in Linux and a collaborative mindset. Minimum 3 years of experience in a similar role.","['Monitoring', 'Linux', 'Terraform', 'AWS', 'Ansible']",Monitoring Linux Terraform AWS Ansible,3.0,6.0,4.5,13.0,16.0,14.5,"holt-torres is hiring a devops engineer for our chennai office. you will use monitoring, linux, terraform, aws, ansible daily and help scale our aws capabilities. we value strong fundamentals in linux and a collaborative mindset. minimum 3 years of experience in a similar role.","DevOps Engineer holt-torres is hiring a devops engineer for our chennai office. you will use monitoring, linux, terraform, aws, ansible daily and help scale our aws capabilities. we value strong fundamentals in linux and a collaborative mindset. minimum 3 years of experience in a similar role. Monitoring Linux Terraform AWS Ansible",10
JOB00393,Manufacturing Engineer,Mechanical Engineer,Webster Inc,Noida,Thermodynamics; MATLAB; Project Management; Manufacturing; Six Sigma; AutoCAD; Quality Control,1-4 years,17-25,"Webster Inc is hiring a Manufacturing Engineer for our Noida office. You will use Thermodynamics, MATLAB, Project Management, Manufacturing, Six Sigma, AutoCAD, Quality Control daily and help scale our MATLAB capabilities. We value strong fundamentals in AutoCAD and a collaborative mindset. Minimum 1 years of experience in a similar role.","['Thermodynamics', 'MATLAB', 'Project Management', 'Manufacturing', 'Six Sigma', 'AutoCAD', 'Quality Control']",Thermodynamics MATLAB Project Management Manufacturing Six Sigma AutoCAD Quality Control,1.0,4.0,2.5,17.0,25.0,21.0,"webster inc is hiring a manufacturing engineer for our noida office. you will use thermodynamics, matlab, project management, manufacturing, six sigma, autocad, quality control daily and help scale our matlab capabilities. we value strong fundamentals in autocad and a collaborative mindset. minimum 1 years of experience in a similar role.","Manufacturing Engineer webster inc is hiring a manufacturing engineer for our noida office. you will use thermodynamics, matlab, project management, manufacturing, six sigma, autocad, quality control daily and help scale our matlab capabilities. we value strong fundamentals in autocad and a collaborative mindset. minimum 1 years of experience in a similar role. Thermodynamics MATLAB Project Management Manufacturing Six Sigma AutoCAD Quality Control",8
JOB00176,DevOps Engineer,DevOps Engineer,King-Miller,Pune,CI/CD; Kubernetes; AWS; Jenkins; Ansible,7-10 years,19-27,"King-Miller is hiring a DevOps Engineer for our Pune office. You will use CI/CD, Kubernetes, AWS, Jenkins, Ansible daily and help scale our AWS capabilities. We value strong fundamentals in Ansible and a collaborative mindset. Minimum 7 years of experience in a similar role.","['CI/CD', 'Kubernetes', 'AWS', 'Jenkins', 'Ansible']",CI/CD Kubernetes AWS Jenkins Ansible,7.0,10.0,8.5,19.0,27.0,23.0,"king-miller is hiring a devops engineer for our pune office. you will use ci/cd, kubernetes, aws, jenkins, ansible daily and help scale our aws capabilities. we value strong fundamentals in ansible and a collaborative mindset. minimum 7 years of experience in a similar role.","DevOps Engineer king-miller is hiring a devops engineer for our pune office. you will use ci/cd, kubernetes, aws, jenkins, ansible daily and help scale our aws capabilities. we value strong fundamentals in ansible and a collaborative mindset. minimum 7 years of experience in a similar role. CI/CD Kubernetes AWS Jenkins Ansible",10
JOB00226,Cybersecurity Analyst,Network Security Engineer,Hernandez PLC,Noida,Python; Penetration Testing; Vulnerability Assessment; Risk Assessment; IDS/IPS; Network Protocols; Linux; Firewalls,3-6 years,8-11,"Exciting opportunity for a Cybersecurity Analyst at Hernandez PLC. Must be proficient in Python, Penetration Testing, Vulnerability Assessment, Risk Assessment, IDS/IPS, Network Protocols, Linux, Firewalls, with practical exposure to Network Protocols and Vulnerability Assessment. You'll work in an agile environment solving real business problems. 3+ years experience preferred.","['Python', 'Penetration Testing', 'Vulnerability Assessment', 'Risk Assessment', 'IDS/IPS', 'Network Protocols', 'Linux', 'Firewalls']",Python Penetration Testing Vulnerability Assessment Risk Assessment IDS/IPS Network Protocols Linux Firewalls,3.0,6.0,4.5,8.0,11.0,9.5,"exciting opportunity for a cybersecurity analyst at hernandez plc. must be proficient in python, penetration testing, vulnerability assessment, risk assessment, ids/ips, network protocols, linux, firewalls, with practical exposure to network protocols and vulnerability assessment. you'll work in an agile environment solving real business problems. 3+ years experience preferred.","Cybersecurity Analyst exciting opportunity for a cybersecurity analyst at hernandez plc. must be proficient in python, penetration testing, vulnerability assessment, risk assessment, ids/ips, network protocols, linux, firewalls, with practical exposure to network protocols and vulnerability assessment. you'll work in an agile environment solving real business problems. 3+ years experience preferred. Python Penetration Testing Vulnerability Assessment Risk Assessment IDS/IPS Network Protocols Linux Firewalls",14
JOB00325,HR Generalist,HR,"Diaz, Gibbs and Smith",Ahmedabad,Performance Management; HRIS; Payroll; Conflict Resolution; Employee Engagement; Onboarding,4-7 years,9-15,"Diaz, Gibbs and Smith is hiring a HR Generalist for our Ahmedabad office. You will use Performance Management, HRIS, Payroll, Conflict Resolution, Employee Engagement, Onboarding daily and help scale our Performance Management capabilities. We value strong fundamentals in Employee Engagement and a collaborative mindset. Minimum 4 years of experience in a similar role.","['Performance Management', 'HRIS', 'Payroll', 'Conflict Resolution', 'Employee Engagement', 'Onboarding']",Performance Management HRIS Payroll Conflict Resolution Employee Engagement Onboarding,4.0,7.0,5.5,9.0,15.0,12.0,"diaz, gibbs and smith is hiring a hr generalist for our ahmedabad office. you will use performance management, hris, payroll, conflict resolution, employee engagement, onboarding daily and help scale our performance management capabilities. we value strong fundamentals in employee engagement and a collaborative mindset. minimum 4 years of experience in a similar role.","HR Generalist diaz, gibbs and smith is hiring a hr generalist for our ahmedabad office. you will use performance management, hris, payroll, conflict resolution, employee engagement, onboarding daily and help scale our performance management capabilities. we value strong fundamentals in employee engagement and a collaborative mindset. minimum 4 years of experience in a similar role. Performance Management HRIS Payroll Conflict Resolution Employee Engagement Onboarding",1
JOB00024,Machine Learning Engineer,Data Science,Morales-Jones,Kolkata,Scikit-learn; Data Visualization; Excel; Statistics; Tableau,4-7 years,12-22,"Morales-Jones is hiring a Machine Learning Engineer for our Kolkata office. You will use Scikit-learn, Data Visualization, Excel, Statistics, Tableau daily and help scale our Tableau capabilities. We value strong fundamentals in Data Visualization and a collaborative mindset. Minimum 4 years of experience in a similar role.","['Scikit-learn', 'Data Visualization', 'Excel', 'Statistics', 'Tableau']",Scikit-learn Data Visualization Excel Statistics Tableau,4.0,7.0,5.5,12.0,22.0,17.0,"morales-jones is hiring a machine learning engineer for our kolkata office. you will use scikit-learn, data visualization, excel, statistics, tableau daily and help scale our tableau capabilities. we value strong fundamentals in data visualization and a collaborative mindset. minimum 4 years of experience in a similar role.","Machine Learning Engineer morales-jones is hiring a machine learning engineer for our kolkata office. you will use scikit-learn, data visualization, excel, statistics, tableau daily and help scale our tableau capabilities. we value strong fundamentals in data visualization and a collaborative mindset. minimum 4 years of experience in a similar role. Scikit-learn Data Visualization Excel Statistics Tableau",13
JOB00156,Backend Python Engineer,Python Developer,Hill Inc,Hyderabad,Docker; Django; REST API; SQL; Python,8-11 years,5-13,"Hill Inc is hiring a Backend Python Engineer for our Hyderabad office. You will use Docker, Django, REST API, SQL, Python daily and help scale our Django capabilities. We value strong fundamentals in Python and a collaborative mindset. Minimum 8 years of experience in a similar role.","['Docker', 'Django', 'REST API', 'SQL', 'Python']",Docker Django REST API SQL Python,8.0,11.0,9.5,5.0,13.0,9.0,"hill inc is hiring a backend python engineer for our hyderabad office. you will use docker, django, rest api, sql, python daily and help scale our django capabilities. we value strong fundamentals in python and a collaborative mindset. minimum 8 years of experience in a similar role.","Backend Python Engineer hill inc is hiring a backend python engineer for our hyderabad office. you will use docker, django, rest api, sql, python daily and help scale our django capabilities. we value strong fundamentals in python and a collaborative mindset. minimum 8 years of experience in a similar role. Docker Django REST API SQL Python",7
