Job_ID,Title,Category,Company,Location,Skills,Experience_Required,Salary_LPA,Description
JOB00291,Marketing Analyst,Digital Marketing,Brennan-Johnson,Chennai,Marketing Strategy; Communication; Excel; PPC; Social Media,5-8 years,16-24,"Exciting opportunity for a Marketing Analyst at Brennan-Johnson. Must be proficient in Marketing Strategy, Communication, Excel, PPC, Social Media, with practical exposure to Marketing Strategy and Communication. You'll work in an agile environment solving real business problems. 5+ years experience preferred."
JOB00109,Senior Java Developer,Java Developer,Hancock and Sons,Delhi NCR,JUnit; Microservices; Hibernate; Java; Multithreading; Git; Spring Boot,2-5 years,5-12,"We are looking for a Senior Java Developer to join our growing team. The ideal candidate has hands-on experience with JUnit, Microservices, Hibernate, Java, Multithreading, Git, Spring Boot and can work independently on JUnit-driven projects. Responsibilities include collaborating with cross-functional teams, contributing to Git initiatives, and driving continuous improvement. 2+ years of relevant experience required."
JOB00049,Frontend Developer,Web Development,Hickman Ltd,Bengaluru,MongoDB; React; CSS; Node.js; REST API,5-8 years,19-22,"Hickman Ltd is hiring a Frontend Developer for our Bengaluru office. You will use MongoDB, React, CSS, Node.js, REST API daily and help scale our React capabilities. We value strong fundamentals in Node.js and a collaborative mindset. Minimum 5 years of experience in a similar role."
JOB00017,Data Scientist,Data Science,James Group,Bengaluru,Excel; SQL; Statistics; Scikit-learn; Tableau; Pandas; Python,5-8 years,7-11,"Exciting opportunity for a Data Scientist at James Group. Must be proficient in Excel, SQL, Statistics, Scikit-learn, Tableau, Pandas, Python, with practical exposure to Statistics and Excel. You'll work in an agile environment solving real business problems. 5+ years experience preferred."
JOB00312,SEO Specialist,Digital Marketing,Parsons-Hall,Pune,PPC; Google Analytics; Communication; Email Marketing; Copywriting,6-9 years,11-14,"Exciting opportunity for a SEO Specialist at Parsons-Hall. Must be proficient in PPC, Google Analytics, Communication, Email Marketing, Copywriting, with practical exposure to Email Marketing and Copywriting. You'll work in an agile environment solving real business problems. 6+ years experience preferred."
JOB00399,Mechanical Design Engineer,Mechanical Engineer,"Brown, Harris and Dougherty",Hyderabad,Six Sigma; Project Management; AutoCAD; Thermodynamics; Manufacturing; Quality Control,4-7 years,14-22,"Exciting opportunity for a Mechanical Design Engineer at Brown, Harris and Dougherty. Must be proficient in Six Sigma, Project Management, AutoCAD, Thermodynamics, Manufacturing, Quality Control, with practical exposure to Manufacturing and Quality Control. You'll work in an agile environment solving real business problems. 4+ years experience preferred."
JOB00122,Java Developer,Java Developer,Johnson-Carlson,Chennai,JUnit; Spring Boot; Hibernate; Multithreading; Java; REST API,3-6 years,8-14,"Johnson-Carlson is hiring a Java Developer for our Chennai office. You will use JUnit, Spring Boot, Hibernate, Multithreading, Java, REST API daily and help scale our REST API capabilities. We value strong fundamentals in Spring Boot and a collaborative mindset. Minimum 3 years of experience in a similar role."
JOB00288,Marketing Analyst,Digital Marketing,Morgan-Schwartz,Ahmedabad,Excel; Email Marketing; PPC; Marketing Strategy; Social Media; Content Marketing,8-11 years,8-11,"We are looking for a Marketing Analyst to join our growing team. The ideal candidate has hands-on experience with Excel, Email Marketing, PPC, Marketing Strategy, Social Media, Content Marketing and can work independently on Content Marketing-driven projects. Responsibilities include collaborating with cross-functional teams, contributing to Email Marketing initiatives, and driving continuous improvement. 8+ years of relevant experience required."
JOB00139,Java Developer,Java Developer,"Harvey, Davis and Crane",Delhi NCR,Spring Boot; Hibernate; Microservices; Git; Java,6-9 years,9-11,"Harvey, Davis and Crane is hiring a Java Developer for our Delhi NCR office. You will use Spring Boot, Hibernate, Microservices, Git, Java daily and help scale our Spring Boot capabilities. We value strong fundamentals in Java and a collaborative mindset. Minimum 6 years of experience in a similar role."
JOB00479,UI/UX Designer,Graphic Designer,Young-Martinez,Chennai,Creativity; Photoshop; Branding; InDesign; Typography,4-7 years,10-16,"We are looking for a UI/UX Designer to join our growing team. The ideal candidate has hands-on experience with Creativity, Photoshop, Branding, InDesign, Typography and can work independently on Typography-driven projects. Responsibilities include collaborating with cross-functional teams, contributing to InDesign initiatives, and driving continuous improvement. 4+ years of relevant experience required."
JOB00427,Structural Engineer,Civil Engineer,Johnson-Wood,Hyderabad,Cost Estimation; Construction Management; AutoCAD; Structural Analysis; Project Management,5-8 years,13-19,"Exciting opportunity for a Structural Engineer at Johnson-Wood. Must be proficient in Cost Estimation, Construction Management, AutoCAD, Structural Analysis, Project Management, with practical exposure to Structural Analysis and AutoCAD. You'll work in an agile environment solving real business problems. 5+ years experience preferred."
JOB00264,Business Analyst,Business Analyst,"Lloyd, Mckinney and Collins",Ahmedabad,Excel; Power BI; SQL; Tableau; Stakeholder Management; Data Visualization,3-6 years,8-16,"We are looking for a Business Analyst to join our growing team. The ideal candidate has hands-on experience with Excel, Power BI, SQL, Tableau, Stakeholder Management, Data Visualization and can work independently on Data Visualization-driven projects. Responsibilities include collaborating with cross-functional teams, contributing to Excel initiatives, and driving continuous improvement. 3+ years of relevant experience required."
JOB00243,Cybersecurity Analyst,Network Security Engineer,Gonzales-Harrison,Noida,Cryptography; Firewalls; Network Protocols; SIEM; Risk Assessment; Vulnerability Assessment; Python; Linux,4-7 years,18-27,"We are looking for a Cybersecurity Analyst to join our growing team. The ideal candidate has hands-on experience with Cryptography, Firewalls, Network Protocols, SIEM, Risk Assessment, Vulnerability Assessment, Python, Linux and can work independently on Risk Assessment-driven projects. Responsibilities include collaborating with cross-functional teams, contributing to Python initiatives, and driving continuous improvement. 4+ years of relevant experience required."
JOB00093,Android Developer,Android Development,"Garcia, Humphrey and Baker",Noida,Firebase; Kotlin; REST API; Git; Material Design; MVVM; Android SDK; Jetpack Compose,8-11 years,14-22,"We are looking for a Android Developer to join our growing team. The ideal candidate has hands-on experience with Firebase, Kotlin, REST API, Git, Material Design, MVVM, Android SDK, Jetpack Compose and can work independently on Android SDK-driven projects. Responsibilities include collaborating with cross-functional teams, contributing to Jetpack Compose initiatives, and driving continuous improvement. 8+ years of relevant experience required."
JOB00423,Structural Engineer,Civil Engineer,"Downs, Morris and Maddox",Pune,Construction Management; Structural Analysis; Revit; Project Management,1-4 years,4-6,"Exciting opportunity for a Structural Engineer at Downs, Morris and Maddox. Must be proficient in Construction Management, Structural Analysis, Revit, Project Management, with practical exposure to Structural Analysis and Revit. You'll work in an agile environment solving real business problems. 1+ years experience preferred."
JOB00054,Full Stack Developer,Web Development,"Robinson, Jones and Welch",Noida,React; Responsive Design; Express.js; HTML; REST API; CSS,3-6 years,18-20,"We are looking for a Full Stack Developer to join our growing team. The ideal candidate has hands-on experience with React, Responsive Design, Express.js, HTML, REST API, CSS and can work independently on REST API-driven projects. Responsibilities include collaborating with cross-functional teams, contributing to Express.js initiatives, and driving continuous improvement. 3+ years of relevant experience required."
JOB00023,Machine Learning Engineer,Data Science,Perez Inc,Remote,TensorFlow; Data Visualization; NumPy; SQL; Excel; Machine Learning; A/B Testing,7-10 years,5-10,"Perez Inc is hiring a Machine Learning Engineer for our Remote office. You will use TensorFlow, Data Visualization, NumPy, SQL, Excel, Machine Learning, A/B Testing daily and help scale our NumPy capabilities. We value strong fundamentals in Excel and a collaborative mindset. Minimum 7 years of experience in a similar role."
JOB00184,Site Reliability Engineer,DevOps Engineer,"Higgins, Strickland and Martin",Mumbai,AWS; Linux; Docker; Ansible; Shell Scripting; Terraform,0-3 years,13-19,"Exciting opportunity for a Site Reliability Engineer at Higgins, Strickland and Martin. Must be proficient in AWS, Linux, Docker, Ansible, Shell Scripting, Terraform, with practical exposure to AWS and Ansible. You'll work in an agile environment solving real business problems. 0+ years experience preferred."
JOB00216,Cybersecurity Analyst,Network Security Engineer,"Carlson, Hooper and Wall",Chennai,Firewalls; Penetration Testing; Network Protocols; Linux; Cryptography; Python; IDS/IPS,8-11 years,7-15,"Exciting opportunity for a Cybersecurity Analyst at Carlson, Hooper and Wall. Must be proficient in Firewalls, Penetration Testing, Network Protocols, Linux, Cryptography, Python, IDS/IPS, with practical exposure to IDS/IPS and Python. You'll work in an agile environment solving real business problems. 8+ years experience preferred."
JOB00147,Python Developer,Python Developer,Robinson-Brock,Kolkata,Pandas; Git; Flask; Unit Testing; Celery; Python,5-8 years,16-25,"We are looking for a Python Developer to join our growing team. The ideal candidate has hands-on experience with Pandas, Git, Flask, Unit Testing, Celery, Python and can work independently on Celery-driven projects. Responsibilities include collaborating with cross-functional teams, contributing to Git initiatives, and driving continuous improvement. 5+ years of relevant experience required."
JOB00446,Structural Engineer,Civil Engineer,"Osborn, Gaines and Davis",Noida,Construction Management; Surveying; Revit; Structural Analysis; Cost Estimation; AutoCAD,7-10 years,6-10,"Osborn, Gaines and Davis is hiring a Structural Engineer for our Noida office. You will use Construction Management, Surveying, Revit, Structural Analysis, Cost Estimation, AutoCAD daily and help scale our Revit capabilities. We value strong fundamentals in Construction Management and a collaborative mindset. Minimum 7 years of experience in a similar role."
JOB00249,Business Analyst,Business Analyst,Johnston-Hines,Noida,Communication; Excel; Data Visualization; Agile; Process Improvement; Power BI,2-5 years,14-24,"We are looking for a Business Analyst to join our growing team. The ideal candidate has hands-on experience with Communication, Excel, Data Visualization, Agile, Process Improvement, Power BI and can work independently on Communication-driven projects. Responsibilities include collaborating with cross-functional teams, contributing to Process Improvement initiatives, and driving continuous improvement. 2+ years of relevant experience required."
JOB00273,Business Analyst,Business Analyst,Morgan-French,Chennai,Process Improvement; Requirements Gathering; Data Visualization; Power BI; Stakeholder Management; Communication,3-6 years,10-20,"Morgan-French is hiring a Business Analyst for our Chennai office. You will use Process Improvement, Requirements Gathering, Data Visualization, Power BI, Stakeholder Management, Communication daily and help scale our Data Visualization capabilities. We value strong fundamentals in Communication and a collaborative mindset. Minimum 3 years of experience in a similar role."
JOB00314,Marketing Analyst,Digital Marketing,Byrd-Le,Mumbai,Content Marketing; Social Media; PPC; Copywriting; Excel; Email Marketing; SEO; Communication,6-9 years,10-12,"Byrd-Le is hiring a Marketing Analyst for our Mumbai office. You will use Content Marketing, Social Media, PPC, Copywriting, Excel, Email Marketing, SEO, Communication daily and help scale our Copywriting capabilities. We value strong fundamentals in Social Media and a collaborative mindset. Minimum 6 years of experience in a similar role."
JOB00186,DevOps Engineer,DevOps Engineer,Johnston-Odonnell,Kolkata,Kubernetes; Docker; CI/CD; Monitoring; Linux; Git; Shell Scripting; Terraform,5-8 years,15-25,"We are looking for a DevOps Engineer to join our growing team. The ideal candidate has hands-on experience with Kubernetes, Docker, CI/CD, Monitoring, Linux, Git, Shell Scripting, Terraform and can work independently on CI/CD-driven projects. Responsibilities include collaborating with cross-functional teams, contributing to Kubernetes initiatives, and driving continuous improvement. 5+ years of relevant experience required."
JOB00376,Account Manager,Sales,"Pugh, Henderson and Moon",Chennai,Cold Calling; CRM; Lead Generation; Communication,5-8 years,14-16,"We are looking for a Account Manager to join our growing team. The ideal candidate has hands-on experience with Cold Calling, CRM, Lead Generation, Communication and can work independently on Lead Generation-driven projects. Responsibilities include collaborating with cross-functional teams, contributing to Cold Calling initiatives, and driving continuous improvement. 5+ years of relevant experience required."
JOB00008,Data Analyst,Data Science,"Henderson, Ramirez and Lewis",Noida,SQL; Python; Excel; TensorFlow; Scikit-learn,1-4 years,18-21,"Exciting opportunity for a Data Analyst at Henderson, Ramirez and Lewis. Must be proficient in SQL, Python, Excel, TensorFlow, Scikit-learn, with practical exposure to TensorFlow and SQL. You'll work in an agile environment solving real business problems. 1+ years experience preferred."
JOB00426,Structural Engineer,Civil Engineer,"Brown, Romero and Collins",Bengaluru,Cost Estimation; Structural Analysis; Construction Management; Project Management; Surveying; AutoCAD,6-9 years,7-10,"We are looking for a Structural Engineer to join our growing team. The ideal candidate has hands-on experience with Cost Estimation, Structural Analysis, Construction Management, Project Management, Surveying, AutoCAD and can work independently on Structural Analysis-driven projects. Responsibilities include collaborating with cross-functional teams, contributing to AutoCAD initiatives, and driving continuous improvement. 6+ years of relevant experience required."
JOB00173,Python Developer,Python Developer,White-Green,Remote,Git; SQL; Pandas; Python; Unit Testing; Docker; Celery,1-4 years,16-23,"White-Green is hiring a Python Developer for our Remote office. You will use Git, SQL, Pandas, Python, Unit Testing, Docker, Celery daily and help scale our SQL capabilities. We value strong fundamentals in Docker and a collaborative mindset. Minimum 1 years of experience in a similar role."
JOB00137,Backend Java Engineer,Java Developer,"Lewis, Kennedy and Santana",Pune,Multithreading; Microservices; SQL; Git,1-4 years,15-25,"We are looking for a Backend Java Engineer to join our growing team. The ideal candidate has hands-on experience with Multithreading, Microservices, SQL, Git and can work independently on Multithreading-driven projects. Responsibilities include collaborating with cross-functional teams, contributing to Git initiatives, and driving continuous improvement. 1+ years of relevant experience required."
JOB00512,Nutrition Consultant,Health and Fitness,"Whitney, Gould and Jones",Remote,Exercise Physiology; Program Design; CPR Certified; Communication,1-4 years,11-19,"We are looking for a Nutrition Consultant to join our growing team. The ideal candidate has hands-on experience with Exercise Physiology, Program Design, CPR Certified, Communication and can work independently on Exercise Physiology-driven projects. Responsibilities include collaborating with cross-functional teams, contributing to CPR Certified initiatives, and driving continuous improvement. 1+ years of relevant experience required."
JOB00180,DevOps Engineer,DevOps Engineer,Howell and Sons,Delhi NCR,Terraform; CI/CD; Kubernetes; Monitoring; Shell Scripting,5-8 years,14-16,"We are looking for a DevOps Engineer to join our growing team. The ideal candidate has hands-on experience with Terraform, CI/CD, Kubernetes, Monitoring, Shell Scripting and can work independently on Kubernetes-driven projects. Responsibilities include collaborating with cross-functional teams, contributing to Terraform initiatives, and driving continuous improvement. 5+ years of relevant experience required."
JOB00497,Fitness Trainer,Health and Fitness,Blackwell LLC,Chennai,CPR Certified; Exercise Physiology; Nutrition Planning; Communication,0-3 years,6-9,"Exciting opportunity for a Fitness Trainer at Blackwell LLC. Must be proficient in CPR Certified, Exercise Physiology, Nutrition Planning, Communication, with practical exposure to Exercise Physiology and CPR Certified. You'll work in an agile environment solving real business problems. 0+ years experience preferred."
JOB00522,Wellness Coach,Health and Fitness,Holmes-Mcintyre,Noida,Nutrition Planning; CPR Certified; Exercise Physiology; Client Assessment; Communication; First Aid; Program Design,8-11 years,17-26,"We are looking for a Wellness Coach to join our growing team. The ideal candidate has hands-on experience with Nutrition Planning, CPR Certified, Exercise Physiology, Client Assessment, Communication, First Aid, Program Design and can work independently on CPR Certified-driven projects. Responsibilities include collaborating with cross-functional teams, contributing to Exercise Physiology initiatives, and driving continuous improvement. 8+ years of relevant experience required."
JOB00299,Digital Marketing Executive,Digital Marketing,"Sparks, Jackson and Miller",Ahmedabad,Excel; Copywriting; SEO; Communication,3-6 years,18-20,"We are looking for a Digital Marketing Executive to join our growing team. The ideal candidate has hands-on experience with Excel, Copywriting, SEO, Communication and can work independently on SEO-driven projects. Responsibilities include collaborating with cross-functional teams, contributing to Excel initiatives, and driving continuous improvement. 3+ years of relevant experience required."
JOB00235,Cybersecurity Analyst,Network Security Engineer,Ortiz Ltd,Noida,Vulnerability Assessment; Risk Assessment; Linux; SIEM,2-5 years,6-9,"We are looking for a Cybersecurity Analyst to join our growing team. The ideal candidate has hands-on experience with Vulnerability Assessment, Risk Assessment, Linux, SIEM and can work independently on SIEM-driven projects. Responsibilities include collaborating with cross-functional teams, contributing to Linux initiatives, and driving continuous improvement. 2+ years of relevant experience required."
JOB00456,UI/UX Designer,Graphic Designer,Diaz-Ball,Kolkata,UI/UX; Illustrator; Branding; Photoshop; Communication; Typography; Creativity; InDesign,2-5 years,13-18,"Exciting opportunity for a UI/UX Designer at Diaz-Ball. Must be proficient in UI/UX, Illustrator, Branding, Photoshop, Communication, Typography, Creativity, InDesign, with practical exposure to Creativity and Communication. You'll work in an agile environment solving real business problems. 2+ years experience preferred."
JOB00221,Cybersecurity Analyst,Network Security Engineer,Garcia-Smith,Noida,IDS/IPS; Cryptography; Risk Assessment; Network Protocols,2-5 years,15-23,"Garcia-Smith is hiring a Cybersecurity Analyst for our Noida office. You will use IDS/IPS, Cryptography, Risk Assessment, Network Protocols daily and help scale our Cryptography capabilities. We value strong fundamentals in Risk Assessment and a collaborative mindset. Minimum 2 years of experience in a similar role."
JOB00028,Data Scientist,Data Science,"Hoffman, Baker and Richards",Noida,Scikit-learn; SQL; Excel; A/B Testing; Machine Learning; NumPy; TensorFlow; Statistics,3-6 years,13-20,"Hoffman, Baker and Richards is hiring a Data Scientist for our Noida office. You will use Scikit-learn, SQL, Excel, A/B Testing, Machine Learning, NumPy, TensorFlow, Statistics daily and help scale our Machine Learning capabilities. We value strong fundamentals in Scikit-learn and a collaborative mindset. Minimum 3 years of experience in a similar role."
JOB00135,Java Developer,Java Developer,Mitchell-Jordan,Hyderabad,Spring Boot; Multithreading; Microservices; Git; Hibernate; JUnit; Java,5-8 years,14-23,"Mitchell-Jordan is hiring a Java Developer for our Hyderabad office. You will use Spring Boot, Multithreading, Microservices, Git, Hibernate, JUnit, Java daily and help scale our Java capabilities. We value strong fundamentals in Git and a collaborative mindset. Minimum 5 years of experience in a similar role."
JOB00276,Business Analyst,Business Analyst,"Burns, Hernandez and Ryan",Noida,Process Improvement; Power BI; Excel; Agile,8-11 years,16-21,"Exciting opportunity for a Business Analyst at Burns, Hernandez and Ryan. Must be proficient in Process Improvement, Power BI, Excel, Agile, with practical exposure to Process Improvement and Excel. You'll work in an agile environment solving real business problems. 8+ years experience preferred."
JOB00304,SEO Specialist,Digital Marketing,Jones LLC,Kolkata,Communication; Content Marketing; SEO; Excel; Email Marketing; Social Media; Google Analytics; Marketing Strategy,3-6 years,20-30,"Jones LLC is hiring a SEO Specialist for our Kolkata office. You will use Communication, Content Marketing, SEO, Excel, Email Marketing, Social Media, Google Analytics, Marketing Strategy daily and help scale our Email Marketing capabilities. We value strong fundamentals in Content Marketing and a collaborative mindset. Minimum 3 years of experience in a similar role."
JOB00238,Network Security Engineer,Network Security Engineer,"Hall, Baker and Moody",Remote,Linux; Penetration Testing; Vulnerability Assessment; IDS/IPS; Python; Firewalls; Cryptography; SIEM,7-10 years,12-18,"We are looking for a Network Security Engineer to join our growing team. The ideal candidate has hands-on experience with Linux, Penetration Testing, Vulnerability Assessment, IDS/IPS, Python, Firewalls, Cryptography, SIEM and can work independently on Linux-driven projects. Responsibilities include collaborating with cross-functional teams, contributing to IDS/IPS initiatives, and driving continuous improvement. 7+ years of relevant experience required."
JOB00031,Data Scientist,Data Science,Burton Ltd,Delhi NCR,Tableau; NumPy; Machine Learning; Python; Data Visualization,5-8 years,16-26,"Exciting opportunity for a Data Scientist at Burton Ltd. Must be proficient in Tableau, NumPy, Machine Learning, Python, Data Visualization, with practical exposure to Python and Data Visualization. You'll work in an agile environment solving real business problems. 5+ years experience preferred."
JOB00362,Account Manager,Sales,Lam LLC,Remote,Client Relationship Management; Cold Calling; Sales Strategy; Lead Generation; Negotiation; Communication; Excel; CRM,5-8 years,18-23,"Lam LLC is hiring a Account Manager for our Remote office. You will use Client Relationship Management, Cold Calling, Sales Strategy, Lead Generation, Negotiation, Communication, Excel, CRM daily and help scale our Lead Generation capabilities. We value strong fundamentals in Cold Calling and a collaborative mindset. Minimum 5 years of experience in a similar role."
JOB00283,SEO Specialist,Digital Marketing,"Pollard, Simpson and Johnson",Ahmedabad,Google Analytics; Content Marketing; Social Media; Communication; SEO; PPC; Excel; Copywriting,2-5 years,17-25,"Exciting opportunity for a SEO Specialist at Pollard, Simpson and Johnson. Must be proficient in Google Analytics, Content Marketing, Social Media, Communication, SEO, PPC, Excel, Copywriting, with practical exposure to Social Media and PPC. You'll work in an agile environment solving real business problems. 2+ years experience preferred."
JOB00515,Wellness Coach,Health and Fitness,"Gregory, Kim and Martinez",Bengaluru,First Aid; Nutrition Planning; Communication; Program Design,2-5 years,18-25,"Gregory, Kim and Martinez is hiring a Wellness Coach for our Bengaluru office. You will use First Aid, Nutrition Planning, Communication, Program Design daily and help scale our Communication capabilities. We value strong fundamentals in Nutrition Planning and a collaborative mindset. Minimum 2 years of experience in a similar role."
JOB00006,Data Analyst,Data Science,"Gardner, Robinson and Lawrence",Pune,SQL; Python; Statistics; Scikit-learn; Excel; A/B Testing; Machine Learning,0-3 years,10-14,"We are looking for a Data Analyst to join our growing team. The ideal candidate has hands-on experience with SQL, Python, Statistics, Scikit-learn, Excel, A/B Testing, Machine Learning and can work independently on Scikit-learn-driven projects. Responsibilities include collaborating with cross-functional teams, contributing to SQL initiatives, and driving continuous improvement. 0+ years of relevant experience required."
JOB00169,Backend Python Engineer,Python Developer,"Yates, Ramsey and Pittman",Mumbai,Git; Unit Testing; Flask; SQL; Django; Python; Celery,8-11 years,9-16,"Yates, Ramsey and Pittman is hiring a Backend Python Engineer for our Mumbai office. You will use Git, Unit Testing, Flask, SQL, Django, Python, Celery daily and help scale our Celery capabilities. We value strong fundamentals in Python and a collaborative mindset. Minimum 8 years of experience in a similar role."
JOB00220,Cybersecurity Analyst,Network Security Engineer,Terry-Martinez,Noida,Python; Cryptography; Penetration Testing; IDS/IPS; Vulnerability Assessment; Risk Assessment,5-8 years,13-21,"Terry-Martinez is hiring a Cybersecurity Analyst for our Noida office. You will use Python, Cryptography, Penetration Testing, IDS/IPS, Vulnerability Assessment, Risk Assessment daily and help scale our IDS/IPS capabilities. We value strong fundamentals in Cryptography and a collaborative mindset. Minimum 5 years of experience in a similar role."
JOB00242,Cybersecurity Analyst,Network Security Engineer,Larson-Holloway,Chennai,Risk Assessment; Python; Network Protocols; Penetration Testing; Linux; Vulnerability Assessment; Cryptography; Firewalls,0-3 years,13-20,"Exciting opportunity for a Cybersecurity Analyst at Larson-Holloway. Must be proficient in Risk Assessment, Python, Network Protocols, Penetration Testing, Linux, Vulnerability Assessment, Cryptography, Firewalls, with practical exposure to Python and Firewalls. You'll work in an agile environment solving real business problems. 0+ years experience preferred."
JOB00514,Nutrition Consultant,Health and Fitness,Cisneros and Sons,Pune,First Aid; Communication; Program Design; CPR Certified; Client Assessment,2-5 years,6-14,"Cisneros and Sons is hiring a Nutrition Consultant for our Pune office. You will use First Aid, Communication, Program Design, CPR Certified, Client Assessment daily and help scale our Client Assessment capabilities. We value strong fundamentals in Program Design and a collaborative mindset. Minimum 2 years of experience in a similar role."
JOB00476,Graphic Designer,Graphic Designer,Gilbert-Bullock,Bengaluru,Typography; UI/UX; Illustrator; Photoshop,8-11 years,5-10,"We are looking for a Graphic Designer to join our growing team. The ideal candidate has hands-on experience with Typography, UI/UX, Illustrator, Photoshop and can work independently on UI/UX-driven projects. Responsibilities include collaborating with cross-functional teams, contributing to Photoshop initiatives, and driving continuous improvement. 8+ years of relevant experience required."
JOB00100,Mobile App Developer,Android Development,Walsh LLC,Hyderabad,Java; Kotlin; REST API; SQLite; Firebase; Jetpack Compose; Git; Android SDK,8-11 years,7-15,"Exciting opportunity for a Mobile App Developer at Walsh LLC. Must be proficient in Java, Kotlin, REST API, SQLite, Firebase, Jetpack Compose, Git, Android SDK, with practical exposure to Android SDK and Firebase. You'll work in an agile environment solving real business problems. 8+ years experience preferred."
JOB00261,Product Analyst,Business Analyst,Wolf-Harris,Bengaluru,Communication; Excel; Requirements Gathering; Process Improvement,7-10 years,17-26,"Exciting opportunity for a Product Analyst at Wolf-Harris. Must be proficient in Communication, Excel, Requirements Gathering, Process Improvement, with practical exposure to Excel and Process Improvement. You'll work in an agile environment solving real business problems. 7+ years experience preferred."
JOB00301,Digital Marketing Executive,Digital Marketing,"Thomas, Murray and King",Hyderabad,Communication; Google Analytics; Marketing Strategy; SEO; Copywriting; Excel; PPC; Social Media,0-3 years,18-21,"Thomas, Murray and King is hiring a Digital Marketing Executive for our Hyderabad office. You will use Communication, Google Analytics, Marketing Strategy, SEO, Copywriting, Excel, PPC, Social Media daily and help scale our SEO capabilities. We value strong fundamentals in Excel and a collaborative mindset. Minimum 0 years of experience in a similar role."
JOB00407,Manufacturing Engineer,Mechanical Engineer,Berry-Mckinney,Mumbai,SolidWorks; MATLAB; Six Sigma; Thermodynamics; Project Management; Quality Control,2-5 years,11-18,"We are looking for a Manufacturing Engineer to join our growing team. The ideal candidate has hands-on experience with SolidWorks, MATLAB, Six Sigma, Thermodynamics, Project Management, Quality Control and can work independently on Project Management-driven projects. Responsibilities include collaborating with cross-functional teams, contributing to Six Sigma initiatives, and driving continuous improvement. 2+ years of relevant experience required."
JOB00136,Backend Java Engineer,Java Developer,"Lawson, Morris and Ramos",Ahmedabad,Maven; Microservices; Git; Spring Boot; Multithreading; JUnit; SQL,6-9 years,11-19,"Lawson, Morris and Ramos is hiring a Backend Java Engineer for our Ahmedabad office. You will use Maven, Microservices, Git, Spring Boot, Multithreading, JUnit, SQL daily and help scale our Multithreading capabilities. We value strong fundamentals in SQL and a collaborative mindset. Minimum 6 years of experience in a similar role."
JOB00045,Frontend Developer,Web Development,"Arroyo, Miller and Tucker",Remote,Responsive Design; Express.js; CSS; Git,4-7 years,10-15,"Arroyo, Miller and Tucker is hiring a Frontend Developer for our Remote office. You will use Responsive Design, Express.js, CSS, Git daily and help scale our Responsive Design capabilities. We value strong fundamentals in Git and a collaborative mindset. Minimum 4 years of experience in a similar role."
JOB00503,Wellness Coach,Health and Fitness,Morgan-Lopez,Remote,Client Assessment; Communication; Nutrition Planning; First Aid,2-5 years,14-22,"Morgan-Lopez is hiring a Wellness Coach for our Remote office. You will use Client Assessment, Communication, Nutrition Planning, First Aid daily and help scale our Communication capabilities. We value strong fundamentals in Client Assessment and a collaborative mindset. Minimum 2 years of experience in a similar role."
JOB00178,DevOps Engineer,DevOps Engineer,Walker-Jones,Kolkata,Linux; Monitoring; Jenkins; Terraform; Ansible; Docker; Shell Scripting,6-9 years,6-15,"Walker-Jones is hiring a DevOps Engineer for our Kolkata office. You will use Linux, Monitoring, Jenkins, Terraform, Ansible, Docker, Shell Scripting daily and help scale our Ansible capabilities. We value strong fundamentals in Jenkins and a collaborative mindset. Minimum 6 years of experience in a similar role."
JOB00525,Nutrition Consultant,Health and Fitness,Gonzalez-Taylor,Pune,Communication; Program Design; Client Assessment; CPR Certified; Exercise Physiology; Nutrition Planning,3-6 years,15-20,"Gonzalez-Taylor is hiring a Nutrition Consultant for our Pune office. You will use Communication, Program Design, Client Assessment, CPR Certified, Exercise Physiology, Nutrition Planning daily and help scale our Exercise Physiology capabilities. We value strong fundamentals in Nutrition Planning and a collaborative mindset. Minimum 3 years of experience in a similar role."
JOB00058,Web Developer,Web Development,"Johnston, Sanchez and Kennedy",Hyderabad,HTML; Git; TypeScript; CSS; Express.js; JavaScript; Node.js,8-11 years,16-25,"Johnston, Sanchez and Kennedy is hiring a Web Developer for our Hyderabad office. You will use HTML, Git, TypeScript, CSS, Express.js, JavaScript, Node.js daily and help scale our JavaScript capabilities. We value strong fundamentals in Git and a collaborative mindset. Minimum 8 years of experience in a similar role."
JOB00494,Nutrition Consultant,Health and Fitness,"Marshall, Dominguez and Welch",Ahmedabad,Communication; Nutrition Planning; CPR Certified; Program Design,4-7 years,14-23,"We are looking for a Nutrition Consultant to join our growing team. The ideal candidate has hands-on experience with Communication, Nutrition Planning, CPR Certified, Program Design and can work independently on Nutrition Planning-driven projects. Responsibilities include collaborating with cross-functional teams, contributing to CPR Certified initiatives, and driving continuous improvement. 4+ years of relevant experience required."
JOB00302,Digital Marketing Executive,Digital Marketing,Estrada-Nolan,Chennai,Email Marketing; Social Media; Content Marketing; Communication; SEO,6-9 years,14-22,"Exciting opportunity for a Digital Marketing Executive at Estrada-Nolan. Must be proficient in Email Marketing, Social Media, Content Marketing, Communication, SEO, with practical exposure to Content Marketing and Social Media. You'll work in an agile environment solving real business problems. 6+ years experience preferred."
JOB00349,HR Executive,HR,Schroeder-Kramer,Pune,Onboarding; Employee Engagement; Excel; Performance Management; Recruitment,3-6 years,7-17,"Schroeder-Kramer is hiring a HR Executive for our Pune office. You will use Onboarding, Employee Engagement, Excel, Performance Management, Recruitment daily and help scale our Recruitment capabilities. We value strong fundamentals in Performance Management and a collaborative mindset. Minimum 3 years of experience in a similar role."
JOB00374,Sales Executive,Sales,"Watson, Anderson and Brown",Hyderabad,Negotiation; CRM; Sales Strategy; Excel; Cold Calling; Communication,8-11 years,5-10,"We are looking for a Sales Executive to join our growing team. The ideal candidate has hands-on experience with Negotiation, CRM, Sales Strategy, Excel, Cold Calling, Communication and can work independently on Communication-driven projects. Responsibilities include collaborating with cross-functional teams, contributing to Excel initiatives, and driving continuous improvement. 8+ years of relevant experience required."
JOB00268,Business Analyst,Business Analyst,Jimenez Ltd,Delhi NCR,Requirements Gathering; SQL; Stakeholder Management; Communication,7-10 years,18-25,"We are looking for a Business Analyst to join our growing team. The ideal candidate has hands-on experience with Requirements Gathering, SQL, Stakeholder Management, Communication and can work independently on Communication-driven projects. Responsibilities include collaborating with cross-functional teams, contributing to Requirements Gathering initiatives, and driving continuous improvement. 7+ years of relevant experience required."
JOB00214,Cybersecurity Analyst,Network Security Engineer,"Tapia, Vaughn and Lee",Chennai,Python; SIEM; IDS/IPS; Penetration Testing; Cryptography,2-5 years,10-13,"Exciting opportunity for a Cybersecurity Analyst at Tapia, Vaughn and Lee. Must be proficient in Python, SIEM, IDS/IPS, Penetration Testing, Cryptography, with practical exposure to Python and Penetration Testing. You'll work in an agile environment solving real business problems. 2+ years experience preferred."
JOB00159,Python Developer,Python Developer,Mccarthy Inc,Ahmedabad,REST API; Flask; SQL; Unit Testing; Docker; Git,7-10 years,16-18,"Mccarthy Inc is hiring a Python Developer for our Ahmedabad office. You will use REST API, Flask, SQL, Unit Testing, Docker, Git daily and help scale our Git capabilities. We value strong fundamentals in Unit Testing and a collaborative mindset. Minimum 7 years of experience in a similar role."
JOB00075,Mobile App Developer,Android Development,Novak PLC,Hyderabad,Android SDK; Kotlin; MVVM; Firebase; Git,0-3 years,12-21,"We are looking for a Mobile App Developer to join our growing team. The ideal candidate has hands-on experience with Android SDK, Kotlin, MVVM, Firebase, Git and can work independently on Firebase-driven projects. Responsibilities include collaborating with cross-functional teams, contributing to MVVM initiatives, and driving continuous improvement. 0+ years of relevant experience required."
JOB00175,Python Developer,Python Developer,Ramirez-Bean,Hyderabad,REST API; Django; SQL; Celery; Python; Pandas; Git; Flask,8-11 years,4-11,"We are looking for a Python Developer to join our growing team. The ideal candidate has hands-on experience with REST API, Django, SQL, Celery, Python, Pandas, Git, Flask and can work independently on Pandas-driven projects. Responsibilities include collaborating with cross-functional teams, contributing to REST API initiatives, and driving continuous improvement. 8+ years of relevant experience required."
JOB00333,Talent Acquisition Specialist,HR,Torres Group,Ahmedabad,Performance Management; Employee Engagement; Payroll; Onboarding; HRIS; Conflict Resolution,0-3 years,7-15,"Exciting opportunity for a Talent Acquisition Specialist at Torres Group. Must be proficient in Performance Management, Employee Engagement, Payroll, Onboarding, HRIS, Conflict Resolution, with practical exposure to Onboarding and Employee Engagement. You'll work in an agile environment solving real business problems. 0+ years experience preferred."
JOB00171,Backend Python Engineer,Python Developer,Meadows PLC,Kolkata,Flask; SQL; Unit Testing; Celery; Django; REST API,3-6 years,6-10,"Meadows PLC is hiring a Backend Python Engineer for our Kolkata office. You will use Flask, SQL, Unit Testing, Celery, Django, REST API daily and help scale our REST API capabilities. We value strong fundamentals in Flask and a collaborative mindset. Minimum 3 years of experience in a similar role."
JOB00275,Product Analyst,Business Analyst,Monroe-Carpenter,Kolkata,Requirements Gathering; Communication; Excel; Data Visualization,1-4 years,6-9,"Monroe-Carpenter is hiring a Product Analyst for our Kolkata office. You will use Requirements Gathering, Communication, Excel, Data Visualization daily and help scale our Communication capabilities. We value strong fundamentals in Excel and a collaborative mindset. Minimum 1 years of experience in a similar role."
JOB00066,Frontend Developer,Web Development,Morton-Chase,Hyderabad,HTML; CSS; TypeScript; Git; Node.js; React; JavaScript,6-9 years,8-13,"Exciting opportunity for a Frontend Developer at Morton-Chase. Must be proficient in HTML, CSS, TypeScript, Git, Node.js, React, JavaScript, with practical exposure to TypeScript and CSS. You'll work in an agile environment solving real business problems. 6+ years experience preferred."
JOB00508,Fitness Trainer,Health and Fitness,Parker-Morrison,Hyderabad,First Aid; CPR Certified; Communication; Exercise Physiology; Nutrition Planning; Client Assessment,0-3 years,10-19,"Exciting opportunity for a Fitness Trainer at Parker-Morrison. Must be proficient in First Aid, CPR Certified, Communication, Exercise Physiology, Nutrition Planning, Client Assessment, with practical exposure to Nutrition Planning and CPR Certified. You'll work in an agile environment solving real business problems. 0+ years experience preferred."
JOB00408,Mechanical Design Engineer,Mechanical Engineer,Roberts-Sullivan,Mumbai,Manufacturing; Six Sigma; Thermodynamics; Quality Control; AutoCAD; SolidWorks; MATLAB; Project Management,6-9 years,5-12,"Roberts-Sullivan is hiring a Mechanical Design Engineer for our Mumbai office. You will use Manufacturing, Six Sigma, Thermodynamics, Quality Control, AutoCAD, SolidWorks, MATLAB, Project Management daily and help scale our Manufacturing capabilities. We value strong fundamentals in AutoCAD and a collaborative mindset. Minimum 6 years of experience in a similar role."
JOB00174,Backend Python Engineer,Python Developer,Lewis-Murphy,Delhi NCR,Flask; Celery; REST API; Python; Django; Docker; Pandas,1-4 years,4-8,"Exciting opportunity for a Backend Python Engineer at Lewis-Murphy. Must be proficient in Flask, Celery, REST API, Python, Django, Docker, Pandas, with practical exposure to Python and Django. You'll work in an agile environment solving real business problems. 1+ years experience preferred."
JOB00396,Mechanical Design Engineer,Mechanical Engineer,Reed Inc,Mumbai,Project Management; Quality Control; Six Sigma; Manufacturing; AutoCAD; Thermodynamics; MATLAB; SolidWorks,1-4 years,17-25,"Exciting opportunity for a Mechanical Design Engineer at Reed Inc. Must be proficient in Project Management, Quality Control, Six Sigma, Manufacturing, AutoCAD, Thermodynamics, MATLAB, SolidWorks, with practical exposure to Thermodynamics and AutoCAD. You'll work in an agile environment solving real business problems. 1+ years experience preferred."
JOB00520,Nutrition Consultant,Health and Fitness,"Richardson, Edwards and Ramirez",Noida,Program Design; CPR Certified; Client Assessment; Exercise Physiology,3-6 years,19-26,"Exciting opportunity for a Nutrition Consultant at Richardson, Edwards and Ramirez. Must be proficient in Program Design, CPR Certified, Client Assessment, Exercise Physiology, with practical exposure to Client Assessment and Program Design. You'll work in an agile environment solving real business problems. 3+ years experience preferred."
JOB00250,Business Analyst,Business Analyst,Ruiz Ltd,Mumbai,Communication; Tableau; Requirements Gathering; Agile; Stakeholder Management; Excel; SQL; Power BI,1-4 years,7-17,"Exciting opportunity for a Business Analyst at Ruiz Ltd. Must be proficient in Communication, Tableau, Requirements Gathering, Agile, Stakeholder Management, Excel, SQL, Power BI, with practical exposure to SQL and Stakeholder Management. You'll work in an agile environment solving real business problems. 1+ years experience preferred."
JOB00432,Civil Site Engineer,Civil Engineer,"Lopez, Jacobs and Mason",Chennai,Cost Estimation; Construction Management; AutoCAD; Structural Analysis,8-11 years,5-8,"Lopez, Jacobs and Mason is hiring a Civil Site Engineer for our Chennai office. You will use Cost Estimation, Construction Management, AutoCAD, Structural Analysis daily and help scale our Construction Management capabilities. We value strong fundamentals in AutoCAD and a collaborative mindset. Minimum 8 years of experience in a similar role."
JOB00375,Sales Executive,Sales,"Hoffman, Santiago and Jenkins",Ahmedabad,Excel; Client Relationship Management; Communication; CRM; Cold Calling; Negotiation,2-5 years,7-11,"Hoffman, Santiago and Jenkins is hiring a Sales Executive for our Ahmedabad office. You will use Excel, Client Relationship Management, Communication, CRM, Cold Calling, Negotiation daily and help scale our Negotiation capabilities. We value strong fundamentals in Client Relationship Management and a collaborative mindset. Minimum 2 years of experience in a similar role."
JOB00279,Business Analyst,Business Analyst,Pollard and Sons,Remote,SQL; Agile; Requirements Gathering; Stakeholder Management; Excel; Process Improvement; Communication; Power BI,5-8 years,6-9,"We are looking for a Business Analyst to join our growing team. The ideal candidate has hands-on experience with SQL, Agile, Requirements Gathering, Stakeholder Management, Excel, Process Improvement, Communication, Power BI and can work independently on Excel-driven projects. Responsibilities include collaborating with cross-functional teams, contributing to Requirements Gathering initiatives, and driving continuous improvement. 5+ years of relevant experience required."
JOB00067,Web Developer,Web Development,Williams PLC,Bengaluru,JavaScript; Express.js; CSS; MongoDB; Node.js; TypeScript; REST API,3-6 years,17-26,"Williams PLC is hiring a Web Developer for our Bengaluru office. You will use JavaScript, Express.js, CSS, MongoDB, Node.js, TypeScript, REST API daily and help scale our Express.js capabilities. We value strong fundamentals in REST API and a collaborative mindset. Minimum 3 years of experience in a similar role."
JOB00448,Civil Site Engineer,Civil Engineer,Bean LLC,Delhi NCR,Structural Analysis; Project Management; Revit; Cost Estimation; Surveying; Construction Management; AutoCAD,7-10 years,13-19,"We are looking for a Civil Site Engineer to join our growing team. The ideal candidate has hands-on experience with Structural Analysis, Project Management, Revit, Cost Estimation, Surveying, Construction Management, AutoCAD and can work independently on Structural Analysis-driven projects. Responsibilities include collaborating with cross-functional teams, contributing to Construction Management initiatives, and driving continuous improvement. 7+ years of relevant experience required."
JOB00523,Fitness Trainer,Health and Fitness,Green LLC,Hyderabad,First Aid; CPR Certified; Program Design; Client Assessment,1-4 years,5-8,"We are looking for a Fitness Trainer to join our growing team. The ideal candidate has hands-on experience with First Aid, CPR Certified, Program Design, Client Assessment and can work independently on First Aid-driven projects. Responsibilities include collaborating with cross-functional teams, contributing to CPR Certified initiatives, and driving continuous improvement. 1+ years of relevant experience required."
JOB00387,Manufacturing Engineer,Mechanical Engineer,"Morales, Thomas and Schultz",Hyderabad,Thermodynamics; Quality Control; Project Management; MATLAB; AutoCAD; Six Sigma; SolidWorks; Manufacturing,8-11 years,9-14,"Exciting opportunity for a Manufacturing Engineer at Morales, Thomas and Schultz. Must be proficient in Thermodynamics, Quality Control, Project Management, MATLAB, AutoCAD, Six Sigma, SolidWorks, Manufacturing, with practical exposure to Project Management and Thermodynamics. You'll work in an agile environment solving real business problems. 8+ years experience preferred."
JOB00305,Digital Marketing Executive,Digital Marketing,"Evans, Hayden and Vaughn",Bengaluru,Google Analytics; Marketing Strategy; Social Media; Content Marketing; Copywriting; Communication,4-7 years,8-17,"Evans, Hayden and Vaughn is hiring a Digital Marketing Executive for our Bengaluru office. You will use Google Analytics, Marketing Strategy, Social Media, Content Marketing, Copywriting, Communication daily and help scale our Copywriting capabilities. We value strong fundamentals in Marketing Strategy and a collaborative mindset. Minimum 4 years of experience in a similar role."
JOB00482,Graphic Designer,Graphic Designer,Carlson-Smith,Chennai,UI/UX; Typography; Illustrator; Communication,0-3 years,10-19,"Carlson-Smith is hiring a Graphic Designer for our Chennai office. You will use UI/UX, Typography, Illustrator, Communication daily and help scale our Typography capabilities. We value strong fundamentals in UI/UX and a collaborative mindset. Minimum 0 years of experience in a similar role."
JOB00105,Android Developer,Android Development,Nolan-Flynn,Ahmedabad,Java; Kotlin; Material Design; Firebase; MVVM; Jetpack Compose,8-11 years,4-8,"Nolan-Flynn is hiring a Android Developer for our Ahmedabad office. You will use Java, Kotlin, Material Design, Firebase, MVVM, Jetpack Compose daily and help scale our Firebase capabilities. We value strong fundamentals in Java and a collaborative mindset. Minimum 8 years of experience in a similar role."
JOB00390,Manufacturing Engineer,Mechanical Engineer,Moore-Collins,Pune,Manufacturing; Six Sigma; SolidWorks; Project Management; Quality Control,3-6 years,8-16,"Moore-Collins is hiring a Manufacturing Engineer for our Pune office. You will use Manufacturing, Six Sigma, SolidWorks, Project Management, Quality Control daily and help scale our Manufacturing capabilities. We value strong fundamentals in Six Sigma and a collaborative mindset. Minimum 3 years of experience in a similar role."
JOB00471,Graphic Designer,Graphic Designer,Walker-Flores,Chennai,Creativity; Figma; Typography; UI/UX; Communication; Photoshop; Illustrator,7-10 years,13-17,"Walker-Flores is hiring a Graphic Designer for our Chennai office. You will use Creativity, Figma, Typography, UI/UX, Communication, Photoshop, Illustrator daily and help scale our Photoshop capabilities. We value strong fundamentals in Communication and a collaborative mindset. Minimum 7 years of experience in a similar role."
JOB00511,Wellness Coach,Health and Fitness,Mendez-Graham,Remote,CPR Certified; Exercise Physiology; Client Assessment; Program Design; First Aid; Nutrition Planning,3-6 years,9-17,"We are looking for a Wellness Coach to join our growing team. The ideal candidate has hands-on experience with CPR Certified, Exercise Physiology, Client Assessment, Program Design, First Aid, Nutrition Planning and can work independently on Program Design-driven projects. Responsibilities include collaborating with cross-functional teams, contributing to Exercise Physiology initiatives, and driving continuous improvement. 3+ years of relevant experience required."
JOB00072,Android Developer,Android Development,House-Glover,Delhi NCR,Jetpack Compose; SQLite; Material Design; Git; Kotlin; Java; Android SDK,0-3 years,18-23,"House-Glover is hiring a Android Developer for our Delhi NCR office. You will use Jetpack Compose, SQLite, Material Design, Git, Kotlin, Java, Android SDK daily and help scale our Android SDK capabilities. We value strong fundamentals in Java and a collaborative mindset. Minimum 0 years of experience in a similar role."
JOB00445,Structural Engineer,Civil Engineer,"Conner, Li and Santiago",Hyderabad,AutoCAD; Revit; Structural Analysis; Construction Management; Cost Estimation,0-3 years,9-11,"Conner, Li and Santiago is hiring a Structural Engineer for our Hyderabad office. You will use AutoCAD, Revit, Structural Analysis, Construction Management, Cost Estimation daily and help scale our Construction Management capabilities. We value strong fundamentals in Cost Estimation and a collaborative mindset. Minimum 0 years of experience in a similar role."
JOB00117,Senior Java Developer,Java Developer,Ross LLC,Pune,Microservices; Spring Boot; JUnit; Maven; Git; REST API; Java; SQL,3-6 years,14-20,"We are looking for a Senior Java Developer to join our growing team. The ideal candidate has hands-on experience with Microservices, Spring Boot, JUnit, Maven, Git, REST API, Java, SQL and can work independently on SQL-driven projects. Responsibilities include collaborating with cross-functional teams, contributing to Microservices initiatives, and driving continuous improvement. 3+ years of relevant experience required."
JOB00061,Web Developer,Web Development,"Brown, Valdez and Lucas",Chennai,Git; TypeScript; JavaScript; React,6-9 years,19-26,"Exciting opportunity for a Web Developer at Brown, Valdez and Lucas. Must be proficient in Git, TypeScript, JavaScript, React, with practical exposure to JavaScript and React. You'll work in an agile environment solving real business problems. 6+ years experience preferred."
JOB00439,Structural Engineer,Civil Engineer,Davis-Gregory,Ahmedabad,Project Management; Revit; Cost Estimation; Structural Analysis; Construction Management; AutoCAD; Surveying,1-4 years,5-10,"Davis-Gregory is hiring a Structural Engineer for our Ahmedabad office. You will use Project Management, Revit, Cost Estimation, Structural Analysis, Construction Management, AutoCAD, Surveying daily and help scale our Cost Estimation capabilities. We value strong fundamentals in Construction Management and a collaborative mindset. Minimum 1 years of experience in a similar role."
JOB00245,Network Security Engineer,Network Security Engineer,"Fernandez, Kim and George",Hyderabad,Python; Vulnerability Assessment; Penetration Testing; Linux; IDS/IPS; SIEM; Network Protocols; Risk Assessment,7-10 years,5-10,"Exciting opportunity for a Network Security Engineer at Fernandez, Kim and George. Must be proficient in Python, Vulnerability Assessment, Penetration Testing, Linux, IDS/IPS, SIEM, Network Protocols, Risk Assessment, with practical exposure to Penetration Testing and Vulnerability Assessment. You'll work in an agile environment solving real business problems. 7+ years experience preferred."
JOB00324,Talent Acquisition Specialist,HR,"Ramsey, Whitney and Coffey",Noida,Recruitment; Employee Engagement; Communication; Performance Management; Conflict Resolution; HRIS; Excel,3-6 years,11-13,"Exciting opportunity for a Talent Acquisition Specialist at Ramsey, Whitney and Coffey. Must be proficient in Recruitment, Employee Engagement, Communication, Performance Management, Conflict Resolution, HRIS, Excel, with practical exposure to Communication and Conflict Resolution. You'll work in an agile environment solving real business problems. 3+ years experience preferred."
JOB00044,Frontend Developer,Web Development,Allen-Allen,Delhi NCR,Responsive Design; HTML; Node.js; JavaScript,7-10 years,10-19,"We are looking for a Frontend Developer to join our growing team. The ideal candidate has hands-on experience with Responsive Design, HTML, Node.js, JavaScript and can work independently on HTML-driven projects. Responsibilities include collaborating with cross-functional teams, contributing to Node.js initiatives, and driving continuous improvement. 7+ years of relevant experience required."
JOB00230,Network Security Engineer,Network Security Engineer,Kerr-Evans,Noida,Python; Vulnerability Assessment; Firewalls; Penetration Testing; Linux,1-4 years,6-16,"Kerr-Evans is hiring a Network Security Engineer for our Noida office. You will use Python, Vulnerability Assessment, Firewalls, Penetration Testing, Linux daily and help scale our Firewalls capabilities. We value strong fundamentals in Python and a collaborative mindset. Minimum 1 years of experience in a similar role."
JOB00172,Python Developer,Python Developer,"Alvarado, Miller and Patterson",Mumbai,Celery; Django; Unit Testing; SQL,1-4 years,6-9,"We are looking for a Python Developer to join our growing team. The ideal candidate has hands-on experience with Celery, Django, Unit Testing, SQL and can work independently on Unit Testing-driven projects. Responsibilities include collaborating with cross-functional teams, contributing to Django initiatives, and driving continuous improvement. 1+ years of relevant experience required."
JOB00332,HR Generalist,HR,"Turner, Ortiz and Taylor",Delhi NCR,Payroll; Communication; Conflict Resolution; Onboarding; HRIS; Employee Engagement; Performance Management; Excel,1-4 years,19-28,"Turner, Ortiz and Taylor is hiring a HR Generalist for our Delhi NCR office. You will use Payroll, Communication, Conflict Resolution, Onboarding, HRIS, Employee Engagement, Performance Management, Excel daily and help scale our Performance Management capabilities. We value strong fundamentals in Communication and a collaborative mindset. Minimum 1 years of experience in a similar role."
JOB00015,Data Analyst,Data Science,Williams and Sons,Remote,Scikit-learn; A/B Testing; Excel; Pandas; SQL,3-6 years,14-20,"Exciting opportunity for a Data Analyst at Williams and Sons. Must be proficient in Scikit-learn, A/B Testing, Excel, Pandas, SQL, with practical exposure to Pandas and Excel. You'll work in an agile environment solving real business problems. 3+ years experience preferred."
JOB00329,HR Executive,HR,Harvey PLC,Delhi NCR,Payroll; Recruitment; Communication; Excel; Performance Management; HRIS,8-11 years,13-19,"Harvey PLC is hiring a HR Executive for our Delhi NCR office. You will use Payroll, Recruitment, Communication, Excel, Performance Management, HRIS daily and help scale our Recruitment capabilities. We value strong fundamentals in Performance Management and a collaborative mindset. Minimum 8 years of experience in a similar role."
JOB00389,Mechanical Design Engineer,Mechanical Engineer,Bennett Group,Noida,Quality Control; AutoCAD; Project Management; Thermodynamics; Six Sigma,3-6 years,8-17,"We are looking for a Mechanical Design Engineer to join our growing team. The ideal candidate has hands-on experience with Quality Control, AutoCAD, Project Management, Thermodynamics, Six Sigma and can work independently on Quality Control-driven projects. Responsibilities include collaborating with cross-functional teams, contributing to Thermodynamics initiatives, and driving continuous improvement. 3+ years of relevant experience required."
JOB00409,Manufacturing Engineer,Mechanical Engineer,Jackson-Meza,Bengaluru,Thermodynamics; AutoCAD; MATLAB; Six Sigma; Project Management; Quality Control; SolidWorks,4-7 years,16-21,"We are looking for a Manufacturing Engineer to join our growing team. The ideal candidate has hands-on experience with Thermodynamics, AutoCAD, MATLAB, Six Sigma, Project Management, Quality Control, SolidWorks and can work independently on Six Sigma-driven projects. Responsibilities include collaborating with cross-functional teams, contributing to Quality Control initiatives, and driving continuous improvement. 4+ years of relevant experience required."
JOB00372,Sales Executive,Sales,Davis Inc,Ahmedabad,Communication; Negotiation; Client Relationship Management; Lead Generation; Cold Calling,4-7 years,16-24,"We are looking for a Sales Executive to join our growing team. The ideal candidate has hands-on experience with Communication, Negotiation, Client Relationship Management, Lead Generation, Cold Calling and can work independently on Lead Generation-driven projects. Responsibilities include collaborating with cross-functional teams, contributing to Communication initiatives, and driving continuous improvement. 4+ years of relevant experience required."
JOB00029,Data Analyst,Data Science,"Ross, Robinson and Bright",Pune,Statistics; Tableau; Python; Data Visualization; NumPy; Excel; Scikit-learn,3-6 years,11-21,"Ross, Robinson and Bright is hiring a Data Analyst for our Pune office. You will use Statistics, Tableau, Python, Data Visualization, NumPy, Excel, Scikit-learn daily and help scale our Excel capabilities. We value strong fundamentals in Tableau and a collaborative mindset. Minimum 3 years of experience in a similar role."
JOB00339,HR Executive,HR,Crosby-Ramirez,Mumbai,Recruitment; Communication; HRIS; Performance Management; Excel; Payroll; Onboarding,1-4 years,7-11,"Exciting opportunity for a HR Executive at Crosby-Ramirez. Must be proficient in Recruitment, Communication, HRIS, Performance Management, Excel, Payroll, Onboarding, with practical exposure to Onboarding and HRIS. You'll work in an agile environment solving real business problems. 1+ years experience preferred."
JOB00317,Talent Acquisition Specialist,HR,"Diaz, Anderson and Browning",Bengaluru,Communication; Employee Engagement; Excel; Payroll; HRIS,7-10 years,13-21,"We are looking for a Talent Acquisition Specialist to join our growing team. The ideal candidate has hands-on experience with Communication, Employee Engagement, Excel, Payroll, HRIS and can work independently on Payroll-driven projects. Responsibilities include collaborating with cross-functional teams, contributing to HRIS initiatives, and driving continuous improvement. 7+ years of relevant experience required."
JOB00062,Frontend Developer,Web Development,Powell LLC,Remote,Responsive Design; Git; TypeScript; React,3-6 years,4-8,"Exciting opportunity for a Frontend Developer at Powell LLC. Must be proficient in Responsive Design, Git, TypeScript, React, with practical exposure to TypeScript and React. You'll work in an agile environment solving real business problems. 3+ years experience preferred."
JOB00516,Wellness Coach,Health and Fitness,Osborne LLC,Remote,CPR Certified; Communication; Program Design; Client Assessment; Exercise Physiology; First Aid,8-11 years,8-17,"Exciting opportunity for a Wellness Coach at Osborne LLC. Must be proficient in CPR Certified, Communication, Program Design, Client Assessment, Exercise Physiology, First Aid, with practical exposure to First Aid and Exercise Physiology. You'll work in an agile environment solving real business problems. 8+ years experience preferred."
JOB00219,Network Security Engineer,Network Security Engineer,Williams-Brown,Chennai,Network Protocols; Firewalls; IDS/IPS; Python; SIEM; Penetration Testing; Linux; Vulnerability Assessment,7-10 years,20-25,"Exciting opportunity for a Network Security Engineer at Williams-Brown. Must be proficient in Network Protocols, Firewalls, IDS/IPS, Python, SIEM, Penetration Testing, Linux, Vulnerability Assessment, with practical exposure to IDS/IPS and Vulnerability Assessment. You'll work in an agile environment solving real business problems. 7+ years experience preferred."
JOB00364,Business Development Executive,Sales,"Kelley, Nguyen and Vang",Noida,Negotiation; Client Relationship Management; Lead Generation; Cold Calling; Communication; Sales Strategy; CRM; Excel,4-7 years,6-16,"We are looking for a Business Development Executive to join our growing team. The ideal candidate has hands-on experience with Negotiation, Client Relationship Management, Lead Generation, Cold Calling, Communication, Sales Strategy, CRM, Excel and can work independently on Client Relationship Management-driven projects. Responsibilities include collaborating with cross-functional teams, contributing to Sales Strategy initiatives, and driving continuous improvement. 4+ years of relevant experience required."
JOB00295,Marketing Analyst,Digital Marketing,"Brennan, Wallace and Benson",Bengaluru,Email Marketing; PPC; Google Analytics; Content Marketing; Excel; Copywriting; SEO; Marketing Strategy,4-7 years,16-18,"Brennan, Wallace and Benson is hiring a Marketing Analyst for our Bengaluru office. You will use Email Marketing, PPC, Google Analytics, Content Marketing, Excel, Copywriting, SEO, Marketing Strategy daily and help scale our Excel capabilities. We value strong fundamentals in Copywriting and a collaborative mindset. Minimum 4 years of experience in a similar role."
JOB00021,Data Scientist,Data Science,Gray-Mayo,Chennai,Tableau; Statistics; Scikit-learn; Python; Excel; A/B Testing,8-11 years,12-16,"We are looking for a Data Scientist to join our growing team. The ideal candidate has hands-on experience with Tableau, Statistics, Scikit-learn, Python, Excel, A/B Testing and can work independently on Scikit-learn-driven projects. Responsibilities include collaborating with cross-functional teams, contributing to Statistics initiatives, and driving continuous improvement. 8+ years of relevant experience required."
JOB00338,HR Generalist,HR,Bass PLC,Noida,Payroll; Excel; Communication; Performance Management,1-4 years,5-11,"Bass PLC is hiring a HR Generalist for our Noida office. You will use Payroll, Excel, Communication, Performance Management daily and help scale our Payroll capabilities. We value strong fundamentals in Excel and a collaborative mindset. Minimum 1 years of experience in a similar role."
JOB00419,Manufacturing Engineer,Mechanical Engineer,Morrison Ltd,Pune,SolidWorks; Project Management; Quality Control; AutoCAD; Thermodynamics; Manufacturing; Six Sigma,8-11 years,10-16,"Morrison Ltd is hiring a Manufacturing Engineer for our Pune office. You will use SolidWorks, Project Management, Quality Control, AutoCAD, Thermodynamics, Manufacturing, Six Sigma daily and help scale our Quality Control capabilities. We value strong fundamentals in Project Management and a collaborative mindset. Minimum 8 years of experience in a similar role."
JOB00348,HR Executive,HR,Willis and Sons,Remote,Excel; Employee Engagement; Communication; Payroll; Onboarding,3-6 years,12-15,"Exciting opportunity for a HR Executive at Willis and Sons. Must be proficient in Excel, Employee Engagement, Communication, Payroll, Onboarding, with practical exposure to Excel and Communication. You'll work in an agile environment solving real business problems. 3+ years experience preferred."
JOB00170,Python Developer,Python Developer,Hooper PLC,Bengaluru,Django; Celery; Python; SQL; Docker,2-5 years,8-17,"We are looking for a Python Developer to join our growing team. The ideal candidate has hands-on experience with Django, Celery, Python, SQL, Docker and can work independently on Docker-driven projects. Responsibilities include collaborating with cross-functional teams, contributing to SQL initiatives, and driving continuous improvement. 2+ years of relevant experience required."
JOB00033,Machine Learning Engineer,Data Science,"Ferrell, Rice and Maddox",Mumbai,Statistics; Pandas; TensorFlow; Excel; Scikit-learn,7-10 years,13-16,"Exciting opportunity for a Machine Learning Engineer at Ferrell, Rice and Maddox. Must be proficient in Statistics, Pandas, TensorFlow, Excel, Scikit-learn, with practical exposure to Scikit-learn and Excel. You'll work in an agile environment solving real business problems. 7+ years experience preferred."
JOB00166,Python Developer,Python Developer,Medina-Navarro,Kolkata,Docker; Django; Git; Pandas; SQL,6-9 years,13-19,"Exciting opportunity for a Python Developer at Medina-Navarro. Must be proficient in Docker, Django, Git, Pandas, SQL, with practical exposure to Git and Django. You'll work in an agile environment solving real business problems. 6+ years experience preferred."
JOB00155,Backend Python Engineer,Python Developer,"Ramirez, Strickland and Washington",Pune,Flask; Django; Pandas; Docker,6-9 years,14-23,"Ramirez, Strickland and Washington is hiring a Backend Python Engineer for our Pune office. You will use Flask, Django, Pandas, Docker daily and help scale our Pandas capabilities. We value strong fundamentals in Flask and a collaborative mindset. Minimum 6 years of experience in a similar role."
JOB00486,Graphic Designer,Graphic Designer,Jones-Fox,Pune,Illustrator; Typography; Creativity; Figma,7-10 years,4-7,"We are looking for a Graphic Designer to join our growing team. The ideal candidate has hands-on experience with Illustrator, Typography, Creativity, Figma and can work independently on Illustrator-driven projects. Responsibilities include collaborating with cross-functional teams, contributing to Typography initiatives, and driving continuous improvement. 7+ years of relevant experience required."
JOB00039,Web Developer,Web Development,Harrell LLC,Hyderabad,JavaScript; Git; React; Responsive Design; Node.js; REST API; Express.js; TypeScript,6-9 years,5-10,"Exciting opportunity for a Web Developer at Harrell LLC. Must be proficient in JavaScript, Git, React, Responsive Design, Node.js, REST API, Express.js, TypeScript, with practical exposure to Git and Responsive Design. You'll work in an agile environment solving real business problems. 6+ years experience preferred."
JOB00400,Manufacturing Engineer,Mechanical Engineer,Duran LLC,Pune,Thermodynamics; Project Management; Manufacturing; AutoCAD; Six Sigma; SolidWorks,8-11 years,6-14,"Exciting opportunity for a Manufacturing Engineer at Duran LLC. Must be proficient in Thermodynamics, Project Management, Manufacturing, AutoCAD, Six Sigma, SolidWorks, with practical exposure to Manufacturing and Thermodynamics. You'll work in an agile environment solving real business problems. 8+ years experience preferred."
JOB00163,Python Developer,Python Developer,"Smith, Gilmore and Johnston",Delhi NCR,Docker; Pandas; Unit Testing; Flask; Celery; REST API; SQL,8-11 years,15-19,"Smith, Gilmore and Johnston is hiring a Python Developer for our Delhi NCR office. You will use Docker, Pandas, Unit Testing, Flask, Celery, REST API, SQL daily and help scale our Pandas capabilities. We value strong fundamentals in Flask and a collaborative mindset. Minimum 8 years of experience in a similar role."
JOB00108,Backend Java Engineer,Java Developer,Dickson-Brady,Kolkata,Java; Hibernate; SQL; Maven; Git; JUnit,1-4 years,8-15,"Exciting opportunity for a Backend Java Engineer at Dickson-Brady. Must be proficient in Java, Hibernate, SQL, Maven, Git, JUnit, with practical exposure to Git and Maven. You'll work in an agile environment solving real business problems. 1+ years experience preferred."
JOB00240,Cybersecurity Analyst,Network Security Engineer,"Walker, Hernandez and Baker",Ahmedabad,Cryptography; Python; Firewalls; Vulnerability Assessment; SIEM,0-3 years,10-12,"Walker, Hernandez and Baker is hiring a Cybersecurity Analyst for our Ahmedabad office. You will use Cryptography, Python, Firewalls, Vulnerability Assessment, SIEM daily and help scale our Cryptography capabilities. We value strong fundamentals in Firewalls and a collaborative mindset. Minimum 0 years of experience in a similar role."
JOB00292,Marketing Analyst,Digital Marketing,Young Ltd,Hyderabad,Communication; PPC; Email Marketing; Excel; Copywriting; Content Marketing; SEO,3-6 years,8-16,"Exciting opportunity for a Marketing Analyst at Young Ltd. Must be proficient in Communication, PPC, Email Marketing, Excel, Copywriting, Content Marketing, SEO, with practical exposure to SEO and Email Marketing. You'll work in an agile environment solving real business problems. 3+ years experience preferred."
JOB00004,Data Scientist,Data Science,Davis and Sons,Remote,Excel; A/B Testing; TensorFlow; Machine Learning,8-11 years,5-12,"Exciting opportunity for a Data Scientist at Davis and Sons. Must be proficient in Excel, A/B Testing, TensorFlow, Machine Learning, with practical exposure to Machine Learning and TensorFlow. You'll work in an agile environment solving real business problems. 8+ years experience preferred."
JOB00287,Digital Marketing Executive,Digital Marketing,"Booker, Jones and Harrington",Ahmedabad,Communication; PPC; Google Analytics; SEO; Email Marketing; Social Media; Copywriting; Excel,5-8 years,10-16,"We are looking for a Digital Marketing Executive to join our growing team. The ideal candidate has hands-on experience with Communication, PPC, Google Analytics, SEO, Email Marketing, Social Media, Copywriting, Excel and can work independently on Social Media-driven projects. Responsibilities include collaborating with cross-functional teams, contributing to Excel initiatives, and driving continuous improvement. 5+ years of relevant experience required."
JOB00411,Mechanical Design Engineer,Mechanical Engineer,Kim Inc,Pune,SolidWorks; Project Management; AutoCAD; Quality Control; MATLAB; Thermodynamics; Six Sigma; Manufacturing,3-6 years,19-22,"Exciting opportunity for a Mechanical Design Engineer at Kim Inc. Must be proficient in SolidWorks, Project Management, AutoCAD, Quality Control, MATLAB, Thermodynamics, Six Sigma, Manufacturing, with practical exposure to AutoCAD and SolidWorks. You'll work in an agile environment solving real business problems. 3+ years experience preferred."
JOB00474,Graphic Designer,Graphic Designer,Lowery-Kennedy,Hyderabad,Illustrator; Figma; Creativity; Photoshop,8-11 years,14-17,"Lowery-Kennedy is hiring a Graphic Designer for our Hyderabad office. You will use Illustrator, Figma, Creativity, Photoshop daily and help scale our Illustrator capabilities. We value strong fundamentals in Figma and a collaborative mindset. Minimum 8 years of experience in a similar role."
JOB00296,Digital Marketing Executive,Digital Marketing,Williams Inc,Remote,Email Marketing; SEO; Marketing Strategy; Excel; PPC; Social Media,7-10 years,5-12,"We are looking for a Digital Marketing Executive to join our growing team. The ideal candidate has hands-on experience with Email Marketing, SEO, Marketing Strategy, Excel, PPC, Social Media and can work independently on Excel-driven projects. Responsibilities include collaborating with cross-functional teams, contributing to PPC initiatives, and driving continuous improvement. 7+ years of relevant experience required."
JOB00337,HR Generalist,HR,"Newton, Moore and Perry",Bengaluru,Onboarding; Communication; Payroll; Conflict Resolution; Performance Management; HRIS; Employee Engagement; Recruitment,0-3 years,19-27,"Exciting opportunity for a HR Generalist at Newton, Moore and Perry. Must be proficient in Onboarding, Communication, Payroll, Conflict Resolution, Performance Management, HRIS, Employee Engagement, Recruitment, with practical exposure to Employee Engagement and Recruitment. You'll work in an agile environment solving real business problems. 0+ years experience preferred."
JOB00071,Android Developer,Android Development,Gray Group,Bengaluru,Kotlin; Java; SQLite; Material Design; Git; Firebase,2-5 years,11-18,"Exciting opportunity for a Android Developer at Gray Group. Must be proficient in Kotlin, Java, SQLite, Material Design, Git, Firebase, with practical exposure to Git and SQLite. You'll work in an agile environment solving real business problems. 2+ years experience preferred."
JOB00343,HR Executive,HR,Lopez-Martinez,Pune,Employee Engagement; Conflict Resolution; Excel; Performance Management; HRIS,4-7 years,4-10,"We are looking for a HR Executive to join our growing team. The ideal candidate has hands-on experience with Employee Engagement, Conflict Resolution, Excel, Performance Management, HRIS and can work independently on Conflict Resolution-driven projects. Responsibilities include collaborating with cross-functional teams, contributing to Excel initiatives, and driving continuous improvement. 4+ years of relevant experience required."
JOB00524,Fitness Trainer,Health and Fitness,"Griffin, Davies and Mitchell",Pune,Nutrition Planning; Communication; Program Design; Client Assessment; CPR Certified; First Aid,6-9 years,4-7,"We are looking for a Fitness Trainer to join our growing team. The ideal candidate has hands-on experience with Nutrition Planning, Communication, Program Design, Client Assessment, CPR Certified, First Aid and can work independently on First Aid-driven projects. Responsibilities include collaborating with cross-functional teams, contributing to CPR Certified initiatives, and driving continuous improvement. 6+ years of relevant experience required."
JOB00254,Product Analyst,Business Analyst,"Garcia, Martin and Jenkins",Chennai,Data Visualization; Agile; Requirements Gathering; SQL; Process Improvement; Excel; Power BI; Stakeholder Management,6-9 years,17-19,"We are looking for a Product Analyst to join our growing team. The ideal candidate has hands-on experience with Data Visualization, Agile, Requirements Gathering, SQL, Process Improvement, Excel, Power BI, Stakeholder Management and can work independently on Agile-driven projects. Responsibilities include collaborating with cross-functional teams, contributing to Stakeholder Management initiatives, and driving continuous improvement. 6+ years of relevant experience required."
JOB00146,Python Developer,Python Developer,Stafford Inc,Chennai,Django; Python; Docker; Unit Testing; Pandas; Flask,1-4 years,20-25,"Stafford Inc is hiring a Python Developer for our Chennai office. You will use Django, Python, Docker, Unit Testing, Pandas, Flask daily and help scale our Docker capabilities. We value strong fundamentals in Flask and a collaborative mindset. Minimum 1 years of experience in a similar role."
JOB00298,Marketing Analyst,Digital Marketing,Schmidt PLC,Delhi NCR,Marketing Strategy; Email Marketing; Social Media; PPC,0-3 years,15-25,"We are looking for a Marketing Analyst to join our growing team. The ideal candidate has hands-on experience with Marketing Strategy, Email Marketing, Social Media, PPC and can work independently on Social Media-driven projects. Responsibilities include collaborating with cross-functional teams, contributing to PPC initiatives, and driving continuous improvement. 0+ years of relevant experience required."
JOB00069,Frontend Developer,Web Development,Russell Group,Ahmedabad,Node.js; HTML; TypeScript; CSS,3-6 years,12-21,"Exciting opportunity for a Frontend Developer at Russell Group. Must be proficient in Node.js, HTML, TypeScript, CSS, with practical exposure to CSS and TypeScript. You'll work in an agile environment solving real business problems. 3+ years experience preferred."
JOB00206,Site Reliability Engineer,DevOps Engineer,Freeman-Chang,Bengaluru,Docker; Git; Shell Scripting; CI/CD; AWS; Jenkins,1-4 years,15-17,"Freeman-Chang is hiring a Site Reliability Engineer for our Bengaluru office. You will use Docker, Git, Shell Scripting, CI/CD, AWS, Jenkins daily and help scale our Shell Scripting capabilities. We value strong fundamentals in Docker and a collaborative mindset. Minimum 1 years of experience in a similar role."
JOB00247,Business Analyst,Business Analyst,Davis Ltd,Remote,Process Improvement; Excel; Requirements Gathering; Data Visualization; Communication; Tableau,8-11 years,10-17,"We are looking for a Business Analyst to join our growing team. The ideal candidate has hands-on experience with Process Improvement, Excel, Requirements Gathering, Data Visualization, Communication, Tableau and can work independently on Communication-driven projects. Responsibilities include collaborating with cross-functional teams, contributing to Process Improvement initiatives, and driving continuous improvement. 8+ years of relevant experience required."
JOB00097,Android Developer,Android Development,Wagner-King,Bengaluru,MVVM; Jetpack Compose; Material Design; Firebase; REST API; Kotlin,4-7 years,16-22,"We are looking for a Android Developer to join our growing team. The ideal candidate has hands-on experience with MVVM, Jetpack Compose, Material Design, Firebase, REST API, Kotlin and can work independently on Kotlin-driven projects. Responsibilities include collaborating with cross-functional teams, contributing to Jetpack Compose initiatives, and driving continuous improvement. 4+ years of relevant experience required."
JOB00335,HR Generalist,HR,Price LLC,Delhi NCR,Recruitment; Payroll; Excel; Performance Management; Onboarding; Communication,7-10 years,10-17,"Price LLC is hiring a HR Generalist for our Delhi NCR office. You will use Recruitment, Payroll, Excel, Performance Management, Onboarding, Communication daily and help scale our Payroll capabilities. We value strong fundamentals in Communication and a collaborative mindset. Minimum 7 years of experience in a similar role."
JOB00384,Account Manager,Sales,"Gallegos, Adams and White",Mumbai,Excel; CRM; Lead Generation; Cold Calling; Communication; Client Relationship Management,7-10 years,6-13,"Gallegos, Adams and White is hiring a Account Manager for our Mumbai office. You will use Excel, CRM, Lead Generation, Cold Calling, Communication, Client Relationship Management daily and help scale our Lead Generation capabilities. We value strong fundamentals in Communication and a collaborative mindset. Minimum 7 years of experience in a similar role."
JOB00190,Site Reliability Engineer,DevOps Engineer,"Burke, Martinez and Riggs",Pune,Kubernetes; Git; Docker; CI/CD,0-3 years,7-14,"Burke, Martinez and Riggs is hiring a Site Reliability Engineer for our Pune office. You will use Kubernetes, Git, Docker, CI/CD daily and help scale our CI/CD capabilities. We value strong fundamentals in Kubernetes and a collaborative mindset. Minimum 0 years of experience in a similar role."
JOB00145,Python Developer,Python Developer,Hernandez Ltd,Chennai,Unit Testing; Django; Celery; Docker; REST API,0-3 years,5-10,"Exciting opportunity for a Python Developer at Hernandez Ltd. Must be proficient in Unit Testing, Django, Celery, Docker, REST API, with practical exposure to REST API and Django. You'll work in an agile environment solving real business problems. 0+ years experience preferred."
JOB00491,Wellness Coach,Health and Fitness,"Fuller, Ingram and Moss",Delhi NCR,Client Assessment; Program Design; CPR Certified; First Aid; Nutrition Planning,6-9 years,19-29,"We are looking for a Wellness Coach to join our growing team. The ideal candidate has hands-on experience with Client Assessment, Program Design, CPR Certified, First Aid, Nutrition Planning and can work independently on CPR Certified-driven projects. Responsibilities include collaborating with cross-functional teams, contributing to Nutrition Planning initiatives, and driving continuous improvement. 6+ years of relevant experience required."
JOB00010,Machine Learning Engineer,Data Science,Abbott-Munoz,Kolkata,A/B Testing; Python; TensorFlow; Excel,4-7 years,11-13,"Abbott-Munoz is hiring a Machine Learning Engineer for our Kolkata office. You will use A/B Testing, Python, TensorFlow, Excel daily and help scale our A/B Testing capabilities. We value strong fundamentals in TensorFlow and a collaborative mindset. Minimum 4 years of experience in a similar role."
JOB00412,Mechanical Design Engineer,Mechanical Engineer,Graham Group,Remote,SolidWorks; AutoCAD; Manufacturing; Quality Control; MATLAB; Six Sigma,6-9 years,13-20,"We are looking for a Mechanical Design Engineer to join our growing team. The ideal candidate has hands-on experience with SolidWorks, AutoCAD, Manufacturing, Quality Control, MATLAB, Six Sigma and can work independently on Manufacturing-driven projects. Responsibilities include collaborating with cross-functional teams, contributing to AutoCAD initiatives, and driving continuous improvement. 6+ years of relevant experience required."
JOB00205,Site Reliability Engineer,DevOps Engineer,Miller Ltd,Ahmedabad,Docker; Git; AWS; Monitoring,2-5 years,13-16,"Miller Ltd is hiring a Site Reliability Engineer for our Ahmedabad office. You will use Docker, Git, AWS, Monitoring daily and help scale our Git capabilities. We value strong fundamentals in Monitoring and a collaborative mindset. Minimum 2 years of experience in a similar role."
JOB00459,UI/UX Designer,Graphic Designer,Mckee-Lee,Remote,Communication; Branding; Creativity; UI/UX; Figma; InDesign,4-7 years,9-11,"We are looking for a UI/UX Designer to join our growing team. The ideal candidate has hands-on experience with Communication, Branding, Creativity, UI/UX, Figma, InDesign and can work independently on Figma-driven projects. Responsibilities include collaborating with cross-functional teams, contributing to Branding initiatives, and driving continuous improvement. 4+ years of relevant experience required."
JOB00401,Manufacturing Engineer,Mechanical Engineer,Wilson-Jimenez,Delhi NCR,Six Sigma; MATLAB; SolidWorks; Manufacturing; Project Management; Quality Control,7-10 years,9-16,"We are looking for a Manufacturing Engineer to join our growing team. The ideal candidate has hands-on experience with Six Sigma, MATLAB, SolidWorks, Manufacturing, Project Management, Quality Control and can work independently on Manufacturing-driven projects. Responsibilities include collaborating with cross-functional teams, contributing to SolidWorks initiatives, and driving continuous improvement. 7+ years of relevant experience required."
JOB00032,Data Analyst,Data Science,Carlson-Cruz,Noida,SQL; Tableau; Python; A/B Testing; NumPy; Pandas,5-8 years,16-24,"Exciting opportunity for a Data Analyst at Carlson-Cruz. Must be proficient in SQL, Tableau, Python, A/B Testing, NumPy, Pandas, with practical exposure to NumPy and Pandas. You'll work in an agile environment solving real business problems. 5+ years experience preferred."
JOB00150,Backend Python Engineer,Python Developer,"Schmidt, Hansen and Stewart",Remote,Docker; Django; Python; Unit Testing; Flask; REST API; Celery; Pandas,1-4 years,6-12,"We are looking for a Backend Python Engineer to join our growing team. The ideal candidate has hands-on experience with Docker, Django, Python, Unit Testing, Flask, REST API, Celery, Pandas and can work independently on Python-driven projects. Responsibilities include collaborating with cross-functional teams, contributing to Pandas initiatives, and driving continuous improvement. 1+ years of relevant experience required."
JOB00133,Backend Java Engineer,Java Developer,"Bentley, Byrd and Orr",Ahmedabad,Git; Spring Boot; Multithreading; Java; Microservices; REST API; JUnit; Maven,6-9 years,8-14,"Bentley, Byrd and Orr is hiring a Backend Java Engineer for our Ahmedabad office. You will use Git, Spring Boot, Multithreading, Java, Microservices, REST API, JUnit, Maven daily and help scale our Multithreading capabilities. We value strong fundamentals in REST API and a collaborative mindset. Minimum 6 years of experience in a similar role."
JOB00356,Business Development Executive,Sales,Strickland-Palmer,Remote,Cold Calling; Excel; Client Relationship Management; Communication; Lead Generation; Negotiation,4-7 years,14-21,"Strickland-Palmer is hiring a Business Development Executive for our Remote office. You will use Cold Calling, Excel, Client Relationship Management, Communication, Lead Generation, Negotiation daily and help scale our Client Relationship Management capabilities. We value strong fundamentals in Excel and a collaborative mindset. Minimum 4 years of experience in a similar role."
JOB00095,Android Developer,Android Development,Campbell-Clark,Kolkata,Android SDK; Firebase; REST API; Java; Material Design; MVVM,3-6 years,13-22,"Exciting opportunity for a Android Developer at Campbell-Clark. Must be proficient in Android SDK, Firebase, REST API, Java, Material Design, MVVM, with practical exposure to Android SDK and Firebase. You'll work in an agile environment solving real business problems. 3+ years experience preferred."
JOB00444,Structural Engineer,Civil Engineer,Collins Group,Ahmedabad,AutoCAD; Surveying; Structural Analysis; Revit; Cost Estimation; Construction Management,1-4 years,19-25,"Exciting opportunity for a Structural Engineer at Collins Group. Must be proficient in AutoCAD, Surveying, Structural Analysis, Revit, Cost Estimation, Construction Management, with practical exposure to Surveying and Cost Estimation. You'll work in an agile environment solving real business problems. 1+ years experience preferred."
JOB00084,Android Developer,Android Development,"Edwards, Baker and Anderson",Remote,Material Design; Jetpack Compose; Android SDK; Java; MVVM,5-8 years,14-22,"Exciting opportunity for a Android Developer at Edwards, Baker and Anderson. Must be proficient in Material Design, Jetpack Compose, Android SDK, Java, MVVM, with practical exposure to Material Design and MVVM. You'll work in an agile environment solving real business problems. 5+ years experience preferred."
JOB00355,Sales Executive,Sales,"Fisher, Wilson and Brown",Delhi NCR,Client Relationship Management; Cold Calling; CRM; Sales Strategy,2-5 years,9-13,"We are looking for a Sales Executive to join our growing team. The ideal candidate has hands-on experience with Client Relationship Management, Cold Calling, CRM, Sales Strategy and can work independently on Cold Calling-driven projects. Responsibilities include collaborating with cross-functional teams, contributing to Sales Strategy initiatives, and driving continuous improvement. 2+ years of relevant experience required."
JOB00502,Fitness Trainer,Health and Fitness,Paul-Kline,Remote,Exercise Physiology; Communication; First Aid; Nutrition Planning; Program Design; Client Assessment; CPR Certified,8-11 years,12-20,"Paul-Kline is hiring a Fitness Trainer for our Remote office. You will use Exercise Physiology, Communication, First Aid, Nutrition Planning, Program Design, Client Assessment, CPR Certified daily and help scale our Program Design capabilities. We value strong fundamentals in Communication and a collaborative mindset. Minimum 8 years of experience in a similar role."
JOB00402,Manufacturing Engineer,Mechanical Engineer,Thompson-James,Ahmedabad,SolidWorks; Six Sigma; Quality Control; Thermodynamics,8-11 years,6-11,"Exciting opportunity for a Manufacturing Engineer at Thompson-James. Must be proficient in SolidWorks, Six Sigma, Quality Control, Thermodynamics, with practical exposure to Six Sigma and Thermodynamics. You'll work in an agile environment solving real business problems. 8+ years experience preferred."
JOB00157,Python Developer,Python Developer,"Mitchell, Nelson and Flores",Pune,Git; Pandas; Docker; Django,0-3 years,9-12,"Mitchell, Nelson and Flores is hiring a Python Developer for our Pune office. You will use Git, Pandas, Docker, Django daily and help scale our Django capabilities. We value strong fundamentals in Pandas and a collaborative mindset. Minimum 0 years of experience in a similar role."
JOB00383,Business Development Executive,Sales,"Austin, Day and Johnson",Noida,Communication; Excel; Client Relationship Management; Cold Calling; Sales Strategy; Negotiation,7-10 years,12-22,"We are looking for a Business Development Executive to join our growing team. The ideal candidate has hands-on experience with Communication, Excel, Client Relationship Management, Cold Calling, Sales Strategy, Negotiation and can work independently on Sales Strategy-driven projects. Responsibilities include collaborating with cross-functional teams, contributing to Cold Calling initiatives, and driving continuous improvement. 7+ years of relevant experience required."
JOB00104,Android Developer,Android Development,"Tran, Jordan and Williams",Delhi NCR,Java; SQLite; MVVM; Jetpack Compose; Android SDK; Material Design; Firebase; Kotlin,4-7 years,9-17,"Exciting opportunity for a Android Developer at Tran, Jordan and Williams. Must be proficient in Java, SQLite, MVVM, Jetpack Compose, Android SDK, Material Design, Firebase, Kotlin, with practical exposure to Java and MVVM. You'll work in an agile environment solving real business problems. 4+ years experience preferred."
JOB00115,Backend Java Engineer,Java Developer,Torres-Pope,Hyderabad,SQL; REST API; Maven; Hibernate; JUnit; Java,6-9 years,13-16,"Torres-Pope is hiring a Backend Java Engineer for our Hyderabad office. You will use SQL, REST API, Maven, Hibernate, JUnit, Java daily and help scale our Hibernate capabilities. We value strong fundamentals in Maven and a collaborative mindset. Minimum 6 years of experience in a similar role."
JOB00431,Civil Site Engineer,Civil Engineer,"Huang, Cole and Pacheco",Mumbai,Structural Analysis; Revit; AutoCAD; Construction Management; Cost Estimation; Surveying; Project Management,8-11 years,14-23,"We are looking for a Civil Site Engineer to join our growing team. The ideal candidate has hands-on experience with Structural Analysis, Revit, AutoCAD, Construction Management, Cost Estimation, Surveying, Project Management and can work independently on Revit-driven projects. Responsibilities include collaborating with cross-functional teams, contributing to Surveying initiatives, and driving continuous improvement. 8+ years of relevant experience required."
JOB00211,Cybersecurity Analyst,Network Security Engineer,"Pierce, Bell and Chavez",Bengaluru,Cryptography; IDS/IPS; Risk Assessment; Linux; Python; Firewalls,8-11 years,13-18,"Exciting opportunity for a Cybersecurity Analyst at Pierce, Bell and Chavez. Must be proficient in Cryptography, IDS/IPS, Risk Assessment, Linux, Python, Firewalls, with practical exposure to Cryptography and IDS/IPS. You'll work in an agile environment solving real business problems. 8+ years experience preferred."
JOB00467,UI/UX Designer,Graphic Designer,Davis-Lozano,Mumbai,Communication; Photoshop; Figma; Typography; Creativity; UI/UX; Branding,5-8 years,12-15,"Exciting opportunity for a UI/UX Designer at Davis-Lozano. Must be proficient in Communication, Photoshop, Figma, Typography, Creativity, UI/UX, Branding, with practical exposure to Typography and Creativity. You'll work in an agile environment solving real business problems. 5+ years experience preferred."
JOB00270,Product Analyst,Business Analyst,Baird-Sanchez,Kolkata,Power BI; Excel; Tableau; Data Visualization; Agile,5-8 years,12-14,"Baird-Sanchez is hiring a Product Analyst for our Kolkata office. You will use Power BI, Excel, Tableau, Data Visualization, Agile daily and help scale our Data Visualization capabilities. We value strong fundamentals in Agile and a collaborative mindset. Minimum 5 years of experience in a similar role."
JOB00285,Digital Marketing Executive,Digital Marketing,Garcia-Lozano,Remote,Marketing Strategy; Social Media; PPC; Email Marketing; Excel; Content Marketing,7-10 years,20-29,"We are looking for a Digital Marketing Executive to join our growing team. The ideal candidate has hands-on experience with Marketing Strategy, Social Media, PPC, Email Marketing, Excel, Content Marketing and can work independently on PPC-driven projects. Responsibilities include collaborating with cross-functional teams, contributing to Social Media initiatives, and driving continuous improvement. 7+ years of relevant experience required."
JOB00480,UI/UX Designer,Graphic Designer,Barnes PLC,Bengaluru,UI/UX; Branding; Figma; Creativity; Photoshop; InDesign,7-10 years,10-14,"Barnes PLC is hiring a UI/UX Designer for our Bengaluru office. You will use UI/UX, Branding, Figma, Creativity, Photoshop, InDesign daily and help scale our Photoshop capabilities. We value strong fundamentals in InDesign and a collaborative mindset. Minimum 7 years of experience in a similar role."
JOB00007,Data Analyst,Data Science,Blake and Sons,Noida,Machine Learning; Pandas; A/B Testing; Python; Data Visualization; Scikit-learn,0-3 years,7-16,"We are looking for a Data Analyst to join our growing team. The ideal candidate has hands-on experience with Machine Learning, Pandas, A/B Testing, Python, Data Visualization, Scikit-learn and can work independently on A/B Testing-driven projects. Responsibilities include collaborating with cross-functional teams, contributing to Scikit-learn initiatives, and driving continuous improvement. 0+ years of relevant experience required."
JOB00016,Data Analyst,Data Science,Galloway-Wyatt,Pune,SQL; NumPy; Pandas; Data Visualization; Python; Scikit-learn; Tableau,0-3 years,10-15,"Exciting opportunity for a Data Analyst at Galloway-Wyatt. Must be proficient in SQL, NumPy, Pandas, Data Visualization, Python, Scikit-learn, Tableau, with practical exposure to NumPy and Data Visualization. You'll work in an agile environment solving real business problems. 0+ years experience preferred."
JOB00290,Digital Marketing Executive,Digital Marketing,"James, Stewart and Higgins",Hyderabad,Content Marketing; SEO; Social Media; Google Analytics; Marketing Strategy,2-5 years,6-8,"James, Stewart and Higgins is hiring a Digital Marketing Executive for our Hyderabad office. You will use Content Marketing, SEO, Social Media, Google Analytics, Marketing Strategy daily and help scale our Google Analytics capabilities. We value strong fundamentals in Content Marketing and a collaborative mindset. Minimum 2 years of experience in a similar role."
JOB00499,Wellness Coach,Health and Fitness,"Kennedy, Johnson and Lucas",Delhi NCR,Communication; CPR Certified; First Aid; Nutrition Planning; Client Assessment; Exercise Physiology; Program Design,7-10 years,19-27,"Exciting opportunity for a Wellness Coach at Kennedy, Johnson and Lucas. Must be proficient in Communication, CPR Certified, First Aid, Nutrition Planning, Client Assessment, Exercise Physiology, Program Design, with practical exposure to Communication and First Aid. You'll work in an agile environment solving real business problems. 7+ years experience preferred."
JOB00360,Business Development Executive,Sales,Boone-Simmons,Delhi NCR,Cold Calling; CRM; Lead Generation; Client Relationship Management; Communication; Negotiation; Excel,0-3 years,13-16,"Boone-Simmons is hiring a Business Development Executive for our Delhi NCR office. You will use Cold Calling, CRM, Lead Generation, Client Relationship Management, Communication, Negotiation, Excel daily and help scale our Communication capabilities. We value strong fundamentals in Lead Generation and a collaborative mindset. Minimum 0 years of experience in a similar role."
JOB00215,Network Security Engineer,Network Security Engineer,"Washington, Hardy and Bray",Pune,Firewalls; SIEM; Penetration Testing; Network Protocols,1-4 years,20-29,"We are looking for a Network Security Engineer to join our growing team. The ideal candidate has hands-on experience with Firewalls, SIEM, Penetration Testing, Network Protocols and can work independently on Firewalls-driven projects. Responsibilities include collaborating with cross-functional teams, contributing to SIEM initiatives, and driving continuous improvement. 1+ years of relevant experience required."
JOB00213,Cybersecurity Analyst,Network Security Engineer,Stewart Ltd,Chennai,Firewalls; Network Protocols; Penetration Testing; SIEM,1-4 years,20-22,"We are looking for a Cybersecurity Analyst to join our growing team. The ideal candidate has hands-on experience with Firewalls, Network Protocols, Penetration Testing, SIEM and can work independently on Penetration Testing-driven projects. Responsibilities include collaborating with cross-functional teams, contributing to Firewalls initiatives, and driving continuous improvement. 1+ years of relevant experience required."
JOB00003,Data Scientist,Data Science,"Mcclain, Miller and Henderson",Mumbai,TensorFlow; Scikit-learn; Tableau; NumPy; Pandas,2-5 years,12-17,"Exciting opportunity for a Data Scientist at Mcclain, Miller and Henderson. Must be proficient in TensorFlow, Scikit-learn, Tableau, NumPy, Pandas, with practical exposure to Tableau and Scikit-learn. You'll work in an agile environment solving real business problems. 2+ years experience preferred."
JOB00043,Frontend Developer,Web Development,Rodriguez LLC,Noida,MongoDB; Node.js; JavaScript; Express.js; Git,0-3 years,16-20,"We are looking for a Frontend Developer to join our growing team. The ideal candidate has hands-on experience with MongoDB, Node.js, JavaScript, Express.js, Git and can work independently on Node.js-driven projects. Responsibilities include collaborating with cross-functional teams, contributing to JavaScript initiatives, and driving continuous improvement. 0+ years of relevant experience required."
JOB00130,Java Developer,Java Developer,Cortez LLC,Hyderabad,Maven; Multithreading; Hibernate; JUnit; Microservices,7-10 years,7-9,"Exciting opportunity for a Java Developer at Cortez LLC. Must be proficient in Maven, Multithreading, Hibernate, JUnit, Microservices, with practical exposure to Maven and Hibernate. You'll work in an agile environment solving real business problems. 7+ years experience preferred."
JOB00306,Digital Marketing Executive,Digital Marketing,Bruce-Gonzalez,Delhi NCR,PPC; Copywriting; Excel; Marketing Strategy; Email Marketing; SEO; Content Marketing; Social Media,1-4 years,14-21,"Bruce-Gonzalez is hiring a Digital Marketing Executive for our Delhi NCR office. You will use PPC, Copywriting, Excel, Marketing Strategy, Email Marketing, SEO, Content Marketing, Social Media daily and help scale our Excel capabilities. We value strong fundamentals in Marketing Strategy and a collaborative mindset. Minimum 1 years of experience in a similar role."
JOB00050,Web Developer,Web Development,"Harris, Collins and Carney",Hyderabad,TypeScript; JavaScript; Node.js; CSS; Express.js; Responsive Design; React; MongoDB,5-8 years,19-22,"Exciting opportunity for a Web Developer at Harris, Collins and Carney. Must be proficient in TypeScript, JavaScript, Node.js, CSS, Express.js, Responsive Design, React, MongoDB, with practical exposure to Responsive Design and React. You'll work in an agile environment solving real business problems. 5+ years experience preferred."
JOB00504,Fitness Trainer,Health and Fitness,"Jimenez, Glass and Stone",Remote,Program Design; Exercise Physiology; Nutrition Planning; CPR Certified,7-10 years,9-17,"Exciting opportunity for a Fitness Trainer at Jimenez, Glass and Stone. Must be proficient in Program Design, Exercise Physiology, Nutrition Planning, CPR Certified, with practical exposure to Program Design and Exercise Physiology. You'll work in an agile environment solving real business problems. 7+ years experience preferred."
JOB00201,Site Reliability Engineer,DevOps Engineer,"Barnett, Rogers and Snyder",Chennai,Terraform; Git; Monitoring; Shell Scripting; Jenkins; AWS,7-10 years,13-20,"Barnett, Rogers and Snyder is hiring a Site Reliability Engineer for our Chennai office. You will use Terraform, Git, Monitoring, Shell Scripting, Jenkins, AWS daily and help scale our Shell Scripting capabilities. We value strong fundamentals in Terraform and a collaborative mindset. Minimum 7 years of experience in a similar role."
JOB00518,Nutrition Consultant,Health and Fitness,"Hernandez, Cole and Watson",Ahmedabad,Exercise Physiology; Communication; CPR Certified; Client Assessment; Program Design; Nutrition Planning,5-8 years,17-22,"Hernandez, Cole and Watson is hiring a Nutrition Consultant for our Ahmedabad office. You will use Exercise Physiology, Communication, CPR Certified, Client Assessment, Program Design, Nutrition Planning daily and help scale our Client Assessment capabilities. We value strong fundamentals in CPR Certified and a collaborative mindset. Minimum 5 years of experience in a similar role."
JOB00488,UI/UX Designer,Graphic Designer,Williams-Hughes,Bengaluru,UI/UX; Illustrator; Creativity; Branding; InDesign,0-3 years,9-11,"Williams-Hughes is hiring a UI/UX Designer for our Bengaluru office. You will use UI/UX, Illustrator, Creativity, Branding, InDesign daily and help scale our Branding capabilities. We value strong fundamentals in InDesign and a collaborative mindset. Minimum 0 years of experience in a similar role."
JOB00472,UI/UX Designer,Graphic Designer,Combs Ltd,Hyderabad,Figma; Branding; Photoshop; InDesign; Communication; Creativity; UI/UX; Illustrator,5-8 years,17-24,"We are looking for a UI/UX Designer to join our growing team. The ideal candidate has hands-on experience with Figma, Branding, Photoshop, InDesign, Communication, Creativity, UI/UX, Illustrator and can work independently on UI/UX-driven projects. Responsibilities include collaborating with cross-functional teams, contributing to Communication initiatives, and driving continuous improvement. 5+ years of relevant experience required."
JOB00496,Nutrition Consultant,Health and Fitness,Carter Inc,Mumbai,Exercise Physiology; Program Design; CPR Certified; Nutrition Planning; Client Assessment; First Aid; Communication,2-5 years,13-18,"Carter Inc is hiring a Nutrition Consultant for our Mumbai office. You will use Exercise Physiology, Program Design, CPR Certified, Nutrition Planning, Client Assessment, First Aid, Communication daily and help scale our CPR Certified capabilities. We value strong fundamentals in Program Design and a collaborative mindset. Minimum 2 years of experience in a similar role."
JOB00142,Backend Python Engineer,Python Developer,Riggs PLC,Chennai,Python; Pandas; Unit Testing; Git; SQL,8-11 years,12-15,"We are looking for a Backend Python Engineer to join our growing team. The ideal candidate has hands-on experience with Python, Pandas, Unit Testing, Git, SQL and can work independently on Pandas-driven projects. Responsibilities include collaborating with cross-functional teams, contributing to Git initiatives, and driving continuous improvement. 8+ years of relevant experience required."
JOB00132,Java Developer,Java Developer,Spencer-Lee,Hyderabad,Hibernate; Git; REST API; Spring Boot; JUnit; SQL; Java,7-10 years,15-18,"Spencer-Lee is hiring a Java Developer for our Hyderabad office. You will use Hibernate, Git, REST API, Spring Boot, JUnit, SQL, Java daily and help scale our Git capabilities. We value strong fundamentals in Hibernate and a collaborative mindset. Minimum 7 years of experience in a similar role."
JOB00463,UI/UX Designer,Graphic Designer,"Taylor, Wright and Davidson",Delhi NCR,Communication; InDesign; UI/UX; Illustrator; Creativity; Photoshop; Branding; Typography,1-4 years,20-29,"We are looking for a UI/UX Designer to join our growing team. The ideal candidate has hands-on experience with Communication, InDesign, UI/UX, Illustrator, Creativity, Photoshop, Branding, Typography and can work independently on Creativity-driven projects. Responsibilities include collaborating with cross-functional teams, contributing to InDesign initiatives, and driving continuous improvement. 1+ years of relevant experience required."
JOB00262,Business Analyst,Business Analyst,"Anderson, Roberts and Gilmore",Chennai,Data Visualization; Agile; Stakeholder Management; Excel; Tableau; Power BI; Requirements Gathering; SQL,7-10 years,7-14,"Exciting opportunity for a Business Analyst at Anderson, Roberts and Gilmore. Must be proficient in Data Visualization, Agile, Stakeholder Management, Excel, Tableau, Power BI, Requirements Gathering, SQL, with practical exposure to Stakeholder Management and SQL. You'll work in an agile environment solving real business problems. 7+ years experience preferred."
JOB00505,Nutrition Consultant,Health and Fitness,Acosta Inc,Pune,Client Assessment; Exercise Physiology; Program Design; CPR Certified,7-10 years,7-11,"We are looking for a Nutrition Consultant to join our growing team. The ideal candidate has hands-on experience with Client Assessment, Exercise Physiology, Program Design, CPR Certified and can work independently on CPR Certified-driven projects. Responsibilities include collaborating with cross-functional teams, contributing to Program Design initiatives, and driving continuous improvement. 7+ years of relevant experience required."
JOB00020,Data Scientist,Data Science,"Reid, Ferguson and Sanchez",Mumbai,SQL; Excel; NumPy; TensorFlow; Statistics,1-4 years,16-23,"We are looking for a Data Scientist to join our growing team. The ideal candidate has hands-on experience with SQL, Excel, NumPy, TensorFlow, Statistics and can work independently on Excel-driven projects. Responsibilities include collaborating with cross-functional teams, contributing to Statistics initiatives, and driving continuous improvement. 1+ years of relevant experience required."
JOB00111,Backend Java Engineer,Java Developer,Patton-Jenkins,Pune,REST API; Spring Boot; Multithreading; Git; JUnit,6-9 years,8-13,"We are looking for a Backend Java Engineer to join our growing team. The ideal candidate has hands-on experience with REST API, Spring Boot, Multithreading, Git, JUnit and can work independently on REST API-driven projects. Responsibilities include collaborating with cross-functional teams, contributing to Spring Boot initiatives, and driving continuous improvement. 6+ years of relevant experience required."
JOB00168,Backend Python Engineer,Python Developer,Johnson-Rogers,Noida,Celery; Pandas; SQL; REST API; Docker,3-6 years,16-20,"We are looking for a Backend Python Engineer to join our growing team. The ideal candidate has hands-on experience with Celery, Pandas, SQL, REST API, Docker and can work independently on Celery-driven projects. Responsibilities include collaborating with cross-functional teams, contributing to REST API initiatives, and driving continuous improvement. 3+ years of relevant experience required."
JOB00099,Android Developer,Android Development,Williams-Cook,Mumbai,MVVM; Firebase; REST API; Git; Java; Android SDK; Jetpack Compose,5-8 years,6-10,"We are looking for a Android Developer to join our growing team. The ideal candidate has hands-on experience with MVVM, Firebase, REST API, Git, Java, Android SDK, Jetpack Compose and can work independently on MVVM-driven projects. Responsibilities include collaborating with cross-functional teams, contributing to Android SDK initiatives, and driving continuous improvement. 5+ years of relevant experience required."
JOB00493,Nutrition Consultant,Health and Fitness,Li-Thompson,Pune,Communication; Client Assessment; CPR Certified; Exercise Physiology; Program Design,2-5 years,7-17,"Li-Thompson is hiring a Nutrition Consultant for our Pune office. You will use Communication, Client Assessment, CPR Certified, Exercise Physiology, Program Design daily and help scale our Exercise Physiology capabilities. We value strong fundamentals in Communication and a collaborative mindset. Minimum 2 years of experience in a similar role."
JOB00492,Nutrition Consultant,Health and Fitness,Anderson-Bell,Remote,Client Assessment; First Aid; Nutrition Planning; CPR Certified; Communication; Exercise Physiology; Program Design,7-10 years,5-12,"We are looking for a Nutrition Consultant to join our growing team. The ideal candidate has hands-on experience with Client Assessment, First Aid, Nutrition Planning, CPR Certified, Communication, Exercise Physiology, Program Design and can work independently on Program Design-driven projects. Responsibilities include collaborating with cross-functional teams, contributing to Exercise Physiology initiatives, and driving continuous improvement. 7+ years of relevant experience required."
JOB00341,Talent Acquisition Specialist,HR,Garcia-Jennings,Noida,Communication; Excel; Conflict Resolution; HRIS; Employee Engagement; Payroll,4-7 years,8-18,"We are looking for a Talent Acquisition Specialist to join our growing team. The ideal candidate has hands-on experience with Communication, Excel, Conflict Resolution, HRIS, Employee Engagement, Payroll and can work independently on Employee Engagement-driven projects. Responsibilities include collaborating with cross-functional teams, contributing to Communication initiatives, and driving continuous improvement. 4+ years of relevant experience required."
JOB00244,Network Security Engineer,Network Security Engineer,Lyons-Bender,Remote,IDS/IPS; Firewalls; Risk Assessment; Python,5-8 years,6-12,"Exciting opportunity for a Network Security Engineer at Lyons-Bender. Must be proficient in IDS/IPS, Firewalls, Risk Assessment, Python, with practical exposure to Python and IDS/IPS. You'll work in an agile environment solving real business problems. 5+ years experience preferred."
JOB00076,Android Developer,Android Development,"Daniels, Adkins and Brown",Pune,Android SDK; MVVM; SQLite; Java,5-8 years,16-26,"Exciting opportunity for a Android Developer at Daniels, Adkins and Brown. Must be proficient in Android SDK, MVVM, SQLite, Java, with practical exposure to SQLite and MVVM. You'll work in an agile environment solving real business problems. 5+ years experience preferred."
JOB00369,Business Development Executive,Sales,Perry-Davis,Hyderabad,Excel; Negotiation; Lead Generation; Cold Calling; CRM; Client Relationship Management; Sales Strategy; Communication,4-7 years,15-17,"We are looking for a Business Development Executive to join our growing team. The ideal candidate has hands-on experience with Excel, Negotiation, Lead Generation, Cold Calling, CRM, Client Relationship Management, Sales Strategy, Communication and can work independently on CRM-driven projects. Responsibilities include collaborating with cross-functional teams, contributing to Negotiation initiatives, and driving continuous improvement. 4+ years of relevant experience required."
JOB00248,Product Analyst,Business Analyst,"Matthews, Smith and Hubbard",Noida,Tableau; Power BI; SQL; Communication; Requirements Gathering; Data Visualization; Agile; Excel,5-8 years,15-24,"Exciting opportunity for a Product Analyst at Matthews, Smith and Hubbard. Must be proficient in Tableau, Power BI, SQL, Communication, Requirements Gathering, Data Visualization, Agile, Excel, with practical exposure to Data Visualization and Communication. You'll work in an agile environment solving real business problems. 5+ years experience preferred."
JOB00391,Mechanical Design Engineer,Mechanical Engineer,Frank-Bradley,Delhi NCR,Thermodynamics; SolidWorks; Manufacturing; Project Management,4-7 years,20-23,"Frank-Bradley is hiring a Mechanical Design Engineer for our Delhi NCR office. You will use Thermodynamics, SolidWorks, Manufacturing, Project Management daily and help scale our Thermodynamics capabilities. We value strong fundamentals in Manufacturing and a collaborative mindset. Minimum 4 years of experience in a similar role."
JOB00234,Network Security Engineer,Network Security Engineer,Arnold and Sons,Bengaluru,Firewalls; Linux; Cryptography; Vulnerability Assessment; Network Protocols; IDS/IPS; Risk Assessment; Python,3-6 years,9-15,"Arnold and Sons is hiring a Network Security Engineer for our Bengaluru office. You will use Firewalls, Linux, Cryptography, Vulnerability Assessment, Network Protocols, IDS/IPS, Risk Assessment, Python daily and help scale our Firewalls capabilities. We value strong fundamentals in Linux and a collaborative mindset. Minimum 3 years of experience in a similar role."
JOB00014,Data Scientist,Data Science,"Mcclure, Ward and Lee",Bengaluru,Machine Learning; Tableau; SQL; Excel; A/B Testing; Python; TensorFlow,2-5 years,17-24,"We are looking for a Data Scientist to join our growing team. The ideal candidate has hands-on experience with Machine Learning, Tableau, SQL, Excel, A/B Testing, Python, TensorFlow and can work independently on A/B Testing-driven projects. Responsibilities include collaborating with cross-functional teams, contributing to TensorFlow initiatives, and driving continuous improvement. 2+ years of relevant experience required."
JOB00483,UI/UX Designer,Graphic Designer,"Andrews, Higgins and Carter",Noida,Branding; Communication; UI/UX; Typography; Illustrator; InDesign; Creativity,8-11 years,6-9,"We are looking for a UI/UX Designer to join our growing team. The ideal candidate has hands-on experience with Branding, Communication, UI/UX, Typography, Illustrator, InDesign, Creativity and can work independently on Creativity-driven projects. Responsibilities include collaborating with cross-functional teams, contributing to InDesign initiatives, and driving continuous improvement. 8+ years of relevant experience required."
JOB00415,Manufacturing Engineer,Mechanical Engineer,Dixon Inc,Noida,Quality Control; AutoCAD; Six Sigma; MATLAB; Thermodynamics; Project Management; Manufacturing,3-6 years,15-18,"We are looking for a Manufacturing Engineer to join our growing team. The ideal candidate has hands-on experience with Quality Control, AutoCAD, Six Sigma, MATLAB, Thermodynamics, Project Management, Manufacturing and can work independently on AutoCAD-driven projects. Responsibilities include collaborating with cross-functional teams, contributing to Thermodynamics initiatives, and driving continuous improvement. 3+ years of relevant experience required."
JOB00351,Account Manager,Sales,Fernandez and Sons,Noida,Negotiation; Client Relationship Management; Communication; Cold Calling; Excel; Lead Generation,3-6 years,12-20,"We are looking for a Account Manager to join our growing team. The ideal candidate has hands-on experience with Negotiation, Client Relationship Management, Communication, Cold Calling, Excel, Lead Generation and can work independently on Excel-driven projects. Responsibilities include collaborating with cross-functional teams, contributing to Cold Calling initiatives, and driving continuous improvement. 3+ years of relevant experience required."
JOB00053,Web Developer,Web Development,Chapman and Sons,Bengaluru,TypeScript; MongoDB; REST API; JavaScript; Responsive Design,5-8 years,11-18,"We are looking for a Web Developer to join our growing team. The ideal candidate has hands-on experience with TypeScript, MongoDB, REST API, JavaScript, Responsive Design and can work independently on JavaScript-driven projects. Responsibilities include collaborating with cross-functional teams, contributing to REST API initiatives, and driving continuous improvement. 5+ years of relevant experience required."
JOB00322,HR Generalist,HR,Brock-Mcdonald,Hyderabad,Recruitment; Payroll; Onboarding; Performance Management; Conflict Resolution; Excel,2-5 years,15-24,"Brock-Mcdonald is hiring a HR Generalist for our Hyderabad office. You will use Recruitment, Payroll, Onboarding, Performance Management, Conflict Resolution, Excel daily and help scale our Performance Management capabilities. We value strong fundamentals in Excel and a collaborative mindset. Minimum 2 years of experience in a similar role."
JOB00225,Network Security Engineer,Network Security Engineer,Jones-Soto,Mumbai,SIEM; Cryptography; Linux; Firewalls; Network Protocols,0-3 years,15-23,"We are looking for a Network Security Engineer to join our growing team. The ideal candidate has hands-on experience with SIEM, Cryptography, Linux, Firewalls, Network Protocols and can work independently on SIEM-driven projects. Responsibilities include collaborating with cross-functional teams, contributing to Cryptography initiatives, and driving continuous improvement. 0+ years of relevant experience required."
JOB00183,Cloud Engineer,DevOps Engineer,Jackson-Lawson,Pune,Kubernetes; Git; AWS; Terraform,6-9 years,4-13,"We are looking for a Cloud Engineer to join our growing team. The ideal candidate has hands-on experience with Kubernetes, Git, AWS, Terraform and can work independently on Kubernetes-driven projects. Responsibilities include collaborating with cross-functional teams, contributing to Git initiatives, and driving continuous improvement. 6+ years of relevant experience required."
JOB00120,Backend Java Engineer,Java Developer,"Rivera, Johnson and Wiley",Kolkata,JUnit; Multithreading; Spring Boot; Maven; SQL; REST API; Git,8-11 years,9-11,"We are looking for a Backend Java Engineer to join our growing team. The ideal candidate has hands-on experience with JUnit, Multithreading, Spring Boot, Maven, SQL, REST API, Git and can work independently on SQL-driven projects. Responsibilities include collaborating with cross-functional teams, contributing to Spring Boot initiatives, and driving continuous improvement. 8+ years of relevant experience required."
JOB00103,Android Developer,Android Development,"Mckee, Gardner and Davenport",Chennai,Firebase; MVVM; Kotlin; Android SDK; Material Design; Jetpack Compose,4-7 years,10-16,"Mckee, Gardner and Davenport is hiring a Android Developer for our Chennai office. You will use Firebase, MVVM, Kotlin, Android SDK, Material Design, Jetpack Compose daily and help scale our Firebase capabilities. We value strong fundamentals in Material Design and a collaborative mindset. Minimum 4 years of experience in a similar role."
JOB00255,Business Analyst,Business Analyst,Roberts-Landry,Kolkata,SQL; Data Visualization; Power BI; Requirements Gathering; Process Improvement,2-5 years,14-17,"Roberts-Landry is hiring a Business Analyst for our Kolkata office. You will use SQL, Data Visualization, Power BI, Requirements Gathering, Process Improvement daily and help scale our Power BI capabilities. We value strong fundamentals in SQL and a collaborative mindset. Minimum 2 years of experience in a similar role."
JOB00323,HR Generalist,HR,Taylor and Sons,Kolkata,HRIS; Performance Management; Recruitment; Payroll; Employee Engagement; Excel; Communication; Conflict Resolution,1-4 years,13-21,"Exciting opportunity for a HR Generalist at Taylor and Sons. Must be proficient in HRIS, Performance Management, Recruitment, Payroll, Employee Engagement, Excel, Communication, Conflict Resolution, with practical exposure to Performance Management and Recruitment. You'll work in an agile environment solving real business problems. 1+ years experience preferred."
JOB00388,Manufacturing Engineer,Mechanical Engineer,Davis PLC,Chennai,Project Management; Six Sigma; SolidWorks; Thermodynamics; AutoCAD,6-9 years,18-25,"Davis PLC is hiring a Manufacturing Engineer for our Chennai office. You will use Project Management, Six Sigma, SolidWorks, Thermodynamics, AutoCAD daily and help scale our AutoCAD capabilities. We value strong fundamentals in Thermodynamics and a collaborative mindset. Minimum 6 years of experience in a similar role."
JOB00059,Frontend Developer,Web Development,Lee-Davis,Remote,MongoDB; Node.js; Git; Responsive Design; HTML; JavaScript,2-5 years,4-14,"We are looking for a Frontend Developer to join our growing team. The ideal candidate has hands-on experience with MongoDB, Node.js, Git, Responsive Design, HTML, JavaScript and can work independently on Node.js-driven projects. Responsibilities include collaborating with cross-functional teams, contributing to JavaScript initiatives, and driving continuous improvement. 2+ years of relevant experience required."
JOB00231,Cybersecurity Analyst,Network Security Engineer,"Branch, Torres and Oliver",Kolkata,SIEM; Network Protocols; Firewalls; IDS/IPS; Cryptography; Linux; Penetration Testing,5-8 years,5-7,"We are looking for a Cybersecurity Analyst to join our growing team. The ideal candidate has hands-on experience with SIEM, Network Protocols, Firewalls, IDS/IPS, Cryptography, Linux, Penetration Testing and can work independently on Firewalls-driven projects. Responsibilities include collaborating with cross-functional teams, contributing to Network Protocols initiatives, and driving continuous improvement. 5+ years of relevant experience required."
JOB00473,Graphic Designer,Graphic Designer,Moody-Taylor,Ahmedabad,Figma; Branding; Typography; Photoshop; Creativity; InDesign; UI/UX,0-3 years,8-17,"Exciting opportunity for a Graphic Designer at Moody-Taylor. Must be proficient in Figma, Branding, Typography, Photoshop, Creativity, InDesign, UI/UX, with practical exposure to InDesign and UI/UX. You'll work in an agile environment solving real business problems. 0+ years experience preferred."
JOB00037,Frontend Developer,Web Development,Smith-Bowen,Chennai,TypeScript; Responsive Design; Node.js; React; Express.js,7-10 years,6-14,"Smith-Bowen is hiring a Frontend Developer for our Chennai office. You will use TypeScript, Responsive Design, Node.js, React, Express.js daily and help scale our TypeScript capabilities. We value strong fundamentals in Responsive Design and a collaborative mindset. Minimum 7 years of experience in a similar role."
JOB00063,Frontend Developer,Web Development,Wright and Sons,Bengaluru,TypeScript; MongoDB; JavaScript; Node.js; CSS; Responsive Design,2-5 years,6-16,"Wright and Sons is hiring a Frontend Developer for our Bengaluru office. You will use TypeScript, MongoDB, JavaScript, Node.js, CSS, Responsive Design daily and help scale our TypeScript capabilities. We value strong fundamentals in Node.js and a collaborative mindset. Minimum 2 years of experience in a similar role."
JOB00102,Mobile App Developer,Android Development,"Patterson, Smith and Jones",Bengaluru,SQLite; Android SDK; Firebase; Kotlin; Java; MVVM; Material Design; REST API,5-8 years,15-18,"We are looking for a Mobile App Developer to join our growing team. The ideal candidate has hands-on experience with SQLite, Android SDK, Firebase, Kotlin, Java, MVVM, Material Design, REST API and can work independently on REST API-driven projects. Responsibilities include collaborating with cross-functional teams, contributing to Kotlin initiatives, and driving continuous improvement. 5+ years of relevant experience required."
JOB00078,Mobile App Developer,Android Development,Yu Inc,Kolkata,Material Design; Java; REST API; MVVM; SQLite; Git,3-6 years,8-18,"Exciting opportunity for a Mobile App Developer at Yu Inc. Must be proficient in Material Design, Java, REST API, MVVM, SQLite, Git, with practical exposure to REST API and Git. You'll work in an agile environment solving real business problems. 3+ years experience preferred."
JOB00204,Cloud Engineer,DevOps Engineer,"Beard, Peters and Black",Delhi NCR,Monitoring; Linux; Jenkins; Ansible; Kubernetes; Docker; Git,8-11 years,15-21,"Beard, Peters and Black is hiring a Cloud Engineer for our Delhi NCR office. You will use Monitoring, Linux, Jenkins, Ansible, Kubernetes, Docker, Git daily and help scale our Monitoring capabilities. We value strong fundamentals in Ansible and a collaborative mindset. Minimum 8 years of experience in a similar role."
JOB00319,HR Generalist,HR,Buchanan LLC,Ahmedabad,Recruitment; Communication; Performance Management; Excel; Employee Engagement,3-6 years,18-24,"We are looking for a HR Generalist to join our growing team. The ideal candidate has hands-on experience with Recruitment, Communication, Performance Management, Excel, Employee Engagement and can work independently on Excel-driven projects. Responsibilities include collaborating with cross-functional teams, contributing to Employee Engagement initiatives, and driving continuous improvement. 3+ years of relevant experience required."
JOB00036,Frontend Developer,Web Development,Rodriguez-Graham,Kolkata,CSS; JavaScript; Express.js; Git; React,1-4 years,17-26,"Rodriguez-Graham is hiring a Frontend Developer for our Kolkata office. You will use CSS, JavaScript, Express.js, Git, React daily and help scale our JavaScript capabilities. We value strong fundamentals in React and a collaborative mindset. Minimum 1 years of experience in a similar role."
JOB00286,Digital Marketing Executive,Digital Marketing,Bowen Group,Mumbai,PPC; Excel; Content Marketing; Google Analytics,7-10 years,10-13,"We are looking for a Digital Marketing Executive to join our growing team. The ideal candidate has hands-on experience with PPC, Excel, Content Marketing, Google Analytics and can work independently on Content Marketing-driven projects. Responsibilities include collaborating with cross-functional teams, contributing to Google Analytics initiatives, and driving continuous improvement. 7+ years of relevant experience required."
JOB00424,Civil Site Engineer,Civil Engineer,Hernandez-Jones,Kolkata,Structural Analysis; Revit; AutoCAD; Project Management; Surveying; Construction Management; Cost Estimation,2-5 years,8-12,"We are looking for a Civil Site Engineer to join our growing team. The ideal candidate has hands-on experience with Structural Analysis, Revit, AutoCAD, Project Management, Surveying, Construction Management, Cost Estimation and can work independently on AutoCAD-driven projects. Responsibilities include collaborating with cross-functional teams, contributing to Project Management initiatives, and driving continuous improvement. 2+ years of relevant experience required."
JOB00327,Talent Acquisition Specialist,HR,Richards-Carson,Noida,Communication; HRIS; Recruitment; Excel,4-7 years,14-24,"Exciting opportunity for a Talent Acquisition Specialist at Richards-Carson. Must be proficient in Communication, HRIS, Recruitment, Excel, with practical exposure to Excel and Recruitment. You'll work in an agile environment solving real business problems. 4+ years experience preferred."
JOB00152,Python Developer,Python Developer,"Simmons, Meadows and Griffin",Delhi NCR,Pandas; Celery; Flask; SQL; Docker; REST API,5-8 years,18-24,"Exciting opportunity for a Python Developer at Simmons, Meadows and Griffin. Must be proficient in Pandas, Celery, Flask, SQL, Docker, REST API, with practical exposure to REST API and SQL. You'll work in an agile environment solving real business problems. 5+ years experience preferred."
JOB00222,Cybersecurity Analyst,Network Security Engineer,Harrison-Alexander,Mumbai,Firewalls; Risk Assessment; SIEM; Penetration Testing,1-4 years,11-14,"We are looking for a Cybersecurity Analyst to join our growing team. The ideal candidate has hands-on experience with Firewalls, Risk Assessment, SIEM, Penetration Testing and can work independently on Penetration Testing-driven projects. Responsibilities include collaborating with cross-functional teams, contributing to Risk Assessment initiatives, and driving continuous improvement. 1+ years of relevant experience required."
JOB00116,Senior Java Developer,Java Developer,Walker Ltd,Delhi NCR,Java; JUnit; Hibernate; Maven,5-8 years,12-17,"Exciting opportunity for a Senior Java Developer at Walker Ltd. Must be proficient in Java, JUnit, Hibernate, Maven, with practical exposure to Hibernate and Java. You'll work in an agile environment solving real business problems. 5+ years experience preferred."
JOB00266,Business Analyst,Business Analyst,Gay Inc,Hyderabad,Excel; Power BI; SQL; Requirements Gathering; Stakeholder Management,3-6 years,16-21,"Exciting opportunity for a Business Analyst at Gay Inc. Must be proficient in Excel, Power BI, SQL, Requirements Gathering, Stakeholder Management, with practical exposure to Requirements Gathering and SQL. You'll work in an agile environment solving real business problems. 3+ years experience preferred."
JOB00253,Product Analyst,Business Analyst,Bailey-Cook,Chennai,Requirements Gathering; Data Visualization; Communication; Power BI; Agile; Stakeholder Management; SQL,4-7 years,17-25,"We are looking for a Product Analyst to join our growing team. The ideal candidate has hands-on experience with Requirements Gathering, Data Visualization, Communication, Power BI, Agile, Stakeholder Management, SQL and can work independently on Communication-driven projects. Responsibilities include collaborating with cross-functional teams, contributing to Requirements Gathering initiatives, and driving continuous improvement. 4+ years of relevant experience required."
JOB00164,Python Developer,Python Developer,Smith-Bell,Mumbai,Celery; Flask; Pandas; SQL; Unit Testing; Docker; Git; REST API,1-4 years,17-20,"We are looking for a Python Developer to join our growing team. The ideal candidate has hands-on experience with Celery, Flask, Pandas, SQL, Unit Testing, Docker, Git, REST API and can work independently on Flask-driven projects. Responsibilities include collaborating with cross-functional teams, contributing to Docker initiatives, and driving continuous improvement. 1+ years of relevant experience required."
JOB00451,Structural Engineer,Civil Engineer,"Wise, Conley and Stephenson",Mumbai,Surveying; Structural Analysis; Construction Management; Project Management; Revit; AutoCAD,7-10 years,8-11,"We are looking for a Structural Engineer to join our growing team. The ideal candidate has hands-on experience with Surveying, Structural Analysis, Construction Management, Project Management, Revit, AutoCAD and can work independently on Revit-driven projects. Responsibilities include collaborating with cross-functional teams, contributing to Surveying initiatives, and driving continuous improvement. 7+ years of relevant experience required."
JOB00510,Fitness Trainer,Health and Fitness,Williams-Berg,Ahmedabad,Program Design; CPR Certified; First Aid; Nutrition Planning; Exercise Physiology,0-3 years,20-22,"Exciting opportunity for a Fitness Trainer at Williams-Berg. Must be proficient in Program Design, CPR Certified, First Aid, Nutrition Planning, Exercise Physiology, with practical exposure to Program Design and First Aid. You'll work in an agile environment solving real business problems. 0+ years experience preferred."
JOB00056,Web Developer,Web Development,Jones-Young,Hyderabad,CSS; Git; MongoDB; Node.js; Responsive Design; REST API; TypeScript; Express.js,6-9 years,18-23,"Jones-Young is hiring a Web Developer for our Hyderabad office. You will use CSS, Git, MongoDB, Node.js, Responsive Design, REST API, TypeScript, Express.js daily and help scale our Node.js capabilities. We value strong fundamentals in MongoDB and a collaborative mindset. Minimum 6 years of experience in a similar role."
JOB00320,HR Generalist,HR,"Shaw, Nelson and Martin",Noida,Onboarding; Performance Management; HRIS; Employee Engagement,0-3 years,14-20,"Shaw, Nelson and Martin is hiring a HR Generalist for our Noida office. You will use Onboarding, Performance Management, HRIS, Employee Engagement daily and help scale our HRIS capabilities. We value strong fundamentals in Performance Management and a collaborative mindset. Minimum 0 years of experience in a similar role."
JOB00453,Civil Site Engineer,Civil Engineer,Harper and Sons,Noida,Surveying; Revit; Construction Management; Project Management; Cost Estimation,1-4 years,6-10,"We are looking for a Civil Site Engineer to join our growing team. The ideal candidate has hands-on experience with Surveying, Revit, Construction Management, Project Management, Cost Estimation and can work independently on Surveying-driven projects. Responsibilities include collaborating with cross-functional teams, contributing to Revit initiatives, and driving continuous improvement. 1+ years of relevant experience required."
JOB00051,Web Developer,Web Development,"Brooks, Lam and Hayes",Ahmedabad,HTML; TypeScript; MongoDB; Git; Node.js; REST API,3-6 years,4-7,"We are looking for a Web Developer to join our growing team. The ideal candidate has hands-on experience with HTML, TypeScript, MongoDB, Git, Node.js, REST API and can work independently on REST API-driven projects. Responsibilities include collaborating with cross-functional teams, contributing to HTML initiatives, and driving continuous improvement. 3+ years of relevant experience required."
JOB00418,Manufacturing Engineer,Mechanical Engineer,Thomas and Sons,Pune,SolidWorks; Thermodynamics; Six Sigma; Project Management,2-5 years,15-17,"We are looking for a Manufacturing Engineer to join our growing team. The ideal candidate has hands-on experience with SolidWorks, Thermodynamics, Six Sigma, Project Management and can work independently on Thermodynamics-driven projects. Responsibilities include collaborating with cross-functional teams, contributing to Project Management initiatives, and driving continuous improvement. 2+ years of relevant experience required."
JOB00162,Backend Python Engineer,Python Developer,Stein-Silva,Delhi NCR,Git; SQL; Unit Testing; Celery; REST API,0-3 years,20-23,"Stein-Silva is hiring a Backend Python Engineer for our Delhi NCR office. You will use Git, SQL, Unit Testing, Celery, REST API daily and help scale our Git capabilities. We value strong fundamentals in Unit Testing and a collaborative mindset. Minimum 0 years of experience in a similar role."
JOB00421,Civil Site Engineer,Civil Engineer,Marshall-Elliott,Noida,Surveying; AutoCAD; Structural Analysis; Revit,4-7 years,4-6,"We are looking for a Civil Site Engineer to join our growing team. The ideal candidate has hands-on experience with Surveying, AutoCAD, Structural Analysis, Revit and can work independently on Structural Analysis-driven projects. Responsibilities include collaborating with cross-functional teams, contributing to Revit initiatives, and driving continuous improvement. 4+ years of relevant experience required."
JOB00192,Site Reliability Engineer,DevOps Engineer,"Wood, Hunter and Peterson",Chennai,Git; Monitoring; Ansible; CI/CD; Linux; Shell Scripting; Kubernetes,1-4 years,7-11,"Wood, Hunter and Peterson is hiring a Site Reliability Engineer for our Chennai office. You will use Git, Monitoring, Ansible, CI/CD, Linux, Shell Scripting, Kubernetes daily and help scale our Monitoring capabilities. We value strong fundamentals in Shell Scripting and a collaborative mindset. Minimum 1 years of experience in a similar role."
JOB00154,Backend Python Engineer,Python Developer,Green-Wright,Delhi NCR,SQL; Pandas; Docker; Git,1-4 years,18-21,"Exciting opportunity for a Backend Python Engineer at Green-Wright. Must be proficient in SQL, Pandas, Docker, Git, with practical exposure to Git and Docker. You'll work in an agile environment solving real business problems. 1+ years experience preferred."
JOB00193,Cloud Engineer,DevOps Engineer,Short-Garcia,Remote,Kubernetes; Shell Scripting; CI/CD; Docker; Ansible; Monitoring; AWS,0-3 years,12-15,"Short-Garcia is hiring a Cloud Engineer for our Remote office. You will use Kubernetes, Shell Scripting, CI/CD, Docker, Ansible, Monitoring, AWS daily and help scale our Ansible capabilities. We value strong fundamentals in Docker and a collaborative mindset. Minimum 0 years of experience in a similar role."
JOB00380,Account Manager,Sales,Boone LLC,Chennai,Lead Generation; CRM; Excel; Negotiation; Client Relationship Management,6-9 years,12-16,"We are looking for a Account Manager to join our growing team. The ideal candidate has hands-on experience with Lead Generation, CRM, Excel, Negotiation, Client Relationship Management and can work independently on Lead Generation-driven projects. Responsibilities include collaborating with cross-functional teams, contributing to CRM initiatives, and driving continuous improvement. 6+ years of relevant experience required."
JOB00212,Cybersecurity Analyst,Network Security Engineer,King-Martinez,Hyderabad,Python; Vulnerability Assessment; SIEM; Network Protocols; Cryptography; Risk Assessment; IDS/IPS; Firewalls,6-9 years,18-20,"Exciting opportunity for a Cybersecurity Analyst at King-Martinez. Must be proficient in Python, Vulnerability Assessment, SIEM, Network Protocols, Cryptography, Risk Assessment, IDS/IPS, Firewalls, with practical exposure to Python and Network Protocols. You'll work in an agile environment solving real business problems. 6+ years experience preferred."
JOB00060,Full Stack Developer,Web Development,Gomez-Jenkins,Remote,MongoDB; Git; TypeScript; Express.js; REST API; JavaScript,6-9 years,17-19,"We are looking for a Full Stack Developer to join our growing team. The ideal candidate has hands-on experience with MongoDB, Git, TypeScript, Express.js, REST API, JavaScript and can work independently on JavaScript-driven projects. Responsibilities include collaborating with cross-functional teams, contributing to REST API initiatives, and driving continuous improvement. 6+ years of relevant experience required."
JOB00153,Python Developer,Python Developer,Manning Group,Bengaluru,Celery; Python; SQL; Git,8-11 years,9-17,"Manning Group is hiring a Python Developer for our Bengaluru office. You will use Celery, Python, SQL, Git daily and help scale our Celery capabilities. We value strong fundamentals in Python and a collaborative mindset. Minimum 8 years of experience in a similar role."
JOB00303,SEO Specialist,Digital Marketing,Santana-Byrd,Remote,Social Media; Email Marketing; Copywriting; Google Analytics; Content Marketing,4-7 years,15-22,"Santana-Byrd is hiring a SEO Specialist for our Remote office. You will use Social Media, Email Marketing, Copywriting, Google Analytics, Content Marketing daily and help scale our Social Media capabilities. We value strong fundamentals in Google Analytics and a collaborative mindset. Minimum 4 years of experience in a similar role."
JOB00038,Web Developer,Web Development,"Baker, Mason and White",Chennai,React; Express.js; REST API; MongoDB; Responsive Design; Git; Node.js; HTML,1-4 years,13-21,"Exciting opportunity for a Web Developer at Baker, Mason and White. Must be proficient in React, Express.js, REST API, MongoDB, Responsive Design, Git, Node.js, HTML, with practical exposure to HTML and REST API. You'll work in an agile environment solving real business problems. 1+ years experience preferred."
JOB00447,Structural Engineer,Civil Engineer,"Henderson, Cox and Cox",Delhi NCR,Surveying; Project Management; Construction Management; Structural Analysis; AutoCAD,3-6 years,19-21,"Exciting opportunity for a Structural Engineer at Henderson, Cox and Cox. Must be proficient in Surveying, Project Management, Construction Management, Structural Analysis, AutoCAD, with practical exposure to Surveying and Construction Management. You'll work in an agile environment solving real business problems. 3+ years experience preferred."
JOB00381,Business Development Executive,Sales,"Richardson, Farmer and Andrews",Kolkata,Excel; Cold Calling; Communication; Client Relationship Management; Lead Generation; Negotiation,5-8 years,5-13,"Exciting opportunity for a Business Development Executive at Richardson, Farmer and Andrews. Must be proficient in Excel, Cold Calling, Communication, Client Relationship Management, Lead Generation, Negotiation, with practical exposure to Negotiation and Cold Calling. You'll work in an agile environment solving real business problems. 5+ years experience preferred."
JOB00065,Web Developer,Web Development,Baxter Inc,Pune,Responsive Design; TypeScript; REST API; JavaScript,4-7 years,4-8,"Baxter Inc is hiring a Web Developer for our Pune office. You will use Responsive Design, TypeScript, REST API, JavaScript daily and help scale our JavaScript capabilities. We value strong fundamentals in REST API and a collaborative mindset. Minimum 4 years of experience in a similar role."
JOB00454,Civil Site Engineer,Civil Engineer,White Ltd,Pune,Revit; AutoCAD; Cost Estimation; Construction Management,3-6 years,20-25,"White Ltd is hiring a Civil Site Engineer for our Pune office. You will use Revit, AutoCAD, Cost Estimation, Construction Management daily and help scale our Revit capabilities. We value strong fundamentals in AutoCAD and a collaborative mindset. Minimum 3 years of experience in a similar role."
JOB00258,Product Analyst,Business Analyst,"Bryan, Smith and Booth",Ahmedabad,Stakeholder Management; Agile; Tableau; Excel; Communication,8-11 years,14-18,"Bryan, Smith and Booth is hiring a Product Analyst for our Ahmedabad office. You will use Stakeholder Management, Agile, Tableau, Excel, Communication daily and help scale our Tableau capabilities. We value strong fundamentals in Communication and a collaborative mindset. Minimum 8 years of experience in a similar role."
JOB00346,HR Generalist,HR,Zhang PLC,Pune,Onboarding; HRIS; Employee Engagement; Performance Management; Communication; Recruitment,8-11 years,5-13,"Exciting opportunity for a HR Generalist at Zhang PLC. Must be proficient in Onboarding, HRIS, Employee Engagement, Performance Management, Communication, Recruitment, with practical exposure to HRIS and Employee Engagement. You'll work in an agile environment solving real business problems. 8+ years experience preferred."
JOB00509,Nutrition Consultant,Health and Fitness,Jackson-Wallace,Mumbai,Communication; Client Assessment; First Aid; Nutrition Planning; Program Design; CPR Certified,6-9 years,8-14,"We are looking for a Nutrition Consultant to join our growing team. The ideal candidate has hands-on experience with Communication, Client Assessment, First Aid, Nutrition Planning, Program Design, CPR Certified and can work independently on Communication-driven projects. Responsibilities include collaborating with cross-functional teams, contributing to Client Assessment initiatives, and driving continuous improvement. 6+ years of relevant experience required."
JOB00280,Business Analyst,Business Analyst,"Reyes, Chase and Jenkins",Ahmedabad,Data Visualization; Requirements Gathering; Agile; Stakeholder Management; SQL; Excel; Tableau; Process Improvement,7-10 years,12-20,"Reyes, Chase and Jenkins is hiring a Business Analyst for our Ahmedabad office. You will use Data Visualization, Requirements Gathering, Agile, Stakeholder Management, SQL, Excel, Tableau, Process Improvement daily and help scale our Data Visualization capabilities. We value strong fundamentals in Tableau and a collaborative mindset. Minimum 7 years of experience in a similar role."
JOB00368,Sales Executive,Sales,Gutierrez Group,Chennai,Communication; Sales Strategy; Client Relationship Management; Lead Generation; CRM; Negotiation; Excel,3-6 years,5-9,"Exciting opportunity for a Sales Executive at Gutierrez Group. Must be proficient in Communication, Sales Strategy, Client Relationship Management, Lead Generation, CRM, Negotiation, Excel, with practical exposure to Communication and Excel. You'll work in an agile environment solving real business problems. 3+ years experience preferred."
JOB00450,Structural Engineer,Civil Engineer,Jones Inc,Delhi NCR,Structural Analysis; Construction Management; Revit; Surveying; AutoCAD; Cost Estimation; Project Management,5-8 years,8-15,"Jones Inc is hiring a Structural Engineer for our Delhi NCR office. You will use Structural Analysis, Construction Management, Revit, Surveying, AutoCAD, Cost Estimation, Project Management daily and help scale our Surveying capabilities. We value strong fundamentals in Cost Estimation and a collaborative mindset. Minimum 5 years of experience in a similar role."
JOB00182,DevOps Engineer,DevOps Engineer,"Gould, Marshall and Scott",Pune,Monitoring; Kubernetes; Linux; Ansible; AWS; Git,3-6 years,12-20,"We are looking for a DevOps Engineer to join our growing team. The ideal candidate has hands-on experience with Monitoring, Kubernetes, Linux, Ansible, AWS, Git and can work independently on Ansible-driven projects. Responsibilities include collaborating with cross-functional teams, contributing to Git initiatives, and driving continuous improvement. 3+ years of relevant experience required."
JOB00353,Sales Executive,Sales,Smith and Sons,Hyderabad,CRM; Sales Strategy; Cold Calling; Communication; Negotiation; Excel; Lead Generation,7-10 years,13-16,"Exciting opportunity for a Sales Executive at Smith and Sons. Must be proficient in CRM, Sales Strategy, Cold Calling, Communication, Negotiation, Excel, Lead Generation, with practical exposure to CRM and Communication. You'll work in an agile environment solving real business problems. 7+ years experience preferred."
JOB00239,Cybersecurity Analyst,Network Security Engineer,"Guerrero, Peck and Coleman",Kolkata,Cryptography; Network Protocols; Penetration Testing; Firewalls; SIEM; Python; Linux; IDS/IPS,0-3 years,10-18,"We are looking for a Cybersecurity Analyst to join our growing team. The ideal candidate has hands-on experience with Cryptography, Network Protocols, Penetration Testing, Firewalls, SIEM, Python, Linux, IDS/IPS and can work independently on IDS/IPS-driven projects. Responsibilities include collaborating with cross-functional teams, contributing to Cryptography initiatives, and driving continuous improvement. 0+ years of relevant experience required."
JOB00413,Mechanical Design Engineer,Mechanical Engineer,"Miller, Harrell and Reese",Kolkata,Project Management; Thermodynamics; Manufacturing; AutoCAD; SolidWorks,4-7 years,6-13,"Exciting opportunity for a Mechanical Design Engineer at Miller, Harrell and Reese. Must be proficient in Project Management, Thermodynamics, Manufacturing, AutoCAD, SolidWorks, with practical exposure to Thermodynamics and Manufacturing. You'll work in an agile environment solving real business problems. 4+ years experience preferred."
JOB00489,Graphic Designer,Graphic Designer,King-Smith,Chennai,Photoshop; Illustrator; InDesign; Figma; Branding; UI/UX; Creativity; Communication,0-3 years,4-6,"King-Smith is hiring a Graphic Designer for our Chennai office. You will use Photoshop, Illustrator, InDesign, Figma, Branding, UI/UX, Creativity, Communication daily and help scale our Figma capabilities. We value strong fundamentals in UI/UX and a collaborative mindset. Minimum 0 years of experience in a similar role."
JOB00468,Graphic Designer,Graphic Designer,Wilkerson-Arias,Pune,InDesign; UI/UX; Creativity; Figma; Illustrator; Branding; Photoshop,7-10 years,15-24,"Wilkerson-Arias is hiring a Graphic Designer for our Pune office. You will use InDesign, UI/UX, Creativity, Figma, Illustrator, Branding, Photoshop daily and help scale our Branding capabilities. We value strong fundamentals in InDesign and a collaborative mindset. Minimum 7 years of experience in a similar role."
JOB00282,Marketing Analyst,Digital Marketing,Hughes-Alvarado,Kolkata,PPC; Social Media; Copywriting; Marketing Strategy; Communication; Excel; SEO,1-4 years,4-8,"We are looking for a Marketing Analyst to join our growing team. The ideal candidate has hands-on experience with PPC, Social Media, Copywriting, Marketing Strategy, Communication, Excel, SEO and can work independently on PPC-driven projects. Responsibilities include collaborating with cross-functional teams, contributing to Marketing Strategy initiatives, and driving continuous improvement. 1+ years of relevant experience required."
JOB00203,Cloud Engineer,DevOps Engineer,Peterson-Beard,Remote,Linux; Terraform; CI/CD; Kubernetes; Git; Ansible; Docker; AWS,8-11 years,15-22,"Exciting opportunity for a Cloud Engineer at Peterson-Beard. Must be proficient in Linux, Terraform, CI/CD, Kubernetes, Git, Ansible, Docker, AWS, with practical exposure to CI/CD and AWS. You'll work in an agile environment solving real business problems. 8+ years experience preferred."
JOB00251,Product Analyst,Business Analyst,Moon-White,Pune,Communication; Agile; Process Improvement; Data Visualization,4-7 years,15-20,"We are looking for a Product Analyst to join our growing team. The ideal candidate has hands-on experience with Communication, Agile, Process Improvement, Data Visualization and can work independently on Agile-driven projects. Responsibilities include collaborating with cross-functional teams, contributing to Data Visualization initiatives, and driving continuous improvement. 4+ years of relevant experience required."
JOB00271,Business Analyst,Business Analyst,"Thomas, Lee and Greene",Kolkata,Agile; Requirements Gathering; Tableau; Communication; Excel; Data Visualization,7-10 years,10-13,"Exciting opportunity for a Business Analyst at Thomas, Lee and Greene. Must be proficient in Agile, Requirements Gathering, Tableau, Communication, Excel, Data Visualization, with practical exposure to Excel and Requirements Gathering. You'll work in an agile environment solving real business problems. 7+ years experience preferred."
JOB00506,Nutrition Consultant,Health and Fitness,Morrison-Short,Delhi NCR,Exercise Physiology; Program Design; Communication; Nutrition Planning; CPR Certified,7-10 years,20-27,"Exciting opportunity for a Nutrition Consultant at Morrison-Short. Must be proficient in Exercise Physiology, Program Design, Communication, Nutrition Planning, CPR Certified, with practical exposure to Nutrition Planning and Exercise Physiology. You'll work in an agile environment solving real business problems. 7+ years experience preferred."
JOB00495,Fitness Trainer,Health and Fitness,Brown Group,Kolkata,Client Assessment; Program Design; CPR Certified; First Aid,8-11 years,7-12,"Brown Group is hiring a Fitness Trainer for our Kolkata office. You will use Client Assessment, Program Design, CPR Certified, First Aid daily and help scale our CPR Certified capabilities. We value strong fundamentals in First Aid and a collaborative mindset. Minimum 8 years of experience in a similar role."
JOB00001,Data Analyst,Data Science,"Rodriguez, Figueroa and Sanchez",Noida,Excel; Python; Machine Learning; SQL; Scikit-learn,1-4 years,19-26,"We are looking for a Data Analyst to join our growing team. The ideal candidate has hands-on experience with Excel, Python, Machine Learning, SQL, Scikit-learn and can work independently on Machine Learning-driven projects. Responsibilities include collaborating with cross-functional teams, contributing to Python initiatives, and driving continuous improvement. 1+ years of relevant experience required."
JOB00310,SEO Specialist,Digital Marketing,Smith-Grimes,Hyderabad,Email Marketing; Content Marketing; PPC; Social Media,6-9 years,10-14,"We are looking for a SEO Specialist to join our growing team. The ideal candidate has hands-on experience with Email Marketing, Content Marketing, PPC, Social Media and can work independently on Email Marketing-driven projects. Responsibilities include collaborating with cross-functional teams, contributing to PPC initiatives, and driving continuous improvement. 6+ years of relevant experience required."
JOB00438,Civil Site Engineer,Civil Engineer,"Williams, Mccoy and Cook",Pune,Project Management; Revit; Construction Management; Structural Analysis; Cost Estimation; AutoCAD,3-6 years,15-24,"Exciting opportunity for a Civil Site Engineer at Williams, Mccoy and Cook. Must be proficient in Project Management, Revit, Construction Management, Structural Analysis, Cost Estimation, AutoCAD, with practical exposure to Cost Estimation and Revit. You'll work in an agile environment solving real business problems. 3+ years experience preferred."
JOB00334,Talent Acquisition Specialist,HR,Davis PLC,Bengaluru,Payroll; Conflict Resolution; HRIS; Onboarding; Recruitment; Communication; Excel; Employee Engagement,6-9 years,19-22,"Exciting opportunity for a Talent Acquisition Specialist at Davis PLC. Must be proficient in Payroll, Conflict Resolution, HRIS, Onboarding, Recruitment, Communication, Excel, Employee Engagement, with practical exposure to Onboarding and Conflict Resolution. You'll work in an agile environment solving real business problems. 6+ years experience preferred."
JOB00022,Data Analyst,Data Science,"Watts, Robinson and Nguyen",Hyderabad,Tableau; Data Visualization; Scikit-learn; Pandas; A/B Testing; Statistics; SQL; Machine Learning,1-4 years,20-27,"Exciting opportunity for a Data Analyst at Watts, Robinson and Nguyen. Must be proficient in Tableau, Data Visualization, Scikit-learn, Pandas, A/B Testing, Statistics, SQL, Machine Learning, with practical exposure to SQL and Machine Learning. You'll work in an agile environment solving real business problems. 1+ years experience preferred."
JOB00083,Android Developer,Android Development,Donovan-Harris,Pune,Android SDK; Jetpack Compose; SQLite; Git; Firebase; MVVM; Kotlin,3-6 years,15-18,"We are looking for a Android Developer to join our growing team. The ideal candidate has hands-on experience with Android SDK, Jetpack Compose, SQLite, Git, Firebase, MVVM, Kotlin and can work independently on MVVM-driven projects. Responsibilities include collaborating with cross-functional teams, contributing to Kotlin initiatives, and driving continuous improvement. 3+ years of relevant experience required."
JOB00428,Civil Site Engineer,Civil Engineer,Jones-Lin,Hyderabad,AutoCAD; Cost Estimation; Construction Management; Structural Analysis; Revit; Surveying,3-6 years,7-12,"We are looking for a Civil Site Engineer to join our growing team. The ideal candidate has hands-on experience with AutoCAD, Cost Estimation, Construction Management, Structural Analysis, Revit, Surveying and can work independently on Structural Analysis-driven projects. Responsibilities include collaborating with cross-functional teams, contributing to Surveying initiatives, and driving continuous improvement. 3+ years of relevant experience required."
JOB00057,Full Stack Developer,Web Development,"Washington, Ryan and Cummings",Remote,MongoDB; CSS; REST API; Git; React; TypeScript,7-10 years,17-21,"Exciting opportunity for a Full Stack Developer at Washington, Ryan and Cummings. Must be proficient in MongoDB, CSS, REST API, Git, React, TypeScript, with practical exposure to React and TypeScript. You'll work in an agile environment solving real business problems. 7+ years experience preferred."
JOB00090,Mobile App Developer,Android Development,Moore-Bass,Ahmedabad,REST API; Git; Android SDK; Firebase; MVVM; Java; Kotlin; Material Design,0-3 years,19-26,"Exciting opportunity for a Mobile App Developer at Moore-Bass. Must be proficient in REST API, Git, Android SDK, Firebase, MVVM, Java, Kotlin, Material Design, with practical exposure to Material Design and Git. You'll work in an agile environment solving real business problems. 0+ years experience preferred."
JOB00233,Cybersecurity Analyst,Network Security Engineer,"Clark, Guerrero and Moore",Pune,Penetration Testing; IDS/IPS; Risk Assessment; Network Protocols; SIEM,5-8 years,11-14,"We are looking for a Cybersecurity Analyst to join our growing team. The ideal candidate has hands-on experience with Penetration Testing, IDS/IPS, Risk Assessment, Network Protocols, SIEM and can work independently on Network Protocols-driven projects. Responsibilities include collaborating with cross-functional teams, contributing to Penetration Testing initiatives, and driving continuous improvement. 5+ years of relevant experience required."
JOB00321,HR Executive,HR,Coffey-Phillips,Kolkata,Conflict Resolution; Excel; Onboarding; Employee Engagement,5-8 years,5-8,"Coffey-Phillips is hiring a HR Executive for our Kolkata office. You will use Conflict Resolution, Excel, Onboarding, Employee Engagement daily and help scale our Employee Engagement capabilities. We value strong fundamentals in Excel and a collaborative mindset. Minimum 5 years of experience in a similar role."
JOB00328,HR Generalist,HR,Rodriguez-Hall,Remote,Performance Management; Recruitment; Employee Engagement; Payroll; Communication; Excel; Onboarding,2-5 years,9-17,"Exciting opportunity for a HR Generalist at Rodriguez-Hall. Must be proficient in Performance Management, Recruitment, Employee Engagement, Payroll, Communication, Excel, Onboarding, with practical exposure to Payroll and Recruitment. You'll work in an agile environment solving real business problems. 2+ years experience preferred."
JOB00359,Business Development Executive,Sales,"Turner, Schneider and Johnson",Hyderabad,Communication; Sales Strategy; CRM; Client Relationship Management; Cold Calling; Excel; Negotiation; Lead Generation,3-6 years,19-21,"Exciting opportunity for a Business Development Executive at Turner, Schneider and Johnson. Must be proficient in Communication, Sales Strategy, CRM, Client Relationship Management, Cold Calling, Excel, Negotiation, Lead Generation, with practical exposure to Lead Generation and Excel. You'll work in an agile environment solving real business problems. 3+ years experience preferred."
JOB00347,HR Executive,HR,Jones PLC,Ahmedabad,Communication; Onboarding; Employee Engagement; Excel,8-11 years,20-25,"Exciting opportunity for a HR Executive at Jones PLC. Must be proficient in Communication, Onboarding, Employee Engagement, Excel, with practical exposure to Communication and Onboarding. You'll work in an agile environment solving real business problems. 8+ years experience preferred."
JOB00326,Talent Acquisition Specialist,HR,"Martinez, Richardson and Curry",Chennai,Recruitment; Payroll; Onboarding; Conflict Resolution; HRIS; Performance Management,4-7 years,11-16,"We are looking for a Talent Acquisition Specialist to join our growing team. The ideal candidate has hands-on experience with Recruitment, Payroll, Onboarding, Conflict Resolution, HRIS, Performance Management and can work independently on HRIS-driven projects. Responsibilities include collaborating with cross-functional teams, contributing to Onboarding initiatives, and driving continuous improvement. 4+ years of relevant experience required."
JOB00507,Nutrition Consultant,Health and Fitness,"Carter, Garcia and Murphy",Ahmedabad,First Aid; CPR Certified; Nutrition Planning; Client Assessment,6-9 years,6-12,"We are looking for a Nutrition Consultant to join our growing team. The ideal candidate has hands-on experience with First Aid, CPR Certified, Nutrition Planning, Client Assessment and can work independently on Client Assessment-driven projects. Responsibilities include collaborating with cross-functional teams, contributing to First Aid initiatives, and driving continuous improvement. 6+ years of relevant experience required."
JOB00068,Frontend Developer,Web Development,Novak and Sons,Delhi NCR,CSS; JavaScript; Responsive Design; Node.js; HTML; React; Git; TypeScript,1-4 years,7-9,"Novak and Sons is hiring a Frontend Developer for our Delhi NCR office. You will use CSS, JavaScript, Responsive Design, Node.js, HTML, React, Git, TypeScript daily and help scale our Node.js capabilities. We value strong fundamentals in TypeScript and a collaborative mindset. Minimum 1 years of experience in a similar role."
JOB00080,Mobile App Developer,Android Development,"Hensley, Powell and David",Chennai,Java; Git; REST API; SQLite; MVVM,1-4 years,16-18,"Hensley, Powell and David is hiring a Mobile App Developer for our Chennai office. You will use Java, Git, REST API, SQLite, MVVM daily and help scale our Git capabilities. We value strong fundamentals in SQLite and a collaborative mindset. Minimum 1 years of experience in a similar role."
JOB00342,HR Generalist,HR,"Winters, Newman and Brown",Hyderabad,Recruitment; HRIS; Employee Engagement; Excel; Payroll; Communication,4-7 years,18-24,"Winters, Newman and Brown is hiring a HR Generalist for our Hyderabad office. You will use Recruitment, HRIS, Employee Engagement, Excel, Payroll, Communication daily and help scale our Communication capabilities. We value strong fundamentals in Employee Engagement and a collaborative mindset. Minimum 4 years of experience in a similar role."
JOB00378,Account Manager,Sales,Bell-Lane,Noida,CRM; Negotiation; Communication; Excel; Client Relationship Management; Lead Generation; Cold Calling,2-5 years,19-25,"Bell-Lane is hiring a Account Manager for our Noida office. You will use CRM, Negotiation, Communication, Excel, Client Relationship Management, Lead Generation, Cold Calling daily and help scale our CRM capabilities. We value strong fundamentals in Communication and a collaborative mindset. Minimum 2 years of experience in a similar role."
JOB00340,Talent Acquisition Specialist,HR,"Wood, Ramos and Sampson",Mumbai,Payroll; Communication; Onboarding; Conflict Resolution; HRIS; Performance Management,4-7 years,19-24,"Wood, Ramos and Sampson is hiring a Talent Acquisition Specialist for our Mumbai office. You will use Payroll, Communication, Onboarding, Conflict Resolution, HRIS, Performance Management daily and help scale our Performance Management capabilities. We value strong fundamentals in Payroll and a collaborative mindset. Minimum 4 years of experience in a similar role."
JOB00070,Full Stack Developer,Web Development,Hancock Inc,Pune,REST API; TypeScript; Git; Responsive Design; JavaScript; MongoDB; Express.js,5-8 years,5-12,"Hancock Inc is hiring a Full Stack Developer for our Pune office. You will use REST API, TypeScript, Git, Responsive Design, JavaScript, MongoDB, Express.js daily and help scale our MongoDB capabilities. We value strong fundamentals in Responsive Design and a collaborative mindset. Minimum 5 years of experience in a similar role."
JOB00202,DevOps Engineer,DevOps Engineer,White-Lewis,Kolkata,Shell Scripting; Monitoring; Git; Kubernetes; AWS; Terraform; Jenkins; Docker,2-5 years,4-9,"White-Lewis is hiring a DevOps Engineer for our Kolkata office. You will use Shell Scripting, Monitoring, Git, Kubernetes, AWS, Terraform, Jenkins, Docker daily and help scale our Git capabilities. We value strong fundamentals in Docker and a collaborative mindset. Minimum 2 years of experience in a similar role."
JOB00030,Machine Learning Engineer,Data Science,"Snyder, Campos and Callahan",Pune,TensorFlow; Data Visualization; A/B Testing; SQL; Pandas; NumPy; Tableau; Scikit-learn,6-9 years,4-11,"Exciting opportunity for a Machine Learning Engineer at Snyder, Campos and Callahan. Must be proficient in TensorFlow, Data Visualization, A/B Testing, SQL, Pandas, NumPy, Tableau, Scikit-learn, with practical exposure to Scikit-learn and Tableau. You'll work in an agile environment solving real business problems. 6+ years experience preferred."
JOB00259,Product Analyst,Business Analyst,Gutierrez-Lopez,Mumbai,Excel; Requirements Gathering; Power BI; Stakeholder Management; Data Visualization,5-8 years,13-19,"We are looking for a Product Analyst to join our growing team. The ideal candidate has hands-on experience with Excel, Requirements Gathering, Power BI, Stakeholder Management, Data Visualization and can work independently on Power BI-driven projects. Responsibilities include collaborating with cross-functional teams, contributing to Requirements Gathering initiatives, and driving continuous improvement. 5+ years of relevant experience required."
JOB00257,Product Analyst,Business Analyst,Cordova Group,Kolkata,Data Visualization; Excel; Tableau; Agile,7-10 years,12-15,"Exciting opportunity for a Product Analyst at Cordova Group. Must be proficient in Data Visualization, Excel, Tableau, Agile, with practical exposure to Agile and Data Visualization. You'll work in an agile environment solving real business problems. 7+ years experience preferred."
JOB00460,Graphic Designer,Graphic Designer,"Valentine, Joyce and Murray",Remote,InDesign; Communication; UI/UX; Figma; Creativity; Typography,7-10 years,4-8,"Valentine, Joyce and Murray is hiring a Graphic Designer for our Remote office. You will use InDesign, Communication, UI/UX, Figma, Creativity, Typography daily and help scale our Communication capabilities. We value strong fundamentals in Figma and a collaborative mindset. Minimum 7 years of experience in a similar role."
JOB00263,Product Analyst,Business Analyst,Martinez-Dudley,Delhi NCR,Requirements Gathering; SQL; Tableau; Process Improvement,8-11 years,20-23,"Exciting opportunity for a Product Analyst at Martinez-Dudley. Must be proficient in Requirements Gathering, SQL, Tableau, Process Improvement, with practical exposure to Process Improvement and Tableau. You'll work in an agile environment solving real business problems. 8+ years experience preferred."
JOB00466,Graphic Designer,Graphic Designer,Cole-Palmer,Pune,UI/UX; Branding; Communication; Creativity; Figma; Typography,5-8 years,11-16,"We are looking for a Graphic Designer to join our growing team. The ideal candidate has hands-on experience with UI/UX, Branding, Communication, Creativity, Figma, Typography and can work independently on Communication-driven projects. Responsibilities include collaborating with cross-functional teams, contributing to Figma initiatives, and driving continuous improvement. 5+ years of relevant experience required."
JOB00088,Android Developer,Android Development,Anderson-Bailey,Remote,Material Design; Java; Jetpack Compose; REST API; SQLite,8-11 years,7-11,"We are looking for a Android Developer to join our growing team. The ideal candidate has hands-on experience with Material Design, Java, Jetpack Compose, REST API, SQLite and can work independently on SQLite-driven projects. Responsibilities include collaborating with cross-functional teams, contributing to Material Design initiatives, and driving continuous improvement. 8+ years of relevant experience required."
JOB00167,Python Developer,Python Developer,"Hurst, Freeman and Nelson",Bengaluru,REST API; Pandas; SQL; Python; Docker; Unit Testing,0-3 years,14-21,"Exciting opportunity for a Python Developer at Hurst, Freeman and Nelson. Must be proficient in REST API, Pandas, SQL, Python, Docker, Unit Testing, with practical exposure to SQL and Docker. You'll work in an agile environment solving real business problems. 0+ years experience preferred."
JOB00005,Data Analyst,Data Science,"Guzman, Hoffman and Baldwin",Bengaluru,Statistics; Machine Learning; Pandas; TensorFlow; Data Visualization; Scikit-learn; NumPy,8-11 years,17-27,"Guzman, Hoffman and Baldwin is hiring a Data Analyst for our Bengaluru office. You will use Statistics, Machine Learning, Pandas, TensorFlow, Data Visualization, Scikit-learn, NumPy daily and help scale our Machine Learning capabilities. We value strong fundamentals in Statistics and a collaborative mindset. Minimum 8 years of experience in a similar role."
JOB00126,Java Developer,Java Developer,Smith-Frost,Hyderabad,Git; Hibernate; Maven; Java; SQL; Spring Boot; Multithreading,2-5 years,9-15,"Exciting opportunity for a Java Developer at Smith-Frost. Must be proficient in Git, Hibernate, Maven, Java, SQL, Spring Boot, Multithreading, with practical exposure to SQL and Java. You'll work in an agile environment solving real business problems. 2+ years experience preferred."
JOB00416,Manufacturing Engineer,Mechanical Engineer,"Hicks, Bullock and Bailey",Hyderabad,MATLAB; Quality Control; SolidWorks; Manufacturing; Six Sigma,8-11 years,7-13,"Exciting opportunity for a Manufacturing Engineer at Hicks, Bullock and Bailey. Must be proficient in MATLAB, Quality Control, SolidWorks, Manufacturing, Six Sigma, with practical exposure to MATLAB and Six Sigma. You'll work in an agile environment solving real business problems. 8+ years experience preferred."
JOB00330,Talent Acquisition Specialist,HR,Herman-Walker,Noida,Performance Management; Conflict Resolution; Recruitment; Onboarding; Excel; Communication,5-8 years,19-24,"Herman-Walker is hiring a Talent Acquisition Specialist for our Noida office. You will use Performance Management, Conflict Resolution, Recruitment, Onboarding, Excel, Communication daily and help scale our Onboarding capabilities. We value strong fundamentals in Performance Management and a collaborative mindset. Minimum 5 years of experience in a similar role."
JOB00079,Android Developer,Android Development,Jones Inc,Chennai,Jetpack Compose; Firebase; Kotlin; MVVM; Java; REST API; Material Design; SQLite,2-5 years,8-14,"Jones Inc is hiring a Android Developer for our Chennai office. You will use Jetpack Compose, Firebase, Kotlin, MVVM, Java, REST API, Material Design, SQLite daily and help scale our SQLite capabilities. We value strong fundamentals in REST API and a collaborative mindset. Minimum 2 years of experience in a similar role."
JOB00386,Mechanical Design Engineer,Mechanical Engineer,Kane PLC,Pune,SolidWorks; Project Management; Quality Control; Six Sigma; Manufacturing; Thermodynamics; AutoCAD,2-5 years,15-25,"Exciting opportunity for a Mechanical Design Engineer at Kane PLC. Must be proficient in SolidWorks, Project Management, Quality Control, Six Sigma, Manufacturing, Thermodynamics, AutoCAD, with practical exposure to Project Management and Thermodynamics. You'll work in an agile environment solving real business problems. 2+ years experience preferred."
JOB00189,Site Reliability Engineer,DevOps Engineer,Garcia LLC,Chennai,CI/CD; Monitoring; Git; Ansible; AWS; Linux; Shell Scripting; Kubernetes,1-4 years,11-16,"Exciting opportunity for a Site Reliability Engineer at Garcia LLC. Must be proficient in CI/CD, Monitoring, Git, Ansible, AWS, Linux, Shell Scripting, Kubernetes, with practical exposure to Monitoring and Git. You'll work in an agile environment solving real business problems. 1+ years experience preferred."
JOB00370,Sales Executive,Sales,Edwards-Scott,Kolkata,Cold Calling; Negotiation; Communication; Sales Strategy; Excel,3-6 years,10-15,"Edwards-Scott is hiring a Sales Executive for our Kolkata office. You will use Cold Calling, Negotiation, Communication, Sales Strategy, Excel daily and help scale our Sales Strategy capabilities. We value strong fundamentals in Excel and a collaborative mindset. Minimum 3 years of experience in a similar role."
JOB00237,Network Security Engineer,Network Security Engineer,Warner-Gibson,Chennai,Vulnerability Assessment; Python; Penetration Testing; Firewalls; SIEM; Linux,7-10 years,11-17,"Exciting opportunity for a Network Security Engineer at Warner-Gibson. Must be proficient in Vulnerability Assessment, Python, Penetration Testing, Firewalls, SIEM, Linux, with practical exposure to Python and Linux. You'll work in an agile environment solving real business problems. 7+ years experience preferred."
JOB00064,Web Developer,Web Development,"West, Henderson and Ramirez",Ahmedabad,Git; JavaScript; Responsive Design; Node.js; REST API,4-7 years,17-20,"Exciting opportunity for a Web Developer at West, Henderson and Ramirez. Must be proficient in Git, JavaScript, Responsive Design, Node.js, REST API, with practical exposure to Node.js and Responsive Design. You'll work in an agile environment solving real business problems. 4+ years experience preferred."
JOB00274,Product Analyst,Business Analyst,Hoover-Campbell,Ahmedabad,Excel; Communication; Process Improvement; Power BI; Stakeholder Management,1-4 years,13-19,"We are looking for a Product Analyst to join our growing team. The ideal candidate has hands-on experience with Excel, Communication, Process Improvement, Power BI, Stakeholder Management and can work independently on Power BI-driven projects. Responsibilities include collaborating with cross-functional teams, contributing to Excel initiatives, and driving continuous improvement. 1+ years of relevant experience required."
JOB00092,Mobile App Developer,Android Development,"Smith, Montoya and Evans",Hyderabad,Android SDK; Material Design; Kotlin; REST API; Jetpack Compose; Git,6-9 years,17-21,"Smith, Montoya and Evans is hiring a Mobile App Developer for our Hyderabad office. You will use Android SDK, Material Design, Kotlin, REST API, Jetpack Compose, Git daily and help scale our REST API capabilities. We value strong fundamentals in Android SDK and a collaborative mindset. Minimum 6 years of experience in a similar role."
JOB00394,Manufacturing Engineer,Mechanical Engineer,"Miller, Ramos and Coleman",Ahmedabad,SolidWorks; Project Management; Thermodynamics; MATLAB,4-7 years,15-18,"Miller, Ramos and Coleman is hiring a Manufacturing Engineer for our Ahmedabad office. You will use SolidWorks, Project Management, Thermodynamics, MATLAB daily and help scale our MATLAB capabilities. We value strong fundamentals in Thermodynamics and a collaborative mindset. Minimum 4 years of experience in a similar role."
JOB00484,UI/UX Designer,Graphic Designer,Mendez and Sons,Bengaluru,Photoshop; Creativity; InDesign; Communication,4-7 years,9-12,"Exciting opportunity for a UI/UX Designer at Mendez and Sons. Must be proficient in Photoshop, Creativity, InDesign, Communication, with practical exposure to Communication and Creativity. You'll work in an agile environment solving real business problems. 4+ years experience preferred."
JOB00420,Manufacturing Engineer,Mechanical Engineer,Thompson Ltd,Delhi NCR,Project Management; Manufacturing; Six Sigma; AutoCAD; MATLAB; Quality Control; SolidWorks,1-4 years,19-25,"Thompson Ltd is hiring a Manufacturing Engineer for our Delhi NCR office. You will use Project Management, Manufacturing, Six Sigma, AutoCAD, MATLAB, Quality Control, SolidWorks daily and help scale our MATLAB capabilities. We value strong fundamentals in AutoCAD and a collaborative mindset. Minimum 1 years of experience in a similar role."
JOB00443,Structural Engineer,Civil Engineer,"Hale, Myers and Larson",Noida,Structural Analysis; Project Management; AutoCAD; Revit; Construction Management,5-8 years,9-15,"Exciting opportunity for a Structural Engineer at Hale, Myers and Larson. Must be proficient in Structural Analysis, Project Management, AutoCAD, Revit, Construction Management, with practical exposure to Revit and AutoCAD. You'll work in an agile environment solving real business problems. 5+ years experience preferred."
JOB00309,Marketing Analyst,Digital Marketing,"Phillips, Spence and Barrett",Pune,Email Marketing; Excel; SEO; Google Analytics; Copywriting; Marketing Strategy; Content Marketing,8-11 years,14-16,"We are looking for a Marketing Analyst to join our growing team. The ideal candidate has hands-on experience with Email Marketing, Excel, SEO, Google Analytics, Copywriting, Marketing Strategy, Content Marketing and can work independently on Content Marketing-driven projects. Responsibilities include collaborating with cross-functional teams, contributing to Excel initiatives, and driving continuous improvement. 8+ years of relevant experience required."
JOB00382,Sales Executive,Sales,Bruce-Villegas,Pune,Communication; CRM; Negotiation; Sales Strategy,0-3 years,19-28,"We are looking for a Sales Executive to join our growing team. The ideal candidate has hands-on experience with Communication, CRM, Negotiation, Sales Strategy and can work independently on Sales Strategy-driven projects. Responsibilities include collaborating with cross-functional teams, contributing to CRM initiatives, and driving continuous improvement. 0+ years of relevant experience required."
JOB00009,Data Scientist,Data Science,Garcia-James,Hyderabad,Python; Excel; Statistics; SQL,1-4 years,17-20,"Garcia-James is hiring a Data Scientist for our Hyderabad office. You will use Python, Excel, Statistics, SQL daily and help scale our SQL capabilities. We value strong fundamentals in Python and a collaborative mindset. Minimum 1 years of experience in a similar role."
JOB00121,Senior Java Developer,Java Developer,White-Estes,Ahmedabad,Multithreading; SQL; Java; Microservices; REST API,7-10 years,11-17,"White-Estes is hiring a Senior Java Developer for our Ahmedabad office. You will use Multithreading, SQL, Java, Microservices, REST API daily and help scale our REST API capabilities. We value strong fundamentals in Java and a collaborative mindset. Minimum 7 years of experience in a similar role."
JOB00354,Business Development Executive,Sales,"Morris, Thompson and Williams",Pune,Excel; Cold Calling; Sales Strategy; Client Relationship Management; CRM; Negotiation; Lead Generation,3-6 years,20-29,"Morris, Thompson and Williams is hiring a Business Development Executive for our Pune office. You will use Excel, Cold Calling, Sales Strategy, Client Relationship Management, CRM, Negotiation, Lead Generation daily and help scale our CRM capabilities. We value strong fundamentals in Sales Strategy and a collaborative mindset. Minimum 3 years of experience in a similar role."
JOB00217,Network Security Engineer,Network Security Engineer,Perez-White,Hyderabad,Firewalls; SIEM; Python; Cryptography; Vulnerability Assessment,3-6 years,13-16,"Perez-White is hiring a Network Security Engineer for our Hyderabad office. You will use Firewalls, SIEM, Python, Cryptography, Vulnerability Assessment daily and help scale our Cryptography capabilities. We value strong fundamentals in Vulnerability Assessment and a collaborative mindset. Minimum 3 years of experience in a similar role."
JOB00422,Civil Site Engineer,Civil Engineer,"Cole, Glass and Cunningham",Ahmedabad,Construction Management; Structural Analysis; Project Management; AutoCAD; Surveying; Revit,8-11 years,5-10,"Exciting opportunity for a Civil Site Engineer at Cole, Glass and Cunningham. Must be proficient in Construction Management, Structural Analysis, Project Management, AutoCAD, Surveying, Revit, with practical exposure to Surveying and Project Management. You'll work in an agile environment solving real business problems. 8+ years experience preferred."
JOB00281,SEO Specialist,Digital Marketing,Garner-Thornton,Bengaluru,PPC; Content Marketing; SEO; Marketing Strategy; Copywriting; Email Marketing,6-9 years,19-29,"Exciting opportunity for a SEO Specialist at Garner-Thornton. Must be proficient in PPC, Content Marketing, SEO, Marketing Strategy, Copywriting, Email Marketing, with practical exposure to Email Marketing and Content Marketing. You'll work in an agile environment solving real business problems. 6+ years experience preferred."
JOB00148,Python Developer,Python Developer,"Holmes, Williams and Wright",Pune,Python; REST API; Flask; Django; Git; SQL; Celery; Docker,1-4 years,9-19,"Exciting opportunity for a Python Developer at Holmes, Williams and Wright. Must be proficient in Python, REST API, Flask, Django, Git, SQL, Celery, Docker, with practical exposure to Flask and Celery. You'll work in an agile environment solving real business problems. 1+ years experience preferred."
JOB00091,Mobile App Developer,Android Development,"Turner, Riggs and Roman",Hyderabad,Git; MVVM; Firebase; Jetpack Compose; Java; Material Design; Kotlin; REST API,3-6 years,10-17,"Exciting opportunity for a Mobile App Developer at Turner, Riggs and Roman. Must be proficient in Git, MVVM, Firebase, Jetpack Compose, Java, Material Design, Kotlin, REST API, with practical exposure to Jetpack Compose and MVVM. You'll work in an agile environment solving real business problems. 3+ years experience preferred."
JOB00336,HR Executive,HR,"Avery, Horton and Fernandez",Remote,Excel; Onboarding; Recruitment; Performance Management; Conflict Resolution,7-10 years,9-18,"We are looking for a HR Executive to join our growing team. The ideal candidate has hands-on experience with Excel, Onboarding, Recruitment, Performance Management, Conflict Resolution and can work independently on Conflict Resolution-driven projects. Responsibilities include collaborating with cross-functional teams, contributing to Performance Management initiatives, and driving continuous improvement. 7+ years of relevant experience required."
JOB00294,Digital Marketing Executive,Digital Marketing,Good-Hodges,Bengaluru,Copywriting; Marketing Strategy; Social Media; Communication; Content Marketing,2-5 years,10-12,"Exciting opportunity for a Digital Marketing Executive at Good-Hodges. Must be proficient in Copywriting, Marketing Strategy, Social Media, Communication, Content Marketing, with practical exposure to Communication and Social Media. You'll work in an agile environment solving real business problems. 2+ years experience preferred."
JOB00027,Data Scientist,Data Science,Baker and Sons,Chennai,Machine Learning; TensorFlow; A/B Testing; Tableau,1-4 years,15-17,"We are looking for a Data Scientist to join our growing team. The ideal candidate has hands-on experience with Machine Learning, TensorFlow, A/B Testing, Tableau and can work independently on Machine Learning-driven projects. Responsibilities include collaborating with cross-functional teams, contributing to Tableau initiatives, and driving continuous improvement. 1+ years of relevant experience required."
JOB00318,HR Executive,HR,Burgess-Thompson,Delhi NCR,Onboarding; Performance Management; Excel; Employee Engagement; HRIS; Communication,8-11 years,16-19,"Exciting opportunity for a HR Executive at Burgess-Thompson. Must be proficient in Onboarding, Performance Management, Excel, Employee Engagement, HRIS, Communication, with practical exposure to Performance Management and Employee Engagement. You'll work in an agile environment solving real business problems. 8+ years experience preferred."
JOB00373,Account Manager,Sales,Reynolds Ltd,Mumbai,CRM; Lead Generation; Sales Strategy; Excel; Negotiation; Cold Calling; Client Relationship Management,3-6 years,4-10,"Reynolds Ltd is hiring a Account Manager for our Mumbai office. You will use CRM, Lead Generation, Sales Strategy, Excel, Negotiation, Cold Calling, Client Relationship Management daily and help scale our Cold Calling capabilities. We value strong fundamentals in Excel and a collaborative mindset. Minimum 3 years of experience in a similar role."
JOB00425,Structural Engineer,Civil Engineer,Welch-Hogan,Pune,Surveying; Revit; Project Management; Construction Management; Cost Estimation,4-7 years,17-25,"Welch-Hogan is hiring a Structural Engineer for our Pune office. You will use Surveying, Revit, Project Management, Construction Management, Cost Estimation daily and help scale our Construction Management capabilities. We value strong fundamentals in Surveying and a collaborative mindset. Minimum 4 years of experience in a similar role."
JOB00035,Data Analyst,Data Science,"Dyer, Potter and Mack",Delhi NCR,Machine Learning; A/B Testing; TensorFlow; Pandas; Data Visualization,0-3 years,17-25,"Dyer, Potter and Mack is hiring a Data Analyst for our Delhi NCR office. You will use Machine Learning, A/B Testing, TensorFlow, Pandas, Data Visualization daily and help scale our Machine Learning capabilities. We value strong fundamentals in A/B Testing and a collaborative mindset. Minimum 0 years of experience in a similar role."
JOB00267,Product Analyst,Business Analyst,Valentine-Holland,Remote,Agile; Process Improvement; Data Visualization; Communication; SQL; Power BI,7-10 years,19-25,"Exciting opportunity for a Product Analyst at Valentine-Holland. Must be proficient in Agile, Process Improvement, Data Visualization, Communication, SQL, Power BI, with practical exposure to SQL and Data Visualization. You'll work in an agile environment solving real business problems. 7+ years experience preferred."
JOB00086,Mobile App Developer,Android Development,Smith PLC,Mumbai,Material Design; REST API; SQLite; Android SDK; Java; Git; MVVM,1-4 years,11-13,"Exciting opportunity for a Mobile App Developer at Smith PLC. Must be proficient in Material Design, REST API, SQLite, Android SDK, Java, Git, MVVM, with practical exposure to Git and MVVM. You'll work in an agile environment solving real business problems. 1+ years experience preferred."
JOB00160,Python Developer,Python Developer,Russell-Daniels,Bengaluru,Celery; SQL; Django; Git; Pandas; REST API; Docker; Unit Testing,5-8 years,14-17,"Russell-Daniels is hiring a Python Developer for our Bengaluru office. You will use Celery, SQL, Django, Git, Pandas, REST API, Docker, Unit Testing daily and help scale our Unit Testing capabilities. We value strong fundamentals in SQL and a collaborative mindset. Minimum 5 years of experience in a similar role."
JOB00481,UI/UX Designer,Graphic Designer,Brown-Copeland,Pune,Photoshop; InDesign; Communication; Creativity,3-6 years,15-24,"Brown-Copeland is hiring a UI/UX Designer for our Pune office. You will use Photoshop, InDesign, Communication, Creativity daily and help scale our InDesign capabilities. We value strong fundamentals in Communication and a collaborative mindset. Minimum 3 years of experience in a similar role."
JOB00377,Sales Executive,Sales,Schmitt PLC,Hyderabad,Negotiation; Excel; CRM; Communication; Cold Calling; Lead Generation; Sales Strategy,8-11 years,11-14,"Schmitt PLC is hiring a Sales Executive for our Hyderabad office. You will use Negotiation, Excel, CRM, Communication, Cold Calling, Lead Generation, Sales Strategy daily and help scale our Negotiation capabilities. We value strong fundamentals in Sales Strategy and a collaborative mindset. Minimum 8 years of experience in a similar role."
JOB00096,Android Developer,Android Development,Harris-Walters,Noida,MVVM; Git; REST API; SQLite,4-7 years,16-20,"Harris-Walters is hiring a Android Developer for our Noida office. You will use MVVM, Git, REST API, SQLite daily and help scale our MVVM capabilities. We value strong fundamentals in SQLite and a collaborative mindset. Minimum 4 years of experience in a similar role."
JOB00143,Python Developer,Python Developer,Gibson Ltd,Ahmedabad,Pandas; Flask; SQL; Docker; REST API; Python; Django; Celery,2-5 years,16-24,"Gibson Ltd is hiring a Python Developer for our Ahmedabad office. You will use Pandas, Flask, SQL, Docker, REST API, Python, Django, Celery daily and help scale our Celery capabilities. We value strong fundamentals in Docker and a collaborative mindset. Minimum 2 years of experience in a similar role."
JOB00398,Manufacturing Engineer,Mechanical Engineer,"Estrada, Williams and Foster",Remote,MATLAB; AutoCAD; Thermodynamics; Manufacturing,0-3 years,15-20,"Estrada, Williams and Foster is hiring a Manufacturing Engineer for our Remote office. You will use MATLAB, AutoCAD, Thermodynamics, Manufacturing daily and help scale our Thermodynamics capabilities. We value strong fundamentals in Manufacturing and a collaborative mindset. Minimum 0 years of experience in a similar role."
JOB00073,Android Developer,Android Development,Henderson-Bernard,Chennai,SQLite; Material Design; Kotlin; Android SDK; Firebase; Git; Java; MVVM,6-9 years,20-22,"Exciting opportunity for a Android Developer at Henderson-Bernard. Must be proficient in SQLite, Material Design, Kotlin, Android SDK, Firebase, Git, Java, MVVM, with practical exposure to Kotlin and Java. You'll work in an agile environment solving real business problems. 6+ years experience preferred."
JOB00151,Python Developer,Python Developer,Salazar-Ball,Remote,Git; Celery; Django; Python; Docker; SQL; Flask; Unit Testing,4-7 years,5-12,"Salazar-Ball is hiring a Python Developer for our Remote office. You will use Git, Celery, Django, Python, Docker, SQL, Flask, Unit Testing daily and help scale our Celery capabilities. We value strong fundamentals in Docker and a collaborative mindset. Minimum 4 years of experience in a similar role."
JOB00477,Graphic Designer,Graphic Designer,Scott and Sons,Kolkata,Figma; Creativity; Typography; Communication; Branding,6-9 years,4-12,"Scott and Sons is hiring a Graphic Designer for our Kolkata office. You will use Figma, Creativity, Typography, Communication, Branding daily and help scale our Branding capabilities. We value strong fundamentals in Typography and a collaborative mindset. Minimum 6 years of experience in a similar role."
JOB00414,Mechanical Design Engineer,Mechanical Engineer,Cook and Sons,Mumbai,SolidWorks; Quality Control; Thermodynamics; AutoCAD; Project Management; MATLAB; Manufacturing,5-8 years,4-11,"We are looking for a Mechanical Design Engineer to join our growing team. The ideal candidate has hands-on experience with SolidWorks, Quality Control, Thermodynamics, AutoCAD, Project Management, MATLAB, Manufacturing and can work independently on SolidWorks-driven projects. Responsibilities include collaborating with cross-functional teams, contributing to Project Management initiatives, and driving continuous improvement. 5+ years of relevant experience required."
JOB00397,Manufacturing Engineer,Mechanical Engineer,Gregory-Watkins,Bengaluru,MATLAB; Six Sigma; Manufacturing; Project Management,8-11 years,10-14,"We are looking for a Manufacturing Engineer to join our growing team. The ideal candidate has hands-on experience with MATLAB, Six Sigma, Manufacturing, Project Management and can work independently on Project Management-driven projects. Responsibilities include collaborating with cross-functional teams, contributing to Manufacturing initiatives, and driving continuous improvement. 8+ years of relevant experience required."
JOB00458,Graphic Designer,Graphic Designer,Young-Allen,Bengaluru,InDesign; Illustrator; Branding; Creativity,7-10 years,6-12,"Young-Allen is hiring a Graphic Designer for our Bengaluru office. You will use InDesign, Illustrator, Branding, Creativity daily and help scale our Branding capabilities. We value strong fundamentals in Creativity and a collaborative mindset. Minimum 7 years of experience in a similar role."
JOB00041,Frontend Developer,Web Development,Ryan PLC,Bengaluru,REST API; Git; MongoDB; JavaScript; Express.js; CSS; Node.js; HTML,7-10 years,16-21,"Ryan PLC is hiring a Frontend Developer for our Bengaluru office. You will use REST API, Git, MongoDB, JavaScript, Express.js, CSS, Node.js, HTML daily and help scale our HTML capabilities. We value strong fundamentals in JavaScript and a collaborative mindset. Minimum 7 years of experience in a similar role."
JOB00129,Java Developer,Java Developer,"Mccall, Hanson and Alvarado",Bengaluru,Spring Boot; REST API; Hibernate; Git; JUnit,0-3 years,6-11,"Exciting opportunity for a Java Developer at Mccall, Hanson and Alvarado. Must be proficient in Spring Boot, REST API, Hibernate, Git, JUnit, with practical exposure to JUnit and Hibernate. You'll work in an agile environment solving real business problems. 0+ years experience preferred."
JOB00026,Data Scientist,Data Science,Wilkerson-Day,Bengaluru,Data Visualization; Statistics; A/B Testing; SQL; Excel; NumPy; Tableau,6-9 years,6-13,"Wilkerson-Day is hiring a Data Scientist for our Bengaluru office. You will use Data Visualization, Statistics, A/B Testing, SQL, Excel, NumPy, Tableau daily and help scale our SQL capabilities. We value strong fundamentals in Statistics and a collaborative mindset. Minimum 6 years of experience in a similar role."
JOB00284,SEO Specialist,Digital Marketing,"Sanford, Rivera and Garcia",Ahmedabad,Email Marketing; Google Analytics; Excel; Content Marketing,4-7 years,9-13,"Exciting opportunity for a SEO Specialist at Sanford, Rivera and Garcia. Must be proficient in Email Marketing, Google Analytics, Excel, Content Marketing, with practical exposure to Excel and Content Marketing. You'll work in an agile environment solving real business problems. 4+ years experience preferred."
JOB00357,Sales Executive,Sales,Hayes and Sons,Kolkata,Cold Calling; Lead Generation; Communication; Client Relationship Management; Excel; CRM,0-3 years,8-17,"Exciting opportunity for a Sales Executive at Hayes and Sons. Must be proficient in Cold Calling, Lead Generation, Communication, Client Relationship Management, Excel, CRM, with practical exposure to Client Relationship Management and Communication. You'll work in an agile environment solving real business problems. 0+ years experience preferred."
JOB00464,UI/UX Designer,Graphic Designer,Spencer-Garcia,Chennai,InDesign; Communication; Photoshop; Figma; Illustrator,5-8 years,8-18,"Exciting opportunity for a UI/UX Designer at Spencer-Garcia. Must be proficient in InDesign, Communication, Photoshop, Figma, Illustrator, with practical exposure to Illustrator and InDesign. You'll work in an agile environment solving real business problems. 5+ years experience preferred."
JOB00048,Frontend Developer,Web Development,"Martin, Rose and Obrien",Hyderabad,React; Responsive Design; CSS; REST API,5-8 years,4-12,"Martin, Rose and Obrien is hiring a Frontend Developer for our Hyderabad office. You will use React, Responsive Design, CSS, REST API daily and help scale our REST API capabilities. We value strong fundamentals in CSS and a collaborative mindset. Minimum 5 years of experience in a similar role."
JOB00082,Mobile App Developer,Android Development,Sandoval-Cunningham,Pune,SQLite; Git; Material Design; Firebase; Java; REST API; Android SDK,4-7 years,5-11,"Sandoval-Cunningham is hiring a Mobile App Developer for our Pune office. You will use SQLite, Git, Material Design, Firebase, Java, REST API, Android SDK daily and help scale our SQLite capabilities. We value strong fundamentals in Git and a collaborative mindset. Minimum 4 years of experience in a similar role."
JOB00363,Account Manager,Sales,"Hernandez, Martinez and Weber",Mumbai,Excel; Lead Generation; CRM; Sales Strategy; Client Relationship Management; Communication; Negotiation,2-5 years,19-21,"Hernandez, Martinez and Weber is hiring a Account Manager for our Mumbai office. You will use Excel, Lead Generation, CRM, Sales Strategy, Client Relationship Management, Communication, Negotiation daily and help scale our Sales Strategy capabilities. We value strong fundamentals in Negotiation and a collaborative mindset. Minimum 2 years of experience in a similar role."
JOB00047,Web Developer,Web Development,Anderson Group,Delhi NCR,HTML; Git; Express.js; CSS; TypeScript,5-8 years,16-24,"Exciting opportunity for a Web Developer at Anderson Group. Must be proficient in HTML, Git, Express.js, CSS, TypeScript, with practical exposure to Git and TypeScript. You'll work in an agile environment solving real business problems. 5+ years experience preferred."
JOB00395,Manufacturing Engineer,Mechanical Engineer,"Ramos, Nelson and Fischer",Pune,SolidWorks; MATLAB; Manufacturing; Six Sigma,7-10 years,19-29,"Exciting opportunity for a Manufacturing Engineer at Ramos, Nelson and Fischer. Must be proficient in SolidWorks, MATLAB, Manufacturing, Six Sigma, with practical exposure to Manufacturing and SolidWorks. You'll work in an agile environment solving real business problems. 7+ years experience preferred."
JOB00025,Data Scientist,Data Science,"Walter, Edwards and Rios",Delhi NCR,NumPy; Pandas; Machine Learning; Data Visualization,8-11 years,14-22,"Exciting opportunity for a Data Scientist at Walter, Edwards and Rios. Must be proficient in NumPy, Pandas, Machine Learning, Data Visualization, with practical exposure to NumPy and Pandas. You'll work in an agile environment solving real business problems. 8+ years experience preferred."
JOB00187,DevOps Engineer,DevOps Engineer,Sanders-Espinoza,Chennai,Docker; Jenkins; Shell Scripting; Kubernetes,0-3 years,16-22,"Exciting opportunity for a DevOps Engineer at Sanders-Espinoza. Must be proficient in Docker, Jenkins, Shell Scripting, Kubernetes, with practical exposure to Shell Scripting and Jenkins. You'll work in an agile environment solving real business problems. 0+ years experience preferred."
JOB00406,Manufacturing Engineer,Mechanical Engineer,Atkins PLC,Chennai,Manufacturing; Six Sigma; SolidWorks; Quality Control; Project Management; Thermodynamics; MATLAB; AutoCAD,5-8 years,14-24,"We are looking for a Manufacturing Engineer to join our growing team. The ideal candidate has hands-on experience with Manufacturing, Six Sigma, SolidWorks, Quality Control, Project Management, Thermodynamics, MATLAB, AutoCAD and can work independently on Thermodynamics-driven projects. Responsibilities include collaborating with cross-functional teams, contributing to SolidWorks initiatives, and driving continuous improvement. 5+ years of relevant experience required."
JOB00019,Machine Learning Engineer,Data Science,"Adams, Zuniga and Wong",Hyderabad,Scikit-learn; NumPy; Excel; Python; A/B Testing; Statistics; Data Visualization; TensorFlow,0-3 years,13-22,"We are looking for a Machine Learning Engineer to join our growing team. The ideal candidate has hands-on experience with Scikit-learn, NumPy, Excel, Python, A/B Testing, Statistics, Data Visualization, TensorFlow and can work independently on NumPy-driven projects. Responsibilities include collaborating with cross-functional teams, contributing to Excel initiatives, and driving continuous improvement. 0+ years of relevant experience required."
JOB00101,Mobile App Developer,Android Development,Figueroa PLC,Ahmedabad,Jetpack Compose; Firebase; Java; Git,6-9 years,20-22,"Exciting opportunity for a Mobile App Developer at Figueroa PLC. Must be proficient in Jetpack Compose, Firebase, Java, Git, with practical exposure to Firebase and Java. You'll work in an agile environment solving real business problems. 6+ years experience preferred."
JOB00272,Product Analyst,Business Analyst,"Suarez, Shields and Hill",Delhi NCR,Communication; Tableau; Data Visualization; Stakeholder Management; Power BI; Excel; Process Improvement; SQL,1-4 years,20-25,"We are looking for a Product Analyst to join our growing team. The ideal candidate has hands-on experience with Communication, Tableau, Data Visualization, Stakeholder Management, Power BI, Excel, Process Improvement, SQL and can work independently on Tableau-driven projects. Responsibilities include collaborating with cross-functional teams, contributing to Excel initiatives, and driving continuous improvement. 1+ years of relevant experience required."
JOB00307,Digital Marketing Executive,Digital Marketing,Castaneda-Rodriguez,Ahmedabad,Content Marketing; PPC; Email Marketing; Google Analytics,7-10 years,18-26,"Exciting opportunity for a Digital Marketing Executive at Castaneda-Rodriguez. Must be proficient in Content Marketing, PPC, Email Marketing, Google Analytics, with practical exposure to Content Marketing and PPC. You'll work in an agile environment solving real business problems. 7+ years experience preferred."
JOB00265,Product Analyst,Business Analyst,Tran Inc,Remote,Requirements Gathering; Stakeholder Management; Agile; SQL; Communication,2-5 years,6-16,"Exciting opportunity for a Product Analyst at Tran Inc. Must be proficient in Requirements Gathering, Stakeholder Management, Agile, SQL, Communication, with practical exposure to Stakeholder Management and Communication. You'll work in an agile environment solving real business problems. 2+ years experience preferred."
JOB00417,Mechanical Design Engineer,Mechanical Engineer,"Mullen, Brewer and Hernandez",Pune,SolidWorks; Thermodynamics; MATLAB; Six Sigma; Quality Control; AutoCAD,7-10 years,16-25,"Mullen, Brewer and Hernandez is hiring a Mechanical Design Engineer for our Pune office. You will use SolidWorks, Thermodynamics, MATLAB, Six Sigma, Quality Control, AutoCAD daily and help scale our Quality Control capabilities. We value strong fundamentals in MATLAB and a collaborative mindset. Minimum 7 years of experience in a similar role."
JOB00300,Marketing Analyst,Digital Marketing,Harvey-Allen,Chennai,Copywriting; Social Media; Excel; Google Analytics; PPC; SEO,4-7 years,18-21,"Harvey-Allen is hiring a Marketing Analyst for our Chennai office. You will use Copywriting, Social Media, Excel, Google Analytics, PPC, SEO daily and help scale our Excel capabilities. We value strong fundamentals in Copywriting and a collaborative mindset. Minimum 4 years of experience in a similar role."
JOB00500,Wellness Coach,Health and Fitness,Kelly-Norman,Bengaluru,First Aid; Program Design; Communication; Client Assessment,7-10 years,19-25,"We are looking for a Wellness Coach to join our growing team. The ideal candidate has hands-on experience with First Aid, Program Design, Communication, Client Assessment and can work independently on First Aid-driven projects. Responsibilities include collaborating with cross-functional teams, contributing to Program Design initiatives, and driving continuous improvement. 7+ years of relevant experience required."
JOB00437,Structural Engineer,Civil Engineer,Ortiz-Morgan,Kolkata,Construction Management; Structural Analysis; Project Management; Revit; Cost Estimation,6-9 years,18-25,"Ortiz-Morgan is hiring a Structural Engineer for our Kolkata office. You will use Construction Management, Structural Analysis, Project Management, Revit, Cost Estimation daily and help scale our Revit capabilities. We value strong fundamentals in Cost Estimation and a collaborative mindset. Minimum 6 years of experience in a similar role."
JOB00081,Mobile App Developer,Android Development,"Sanchez, Wheeler and Harvey",Remote,Android SDK; Firebase; MVVM; Git; Material Design; Java,2-5 years,16-23,"We are looking for a Mobile App Developer to join our growing team. The ideal candidate has hands-on experience with Android SDK, Firebase, MVVM, Git, Material Design, Java and can work independently on MVVM-driven projects. Responsibilities include collaborating with cross-functional teams, contributing to Firebase initiatives, and driving continuous improvement. 2+ years of relevant experience required."
JOB00246,Business Analyst,Business Analyst,Navarro-Munoz,Bengaluru,Excel; Data Visualization; Agile; Stakeholder Management,5-8 years,12-14,"Navarro-Munoz is hiring a Business Analyst for our Bengaluru office. You will use Excel, Data Visualization, Agile, Stakeholder Management daily and help scale our Excel capabilities. We value strong fundamentals in Agile and a collaborative mindset. Minimum 5 years of experience in a similar role."
JOB00134,Java Developer,Java Developer,"Carroll, Sullivan and Bass",Bengaluru,REST API; Git; Spring Boot; Hibernate; SQL; Microservices; Multithreading; JUnit,1-4 years,16-25,"We are looking for a Java Developer to join our growing team. The ideal candidate has hands-on experience with REST API, Git, Spring Boot, Hibernate, SQL, Microservices, Multithreading, JUnit and can work independently on Spring Boot-driven projects. Responsibilities include collaborating with cross-functional teams, contributing to JUnit initiatives, and driving continuous improvement. 1+ years of relevant experience required."
JOB00188,Cloud Engineer,DevOps Engineer,Vargas Ltd,Hyderabad,AWS; Monitoring; Git; Kubernetes; Ansible,5-8 years,7-17,"Exciting opportunity for a Cloud Engineer at Vargas Ltd. Must be proficient in AWS, Monitoring, Git, Kubernetes, Ansible, with practical exposure to Kubernetes and Ansible. You'll work in an agile environment solving real business problems. 5+ years experience preferred."
JOB00138,Senior Java Developer,Java Developer,"Jackson, Miller and Robertson",Hyderabad,Hibernate; Spring Boot; Java; Multithreading; Microservices; JUnit; Git,7-10 years,11-13,"We are looking for a Senior Java Developer to join our growing team. The ideal candidate has hands-on experience with Hibernate, Spring Boot, Java, Multithreading, Microservices, JUnit, Git and can work independently on Multithreading-driven projects. Responsibilities include collaborating with cross-functional teams, contributing to Spring Boot initiatives, and driving continuous improvement. 7+ years of relevant experience required."
JOB00118,Senior Java Developer,Java Developer,Rasmussen LLC,Chennai,SQL; JUnit; Hibernate; Java; Spring Boot; Git; Multithreading,8-11 years,7-15,"Rasmussen LLC is hiring a Senior Java Developer for our Chennai office. You will use SQL, JUnit, Hibernate, Java, Spring Boot, Git, Multithreading daily and help scale our Hibernate capabilities. We value strong fundamentals in Multithreading and a collaborative mindset. Minimum 8 years of experience in a similar role."
JOB00179,Site Reliability Engineer,DevOps Engineer,"Williams, Johnson and Wright",Delhi NCR,Docker; Ansible; Jenkins; Linux; AWS,8-11 years,14-22,"We are looking for a Site Reliability Engineer to join our growing team. The ideal candidate has hands-on experience with Docker, Ansible, Jenkins, Linux, AWS and can work independently on Docker-driven projects. Responsibilities include collaborating with cross-functional teams, contributing to AWS initiatives, and driving continuous improvement. 8+ years of relevant experience required."
JOB00131,Java Developer,Java Developer,"Parker, Ortiz and Powell",Kolkata,Spring Boot; JUnit; REST API; Java,8-11 years,11-19,"We are looking for a Java Developer to join our growing team. The ideal candidate has hands-on experience with Spring Boot, JUnit, REST API, Java and can work independently on Spring Boot-driven projects. Responsibilities include collaborating with cross-functional teams, contributing to Java initiatives, and driving continuous improvement. 8+ years of relevant experience required."
JOB00403,Manufacturing Engineer,Mechanical Engineer,"Hall, Hansen and Barnett",Hyderabad,SolidWorks; MATLAB; Quality Control; Manufacturing,4-7 years,16-19,"We are looking for a Manufacturing Engineer to join our growing team. The ideal candidate has hands-on experience with SolidWorks, MATLAB, Quality Control, Manufacturing and can work independently on Quality Control-driven projects. Responsibilities include collaborating with cross-functional teams, contributing to MATLAB initiatives, and driving continuous improvement. 4+ years of relevant experience required."
JOB00046,Frontend Developer,Web Development,Spence PLC,Delhi NCR,React; Responsive Design; CSS; HTML; TypeScript; MongoDB,0-3 years,7-11,"We are looking for a Frontend Developer to join our growing team. The ideal candidate has hands-on experience with React, Responsive Design, CSS, HTML, TypeScript, MongoDB and can work independently on MongoDB-driven projects. Responsibilities include collaborating with cross-functional teams, contributing to React initiatives, and driving continuous improvement. 0+ years of relevant experience required."
JOB00218,Network Security Engineer,Network Security Engineer,Erickson and Sons,Hyderabad,IDS/IPS; Vulnerability Assessment; Network Protocols; Linux; Cryptography; Firewalls; Python; Penetration Testing,6-9 years,16-18,"We are looking for a Network Security Engineer to join our growing team. The ideal candidate has hands-on experience with IDS/IPS, Vulnerability Assessment, Network Protocols, Linux, Cryptography, Firewalls, Python, Penetration Testing and can work independently on Cryptography-driven projects. Responsibilities include collaborating with cross-functional teams, contributing to Linux initiatives, and driving continuous improvement. 6+ years of relevant experience required."
JOB00487,UI/UX Designer,Graphic Designer,"Hartman, Romero and Smith",Chennai,UI/UX; Communication; InDesign; Typography,8-11 years,19-22,"Exciting opportunity for a UI/UX Designer at Hartman, Romero and Smith. Must be proficient in UI/UX, Communication, InDesign, Typography, with practical exposure to UI/UX and InDesign. You'll work in an agile environment solving real business problems. 8+ years experience preferred."
JOB00371,Account Manager,Sales,Mcdaniel Group,Remote,CRM; Negotiation; Cold Calling; Client Relationship Management; Sales Strategy; Communication; Lead Generation,1-4 years,14-22,"Exciting opportunity for a Account Manager at Mcdaniel Group. Must be proficient in CRM, Negotiation, Cold Calling, Client Relationship Management, Sales Strategy, Communication, Lead Generation, with practical exposure to Sales Strategy and Cold Calling. You'll work in an agile environment solving real business problems. 1+ years experience preferred."
JOB00461,Graphic Designer,Graphic Designer,Strickland-Shaw,Hyderabad,InDesign; Figma; UI/UX; Communication; Photoshop; Creativity,2-5 years,16-25,"We are looking for a Graphic Designer to join our growing team. The ideal candidate has hands-on experience with InDesign, Figma, UI/UX, Communication, Photoshop, Creativity and can work independently on Figma-driven projects. Responsibilities include collaborating with cross-functional teams, contributing to InDesign initiatives, and driving continuous improvement. 2+ years of relevant experience required."
JOB00462,UI/UX Designer,Graphic Designer,Burch-Montoya,Hyderabad,Typography; Branding; Illustrator; Photoshop; UI/UX,6-9 years,10-19,"We are looking for a UI/UX Designer to join our growing team. The ideal candidate has hands-on experience with Typography, Branding, Illustrator, Photoshop, UI/UX and can work independently on UI/UX-driven projects. Responsibilities include collaborating with cross-functional teams, contributing to Illustrator initiatives, and driving continuous improvement. 6+ years of relevant experience required."
JOB00475,Graphic Designer,Graphic Designer,Blake Group,Kolkata,Branding; Illustrator; UI/UX; InDesign; Typography; Photoshop; Figma,6-9 years,18-22,"We are looking for a Graphic Designer to join our growing team. The ideal candidate has hands-on experience with Branding, Illustrator, UI/UX, InDesign, Typography, Photoshop, Figma and can work independently on Typography-driven projects. Responsibilities include collaborating with cross-functional teams, contributing to Branding initiatives, and driving continuous improvement. 6+ years of relevant experience required."
JOB00196,DevOps Engineer,DevOps Engineer,"Nelson, Morton and Medina",Pune,Kubernetes; CI/CD; Shell Scripting; Docker; Git,4-7 years,11-19,"Nelson, Morton and Medina is hiring a DevOps Engineer for our Pune office. You will use Kubernetes, CI/CD, Shell Scripting, Docker, Git daily and help scale our Git capabilities. We value strong fundamentals in Kubernetes and a collaborative mindset. Minimum 4 years of experience in a similar role."
JOB00185,Site Reliability Engineer,DevOps Engineer,Rodriguez-Johnson,Kolkata,Terraform; Linux; Kubernetes; Shell Scripting; CI/CD; Jenkins,0-3 years,7-14,"Rodriguez-Johnson is hiring a Site Reliability Engineer for our Kolkata office. You will use Terraform, Linux, Kubernetes, Shell Scripting, CI/CD, Jenkins daily and help scale our Jenkins capabilities. We value strong fundamentals in Shell Scripting and a collaborative mindset. Minimum 0 years of experience in a similar role."
JOB00177,Cloud Engineer,DevOps Engineer,Curry Inc,Noida,Linux; CI/CD; Jenkins; AWS; Kubernetes; Terraform; Git; Monitoring,1-4 years,19-27,"We are looking for a Cloud Engineer to join our growing team. The ideal candidate has hands-on experience with Linux, CI/CD, Jenkins, AWS, Kubernetes, Terraform, Git, Monitoring and can work independently on Kubernetes-driven projects. Responsibilities include collaborating with cross-functional teams, contributing to CI/CD initiatives, and driving continuous improvement. 1+ years of relevant experience required."
JOB00293,Digital Marketing Executive,Digital Marketing,Bright-Francis,Hyderabad,Communication; Copywriting; Email Marketing; PPC; SEO; Marketing Strategy; Social Media; Content Marketing,5-8 years,15-23,"Bright-Francis is hiring a Digital Marketing Executive for our Hyderabad office. You will use Communication, Copywriting, Email Marketing, PPC, SEO, Marketing Strategy, Social Media, Content Marketing daily and help scale our Marketing Strategy capabilities. We value strong fundamentals in Social Media and a collaborative mindset. Minimum 5 years of experience in a similar role."
JOB00200,Cloud Engineer,DevOps Engineer,Christensen PLC,Ahmedabad,Docker; Git; CI/CD; Monitoring; Shell Scripting; Linux; Terraform; AWS,3-6 years,7-10,"We are looking for a Cloud Engineer to join our growing team. The ideal candidate has hands-on experience with Docker, Git, CI/CD, Monitoring, Shell Scripting, Linux, Terraform, AWS and can work independently on CI/CD-driven projects. Responsibilities include collaborating with cross-functional teams, contributing to Terraform initiatives, and driving continuous improvement. 3+ years of relevant experience required."
JOB00469,Graphic Designer,Graphic Designer,Brown-Shaw,Chennai,Figma; Typography; Creativity; UI/UX; InDesign; Illustrator; Communication; Photoshop,1-4 years,13-18,"Exciting opportunity for a Graphic Designer at Brown-Shaw. Must be proficient in Figma, Typography, Creativity, UI/UX, InDesign, Illustrator, Communication, Photoshop, with practical exposure to UI/UX and InDesign. You'll work in an agile environment solving real business problems. 1+ years experience preferred."
JOB00410,Manufacturing Engineer,Mechanical Engineer,Collier-Gillespie,Ahmedabad,Quality Control; Six Sigma; MATLAB; Thermodynamics; Project Management; AutoCAD; SolidWorks,2-5 years,5-12,"Exciting opportunity for a Manufacturing Engineer at Collier-Gillespie. Must be proficient in Quality Control, Six Sigma, MATLAB, Thermodynamics, Project Management, AutoCAD, SolidWorks, with practical exposure to SolidWorks and Quality Control. You'll work in an agile environment solving real business problems. 2+ years experience preferred."
JOB00366,Account Manager,Sales,"Wilson, Pena and Rich",Ahmedabad,Cold Calling; Excel; CRM; Lead Generation; Negotiation; Communication; Sales Strategy,7-10 years,16-22,"We are looking for a Account Manager to join our growing team. The ideal candidate has hands-on experience with Cold Calling, Excel, CRM, Lead Generation, Negotiation, Communication, Sales Strategy and can work independently on Communication-driven projects. Responsibilities include collaborating with cross-functional teams, contributing to Lead Generation initiatives, and driving continuous improvement. 7+ years of relevant experience required."
JOB00232,Cybersecurity Analyst,Network Security Engineer,"Choi, Garcia and Farmer",Kolkata,Python; Cryptography; Firewalls; Network Protocols; Linux,0-3 years,17-27,"Exciting opportunity for a Cybersecurity Analyst at Choi, Garcia and Farmer. Must be proficient in Python, Cryptography, Firewalls, Network Protocols, Linux, with practical exposure to Cryptography and Network Protocols. You'll work in an agile environment solving real business problems. 0+ years experience preferred."
JOB00034,Data Scientist,Data Science,Frazier Inc,Bengaluru,Pandas; A/B Testing; TensorFlow; NumPy; Python,7-10 years,13-18,"Frazier Inc is hiring a Data Scientist for our Bengaluru office. You will use Pandas, A/B Testing, TensorFlow, NumPy, Python daily and help scale our A/B Testing capabilities. We value strong fundamentals in Pandas and a collaborative mindset. Minimum 7 years of experience in a similar role."
JOB00440,Structural Engineer,Civil Engineer,King-York,Hyderabad,Project Management; Surveying; Structural Analysis; Construction Management; Cost Estimation,6-9 years,9-15,"King-York is hiring a Structural Engineer for our Hyderabad office. You will use Project Management, Surveying, Structural Analysis, Construction Management, Cost Estimation daily and help scale our Project Management capabilities. We value strong fundamentals in Surveying and a collaborative mindset. Minimum 6 years of experience in a similar role."
JOB00331,HR Executive,HR,Reid Group,Pune,Conflict Resolution; Employee Engagement; HRIS; Excel; Recruitment; Communication; Onboarding,3-6 years,9-17,"We are looking for a HR Executive to join our growing team. The ideal candidate has hands-on experience with Conflict Resolution, Employee Engagement, HRIS, Excel, Recruitment, Communication, Onboarding and can work independently on Recruitment-driven projects. Responsibilities include collaborating with cross-functional teams, contributing to HRIS initiatives, and driving continuous improvement. 3+ years of relevant experience required."
JOB00125,Java Developer,Java Developer,Scott Ltd,Chennai,Multithreading; JUnit; SQL; Microservices; Maven; Spring Boot,5-8 years,18-23,"We are looking for a Java Developer to join our growing team. The ideal candidate has hands-on experience with Multithreading, JUnit, SQL, Microservices, Maven, Spring Boot and can work independently on Maven-driven projects. Responsibilities include collaborating with cross-functional teams, contributing to Microservices initiatives, and driving continuous improvement. 5+ years of relevant experience required."
JOB00289,Marketing Analyst,Digital Marketing,"Miller, Murphy and Craig",Ahmedabad,Email Marketing; Content Marketing; Copywriting; Communication; SEO,2-5 years,12-21,"Exciting opportunity for a Marketing Analyst at Miller, Murphy and Craig. Must be proficient in Email Marketing, Content Marketing, Copywriting, Communication, SEO, with practical exposure to Communication and Copywriting. You'll work in an agile environment solving real business problems. 2+ years experience preferred."
JOB00352,Account Manager,Sales,Guerrero Inc,Chennai,Client Relationship Management; Communication; Excel; CRM; Lead Generation; Sales Strategy; Cold Calling; Negotiation,4-7 years,20-26,"Guerrero Inc is hiring a Account Manager for our Chennai office. You will use Client Relationship Management, Communication, Excel, CRM, Lead Generation, Sales Strategy, Cold Calling, Negotiation daily and help scale our CRM capabilities. We value strong fundamentals in Excel and a collaborative mindset. Minimum 4 years of experience in a similar role."
JOB00013,Data Analyst,Data Science,Arnold Ltd,Ahmedabad,NumPy; Python; A/B Testing; Excel; Machine Learning,6-9 years,8-12,"Exciting opportunity for a Data Analyst at Arnold Ltd. Must be proficient in NumPy, Python, A/B Testing, Excel, Machine Learning, with practical exposure to A/B Testing and Machine Learning. You'll work in an agile environment solving real business problems. 6+ years experience preferred."
JOB00241,Cybersecurity Analyst,Network Security Engineer,Jones and Sons,Ahmedabad,Risk Assessment; Cryptography; Python; IDS/IPS; Vulnerability Assessment; Firewalls,1-4 years,18-26,"Exciting opportunity for a Cybersecurity Analyst at Jones and Sons. Must be proficient in Risk Assessment, Cryptography, Python, IDS/IPS, Vulnerability Assessment, Firewalls, with practical exposure to Firewalls and Python. You'll work in an agile environment solving real business problems. 1+ years experience preferred."
JOB00442,Civil Site Engineer,Civil Engineer,Rangel LLC,Bengaluru,Revit; AutoCAD; Cost Estimation; Surveying,0-3 years,15-20,"Rangel LLC is hiring a Civil Site Engineer for our Bengaluru office. You will use Revit, AutoCAD, Cost Estimation, Surveying daily and help scale our Cost Estimation capabilities. We value strong fundamentals in Revit and a collaborative mindset. Minimum 0 years of experience in a similar role."
JOB00501,Fitness Trainer,Health and Fitness,"Rivera, Martinez and Richardson",Delhi NCR,Nutrition Planning; Exercise Physiology; CPR Certified; First Aid,6-9 years,13-23,"Rivera, Martinez and Richardson is hiring a Fitness Trainer for our Delhi NCR office. You will use Nutrition Planning, Exercise Physiology, CPR Certified, First Aid daily and help scale our First Aid capabilities. We value strong fundamentals in Nutrition Planning and a collaborative mindset. Minimum 6 years of experience in a similar role."
JOB00485,Graphic Designer,Graphic Designer,"Butler, Beck and Miller",Delhi NCR,Branding; UI/UX; Creativity; Illustrator,6-9 years,4-10,"Exciting opportunity for a Graphic Designer at Butler, Beck and Miller. Must be proficient in Branding, UI/UX, Creativity, Illustrator, with practical exposure to Creativity and UI/UX. You'll work in an agile environment solving real business problems. 6+ years experience preferred."
JOB00149,Backend Python Engineer,Python Developer,Bryant Group,Bengaluru,Celery; Unit Testing; Git; SQL; Django; Flask; REST API; Docker,6-9 years,6-10,"Exciting opportunity for a Backend Python Engineer at Bryant Group. Must be proficient in Celery, Unit Testing, Git, SQL, Django, Flask, REST API, Docker, with practical exposure to SQL and Unit Testing. You'll work in an agile environment solving real business problems. 6+ years experience preferred."
JOB00367,Sales Executive,Sales,"Le, Lewis and Hayes",Kolkata,Sales Strategy; Negotiation; Cold Calling; CRM,5-8 years,14-24,"Exciting opportunity for a Sales Executive at Le, Lewis and Hayes. Must be proficient in Sales Strategy, Negotiation, Cold Calling, CRM, with practical exposure to Cold Calling and Sales Strategy. You'll work in an agile environment solving real business problems. 5+ years experience preferred."
JOB00513,Fitness Trainer,Health and Fitness,"Sullivan, Palmer and Brady",Kolkata,Exercise Physiology; Client Assessment; First Aid; Nutrition Planning; CPR Certified; Communication,5-8 years,18-23,"Sullivan, Palmer and Brady is hiring a Fitness Trainer for our Kolkata office. You will use Exercise Physiology, Client Assessment, First Aid, Nutrition Planning, CPR Certified, Communication daily and help scale our Client Assessment capabilities. We value strong fundamentals in First Aid and a collaborative mindset. Minimum 5 years of experience in a similar role."
JOB00141,Python Developer,Python Developer,Hernandez Inc,Mumbai,Docker; Pandas; Git; SQL; Celery; Python,4-7 years,9-19,"Exciting opportunity for a Python Developer at Hernandez Inc. Must be proficient in Docker, Pandas, Git, SQL, Celery, Python, with practical exposure to Docker and Python. You'll work in an agile environment solving real business problems. 4+ years experience preferred."
JOB00208,Site Reliability Engineer,DevOps Engineer,Davis and Sons,Kolkata,Monitoring; Kubernetes; Jenkins; CI/CD; Docker; Git; AWS,3-6 years,13-19,"Davis and Sons is hiring a Site Reliability Engineer for our Kolkata office. You will use Monitoring, Kubernetes, Jenkins, CI/CD, Docker, Git, AWS daily and help scale our CI/CD capabilities. We value strong fundamentals in Monitoring and a collaborative mindset. Minimum 3 years of experience in a similar role."
JOB00181,Cloud Engineer,DevOps Engineer,Wells Inc,Chennai,CI/CD; Git; Terraform; Shell Scripting; Jenkins; Docker,6-9 years,7-17,"We are looking for a Cloud Engineer to join our growing team. The ideal candidate has hands-on experience with CI/CD, Git, Terraform, Shell Scripting, Jenkins, Docker and can work independently on Git-driven projects. Responsibilities include collaborating with cross-functional teams, contributing to Jenkins initiatives, and driving continuous improvement. 6+ years of relevant experience required."
JOB00161,Python Developer,Python Developer,Brown-Wall,Pune,REST API; Unit Testing; Python; SQL; Django; Pandas; Docker,0-3 years,9-17,"Exciting opportunity for a Python Developer at Brown-Wall. Must be proficient in REST API, Unit Testing, Python, SQL, Django, Pandas, Docker, with practical exposure to SQL and Pandas. You'll work in an agile environment solving real business problems. 0+ years experience preferred."
JOB00112,Backend Java Engineer,Java Developer,"Shields, Cochran and Adams",Hyderabad,Hibernate; Microservices; Java; Multithreading,3-6 years,6-8,"We are looking for a Backend Java Engineer to join our growing team. The ideal candidate has hands-on experience with Hibernate, Microservices, Java, Multithreading and can work independently on Hibernate-driven projects. Responsibilities include collaborating with cross-functional teams, contributing to Java initiatives, and driving continuous improvement. 3+ years of relevant experience required."
JOB00107,Java Developer,Java Developer,"Wright, Garcia and Deleon",Mumbai,Git; Microservices; Java; Hibernate; Multithreading,3-6 years,16-24,"We are looking for a Java Developer to join our growing team. The ideal candidate has hands-on experience with Git, Microservices, Java, Hibernate, Multithreading and can work independently on Java-driven projects. Responsibilities include collaborating with cross-functional teams, contributing to Git initiatives, and driving continuous improvement. 3+ years of relevant experience required."
JOB00207,DevOps Engineer,DevOps Engineer,"Alvarez, Joseph and West",Ahmedabad,Jenkins; AWS; Terraform; Shell Scripting,8-11 years,8-13,"Alvarez, Joseph and West is hiring a DevOps Engineer for our Ahmedabad office. You will use Jenkins, AWS, Terraform, Shell Scripting daily and help scale our Jenkins capabilities. We value strong fundamentals in Terraform and a collaborative mindset. Minimum 8 years of experience in a similar role."
JOB00404,Manufacturing Engineer,Mechanical Engineer,Jones-Hensley,Hyderabad,SolidWorks; Thermodynamics; Six Sigma; Manufacturing; AutoCAD; Quality Control,8-11 years,11-16,"We are looking for a Manufacturing Engineer to join our growing team. The ideal candidate has hands-on experience with SolidWorks, Thermodynamics, Six Sigma, Manufacturing, AutoCAD, Quality Control and can work independently on SolidWorks-driven projects. Responsibilities include collaborating with cross-functional teams, contributing to Manufacturing initiatives, and driving continuous improvement. 8+ years of relevant experience required."
JOB00087,Mobile App Developer,Android Development,"Ferrell, Jones and Lewis",Kolkata,Jetpack Compose; SQLite; REST API; Git; Material Design; Java; Kotlin; Firebase,7-10 years,6-16,"Ferrell, Jones and Lewis is hiring a Mobile App Developer for our Kolkata office. You will use Jetpack Compose, SQLite, REST API, Git, Material Design, Java, Kotlin, Firebase daily and help scale our REST API capabilities. We value strong fundamentals in Jetpack Compose and a collaborative mindset. Minimum 7 years of experience in a similar role."
JOB00194,DevOps Engineer,DevOps Engineer,Reid-Poole,Delhi NCR,Kubernetes; Terraform; Linux; CI/CD; Shell Scripting; Git; Jenkins; Monitoring,8-11 years,7-9,"Reid-Poole is hiring a DevOps Engineer for our Delhi NCR office. You will use Kubernetes, Terraform, Linux, CI/CD, Shell Scripting, Git, Jenkins, Monitoring daily and help scale our Monitoring capabilities. We value strong fundamentals in Linux and a collaborative mindset. Minimum 8 years of experience in a similar role."
JOB00350,HR Executive,HR,"Smith, Garrison and Thomas",Remote,Communication; Onboarding; Performance Management; HRIS,1-4 years,10-19,"We are looking for a HR Executive to join our growing team. The ideal candidate has hands-on experience with Communication, Onboarding, Performance Management, HRIS and can work independently on HRIS-driven projects. Responsibilities include collaborating with cross-functional teams, contributing to Communication initiatives, and driving continuous improvement. 1+ years of relevant experience required."
JOB00358,Business Development Executive,Sales,"Williams, Logan and Camacho",Chennai,Negotiation; Sales Strategy; Excel; CRM; Client Relationship Management; Lead Generation,4-7 years,16-23,"Williams, Logan and Camacho is hiring a Business Development Executive for our Chennai office. You will use Negotiation, Sales Strategy, Excel, CRM, Client Relationship Management, Lead Generation daily and help scale our Negotiation capabilities. We value strong fundamentals in Excel and a collaborative mindset. Minimum 4 years of experience in a similar role."
JOB00429,Structural Engineer,Civil Engineer,Gilbert PLC,Pune,Cost Estimation; Construction Management; Structural Analysis; AutoCAD,1-4 years,8-17,"Exciting opportunity for a Structural Engineer at Gilbert PLC. Must be proficient in Cost Estimation, Construction Management, Structural Analysis, AutoCAD, with practical exposure to Structural Analysis and Construction Management. You'll work in an agile environment solving real business problems. 1+ years experience preferred."
JOB00490,UI/UX Designer,Graphic Designer,Cooper Ltd,Remote,InDesign; Communication; Creativity; Illustrator; Photoshop; Figma; Branding; Typography,5-8 years,15-25,"Exciting opportunity for a UI/UX Designer at Cooper Ltd. Must be proficient in InDesign, Communication, Creativity, Illustrator, Photoshop, Figma, Branding, Typography, with practical exposure to Creativity and Typography. You'll work in an agile environment solving real business problems. 5+ years experience preferred."
JOB00040,Full Stack Developer,Web Development,"Romero, Gonzalez and Brooks",Remote,Node.js; Express.js; Responsive Design; CSS; REST API,3-6 years,6-9,"Romero, Gonzalez and Brooks is hiring a Full Stack Developer for our Remote office. You will use Node.js, Express.js, Responsive Design, CSS, REST API daily and help scale our REST API capabilities. We value strong fundamentals in Node.js and a collaborative mindset. Minimum 3 years of experience in a similar role."
JOB00361,Sales Executive,Sales,Henry Group,Noida,Lead Generation; Excel; Negotiation; Cold Calling; Communication; Sales Strategy; Client Relationship Management,4-7 years,11-18,"Henry Group is hiring a Sales Executive for our Noida office. You will use Lead Generation, Excel, Negotiation, Cold Calling, Communication, Sales Strategy, Client Relationship Management daily and help scale our Communication capabilities. We value strong fundamentals in Lead Generation and a collaborative mindset. Minimum 4 years of experience in a similar role."
JOB00074,Android Developer,Android Development,"Stanley, Tucker and Lee",Remote,SQLite; Kotlin; REST API; Material Design; Git,8-11 years,11-16,"Stanley, Tucker and Lee is hiring a Android Developer for our Remote office. You will use SQLite, Kotlin, REST API, Material Design, Git daily and help scale our Material Design capabilities. We value strong fundamentals in SQLite and a collaborative mindset. Minimum 8 years of experience in a similar role."
JOB00191,Cloud Engineer,DevOps Engineer,Reed Group,Remote,Monitoring; Ansible; Shell Scripting; Terraform; Linux,4-7 years,11-18,"We are looking for a Cloud Engineer to join our growing team. The ideal candidate has hands-on experience with Monitoring, Ansible, Shell Scripting, Terraform, Linux and can work independently on Ansible-driven projects. Responsibilities include collaborating with cross-functional teams, contributing to Monitoring initiatives, and driving continuous improvement. 4+ years of relevant experience required."
JOB00465,Graphic Designer,Graphic Designer,"Rosales, Mitchell and Hines",Mumbai,Branding; Creativity; InDesign; Communication; Illustrator; Figma,7-10 years,11-16,"Rosales, Mitchell and Hines is hiring a Graphic Designer for our Mumbai office. You will use Branding, Creativity, InDesign, Communication, Illustrator, Figma daily and help scale our Communication capabilities. We value strong fundamentals in InDesign and a collaborative mindset. Minimum 7 years of experience in a similar role."
JOB00311,Digital Marketing Executive,Digital Marketing,"Beltran, Lozano and Mcgee",Pune,Email Marketing; Google Analytics; Content Marketing; Marketing Strategy; Excel; Social Media,1-4 years,4-13,"Beltran, Lozano and Mcgee is hiring a Digital Marketing Executive for our Pune office. You will use Email Marketing, Google Analytics, Content Marketing, Marketing Strategy, Excel, Social Media daily and help scale our Social Media capabilities. We value strong fundamentals in Excel and a collaborative mindset. Minimum 1 years of experience in a similar role."
JOB00478,Graphic Designer,Graphic Designer,"Bentley, Lynch and Henderson",Delhi NCR,Illustrator; Photoshop; Creativity; Typography; Communication; InDesign; Branding; UI/UX,0-3 years,16-21,"We are looking for a Graphic Designer to join our growing team. The ideal candidate has hands-on experience with Illustrator, Photoshop, Creativity, Typography, Communication, InDesign, Branding, UI/UX and can work independently on InDesign-driven projects. Responsibilities include collaborating with cross-functional teams, contributing to Communication initiatives, and driving continuous improvement. 0+ years of relevant experience required."
JOB00430,Civil Site Engineer,Civil Engineer,Ford-Spencer,Bengaluru,Revit; Surveying; Structural Analysis; Cost Estimation,5-8 years,9-16,"Ford-Spencer is hiring a Civil Site Engineer for our Bengaluru office. You will use Revit, Surveying, Structural Analysis, Cost Estimation daily and help scale our Surveying capabilities. We value strong fundamentals in Cost Estimation and a collaborative mindset. Minimum 5 years of experience in a similar role."
JOB00199,DevOps Engineer,DevOps Engineer,Ramirez Group,Chennai,Docker; Git; Linux; Terraform; Shell Scripting,2-5 years,15-24,"Exciting opportunity for a DevOps Engineer at Ramirez Group. Must be proficient in Docker, Git, Linux, Terraform, Shell Scripting, with practical exposure to Git and Docker. You'll work in an agile environment solving real business problems. 2+ years experience preferred."
JOB00316,Talent Acquisition Specialist,HR,"Lucas, Parker and Alexander",Mumbai,Payroll; Employee Engagement; Onboarding; HRIS; Excel; Recruitment,7-10 years,16-18,"Exciting opportunity for a Talent Acquisition Specialist at Lucas, Parker and Alexander. Must be proficient in Payroll, Employee Engagement, Onboarding, HRIS, Excel, Recruitment, with practical exposure to Recruitment and Payroll. You'll work in an agile environment solving real business problems. 7+ years experience preferred."
JOB00260,Business Analyst,Business Analyst,Dean-Jimenez,Chennai,Agile; Requirements Gathering; Data Visualization; Communication; Power BI; Stakeholder Management; Excel,3-6 years,20-24,"Exciting opportunity for a Business Analyst at Dean-Jimenez. Must be proficient in Agile, Requirements Gathering, Data Visualization, Communication, Power BI, Stakeholder Management, Excel, with practical exposure to Agile and Requirements Gathering. You'll work in an agile environment solving real business problems. 3+ years experience preferred."
JOB00256,Product Analyst,Business Analyst,"Johnson, Miller and King",Kolkata,SQL; Tableau; Agile; Requirements Gathering,7-10 years,9-19,"We are looking for a Product Analyst to join our growing team. The ideal candidate has hands-on experience with SQL, Tableau, Agile, Requirements Gathering and can work independently on Requirements Gathering-driven projects. Responsibilities include collaborating with cross-functional teams, contributing to Agile initiatives, and driving continuous improvement. 7+ years of relevant experience required."
JOB00011,Data Analyst,Data Science,Blair PLC,Remote,Statistics; Data Visualization; Excel; Pandas; SQL; A/B Testing; Tableau,0-3 years,7-10,"We are looking for a Data Analyst to join our growing team. The ideal candidate has hands-on experience with Statistics, Data Visualization, Excel, Pandas, SQL, A/B Testing, Tableau and can work independently on Excel-driven projects. Responsibilities include collaborating with cross-functional teams, contributing to SQL initiatives, and driving continuous improvement. 0+ years of relevant experience required."
JOB00517,Wellness Coach,Health and Fitness,Reyes-Bradley,Chennai,Nutrition Planning; Program Design; First Aid; Client Assessment; Communication; CPR Certified,4-7 years,11-18,"Exciting opportunity for a Wellness Coach at Reyes-Bradley. Must be proficient in Nutrition Planning, Program Design, First Aid, Client Assessment, Communication, CPR Certified, with practical exposure to First Aid and Communication. You'll work in an agile environment solving real business problems. 4+ years experience preferred."
JOB00521,Wellness Coach,Health and Fitness,Johnson and Sons,Hyderabad,First Aid; CPR Certified; Client Assessment; Program Design; Communication,5-8 years,7-15,"Johnson and Sons is hiring a Wellness Coach for our Hyderabad office. You will use First Aid, CPR Certified, Client Assessment, Program Design, Communication daily and help scale our Communication capabilities. We value strong fundamentals in First Aid and a collaborative mindset. Minimum 5 years of experience in a similar role."
JOB00269,Product Analyst,Business Analyst,Hicks-Hill,Remote,Tableau; Power BI; Data Visualization; Process Improvement,7-10 years,12-22,"Hicks-Hill is hiring a Product Analyst for our Remote office. You will use Tableau, Power BI, Data Visualization, Process Improvement daily and help scale our Power BI capabilities. We value strong fundamentals in Tableau and a collaborative mindset. Minimum 7 years of experience in a similar role."
JOB00449,Civil Site Engineer,Civil Engineer,Lee-Cooke,Ahmedabad,Construction Management; Project Management; AutoCAD; Revit; Cost Estimation; Structural Analysis; Surveying,5-8 years,4-10,"We are looking for a Civil Site Engineer to join our growing team. The ideal candidate has hands-on experience with Construction Management, Project Management, AutoCAD, Revit, Cost Estimation, Structural Analysis, Surveying and can work independently on Project Management-driven projects. Responsibilities include collaborating with cross-functional teams, contributing to Cost Estimation initiatives, and driving continuous improvement. 5+ years of relevant experience required."
JOB00405,Mechanical Design Engineer,Mechanical Engineer,Graham Group,Pune,Six Sigma; MATLAB; SolidWorks; Project Management; AutoCAD,4-7 years,17-27,"Graham Group is hiring a Mechanical Design Engineer for our Pune office. You will use Six Sigma, MATLAB, SolidWorks, Project Management, AutoCAD daily and help scale our AutoCAD capabilities. We value strong fundamentals in Project Management and a collaborative mindset. Minimum 4 years of experience in a similar role."
JOB00224,Network Security Engineer,Network Security Engineer,Wilson-Jones,Pune,Penetration Testing; IDS/IPS; Cryptography; Risk Assessment; Vulnerability Assessment; Network Protocols,8-11 years,13-18,"Wilson-Jones is hiring a Network Security Engineer for our Pune office. You will use Penetration Testing, IDS/IPS, Cryptography, Risk Assessment, Vulnerability Assessment, Network Protocols daily and help scale our Cryptography capabilities. We value strong fundamentals in Risk Assessment and a collaborative mindset. Minimum 8 years of experience in a similar role."
JOB00252,Business Analyst,Business Analyst,"Graham, Olsen and Costa",Delhi NCR,Tableau; SQL; Requirements Gathering; Agile; Communication; Power BI; Data Visualization,1-4 years,11-20,"Graham, Olsen and Costa is hiring a Business Analyst for our Delhi NCR office. You will use Tableau, SQL, Requirements Gathering, Agile, Communication, Power BI, Data Visualization daily and help scale our Requirements Gathering capabilities. We value strong fundamentals in Power BI and a collaborative mindset. Minimum 1 years of experience in a similar role."
JOB00345,Talent Acquisition Specialist,HR,"Harper, Smith and Buchanan",Mumbai,Conflict Resolution; Performance Management; Onboarding; HRIS; Communication,0-3 years,11-15,"We are looking for a Talent Acquisition Specialist to join our growing team. The ideal candidate has hands-on experience with Conflict Resolution, Performance Management, Onboarding, HRIS, Communication and can work independently on Performance Management-driven projects. Responsibilities include collaborating with cross-functional teams, contributing to Onboarding initiatives, and driving continuous improvement. 0+ years of relevant experience required."
JOB00452,Civil Site Engineer,Civil Engineer,Stanley PLC,Mumbai,AutoCAD; Structural Analysis; Project Management; Cost Estimation; Construction Management,3-6 years,14-17,"Exciting opportunity for a Civil Site Engineer at Stanley PLC. Must be proficient in AutoCAD, Structural Analysis, Project Management, Cost Estimation, Construction Management, with practical exposure to AutoCAD and Construction Management. You'll work in an agile environment solving real business problems. 3+ years experience preferred."
JOB00106,Senior Java Developer,Java Developer,Nolan and Sons,Hyderabad,SQL; Maven; Microservices; Hibernate; JUnit; Git,6-9 years,18-22,"Nolan and Sons is hiring a Senior Java Developer for our Hyderabad office. You will use SQL, Maven, Microservices, Hibernate, JUnit, Git daily and help scale our Microservices capabilities. We value strong fundamentals in SQL and a collaborative mindset. Minimum 6 years of experience in a similar role."
JOB00140,Backend Java Engineer,Java Developer,Chambers and Sons,Noida,Git; Hibernate; Spring Boot; Maven; Java,0-3 years,8-18,"Chambers and Sons is hiring a Backend Java Engineer for our Noida office. You will use Git, Hibernate, Spring Boot, Maven, Java daily and help scale our Hibernate capabilities. We value strong fundamentals in Java and a collaborative mindset. Minimum 0 years of experience in a similar role."
JOB00392,Manufacturing Engineer,Mechanical Engineer,Ware and Sons,Delhi NCR,Six Sigma; SolidWorks; MATLAB; Manufacturing; Thermodynamics; AutoCAD; Project Management; Quality Control,1-4 years,7-16,"Ware and Sons is hiring a Manufacturing Engineer for our Delhi NCR office. You will use Six Sigma, SolidWorks, MATLAB, Manufacturing, Thermodynamics, AutoCAD, Project Management, Quality Control daily and help scale our Six Sigma capabilities. We value strong fundamentals in Manufacturing and a collaborative mindset. Minimum 1 years of experience in a similar role."
JOB00278,Business Analyst,Business Analyst,Gibson-Morris,Chennai,Power BI; SQL; Requirements Gathering; Agile; Stakeholder Management; Data Visualization,7-10 years,16-23,"Gibson-Morris is hiring a Business Analyst for our Chennai office. You will use Power BI, SQL, Requirements Gathering, Agile, Stakeholder Management, Data Visualization daily and help scale our Agile capabilities. We value strong fundamentals in Power BI and a collaborative mindset. Minimum 7 years of experience in a similar role."
JOB00012,Machine Learning Engineer,Data Science,Dudley Group,Ahmedabad,Tableau; Pandas; Excel; Scikit-learn,2-5 years,18-22,"Dudley Group is hiring a Machine Learning Engineer for our Ahmedabad office. You will use Tableau, Pandas, Excel, Scikit-learn daily and help scale our Excel capabilities. We value strong fundamentals in Pandas and a collaborative mindset. Minimum 2 years of experience in a similar role."
JOB00195,Cloud Engineer,DevOps Engineer,"Hernandez, Thompson and Boyd",Ahmedabad,Linux; CI/CD; Jenkins; Monitoring; Git; Kubernetes; Ansible,4-7 years,7-9,"Hernandez, Thompson and Boyd is hiring a Cloud Engineer for our Ahmedabad office. You will use Linux, CI/CD, Jenkins, Monitoring, Git, Kubernetes, Ansible daily and help scale our Monitoring capabilities. We value strong fundamentals in Git and a collaborative mindset. Minimum 4 years of experience in a similar role."
JOB00385,Account Manager,Sales,"Farmer, Dorsey and Bell",Ahmedabad,Negotiation; Client Relationship Management; CRM; Cold Calling; Excel; Communication; Sales Strategy,1-4 years,13-22,"Farmer, Dorsey and Bell is hiring a Account Manager for our Ahmedabad office. You will use Negotiation, Client Relationship Management, CRM, Cold Calling, Excel, Communication, Sales Strategy daily and help scale our CRM capabilities. We value strong fundamentals in Client Relationship Management and a collaborative mindset. Minimum 1 years of experience in a similar role."
JOB00315,Digital Marketing Executive,Digital Marketing,"Becker, Taylor and Davis",Kolkata,Email Marketing; Excel; Google Analytics; Content Marketing; Social Media,2-5 years,19-21,"Becker, Taylor and Davis is hiring a Digital Marketing Executive for our Kolkata office. You will use Email Marketing, Excel, Google Analytics, Content Marketing, Social Media daily and help scale our Google Analytics capabilities. We value strong fundamentals in Social Media and a collaborative mindset. Minimum 2 years of experience in a similar role."
JOB00436,Structural Engineer,Civil Engineer,Cox LLC,Bengaluru,Revit; Cost Estimation; Structural Analysis; Construction Management; Surveying; AutoCAD,5-8 years,18-26,"We are looking for a Structural Engineer to join our growing team. The ideal candidate has hands-on experience with Revit, Cost Estimation, Structural Analysis, Construction Management, Surveying, AutoCAD and can work independently on Structural Analysis-driven projects. Responsibilities include collaborating with cross-functional teams, contributing to Cost Estimation initiatives, and driving continuous improvement. 5+ years of relevant experience required."
JOB00197,Cloud Engineer,DevOps Engineer,Marshall-Petersen,Delhi NCR,Linux; Kubernetes; CI/CD; Jenkins; Ansible; Monitoring; Terraform,3-6 years,13-15,"Exciting opportunity for a Cloud Engineer at Marshall-Petersen. Must be proficient in Linux, Kubernetes, CI/CD, Jenkins, Ansible, Monitoring, Terraform, with practical exposure to CI/CD and Monitoring. You'll work in an agile environment solving real business problems. 3+ years experience preferred."
JOB00455,Civil Site Engineer,Civil Engineer,"Lamb, Martin and Kim",Hyderabad,Cost Estimation; Structural Analysis; Construction Management; Revit; Surveying; Project Management; AutoCAD,7-10 years,12-16,"We are looking for a Civil Site Engineer to join our growing team. The ideal candidate has hands-on experience with Cost Estimation, Structural Analysis, Construction Management, Revit, Surveying, Project Management, AutoCAD and can work independently on Cost Estimation-driven projects. Responsibilities include collaborating with cross-functional teams, contributing to Structural Analysis initiatives, and driving continuous improvement. 7+ years of relevant experience required."
JOB00379,Account Manager,Sales,Moore Group,Remote,Excel; Cold Calling; Client Relationship Management; Lead Generation; Negotiation,7-10 years,11-21,"We are looking for a Account Manager to join our growing team. The ideal candidate has hands-on experience with Excel, Cold Calling, Client Relationship Management, Lead Generation, Negotiation and can work independently on Negotiation-driven projects. Responsibilities include collaborating with cross-functional teams, contributing to Cold Calling initiatives, and driving continuous improvement. 7+ years of relevant experience required."
JOB00077,Android Developer,Android Development,"Woods, Calhoun and Schmidt",Delhi NCR,Firebase; Jetpack Compose; REST API; Java; Android SDK; Material Design; SQLite,1-4 years,15-19,"Exciting opportunity for a Android Developer at Woods, Calhoun and Schmidt. Must be proficient in Firebase, Jetpack Compose, REST API, Java, Android SDK, Material Design, SQLite, with practical exposure to Material Design and Firebase. You'll work in an agile environment solving real business problems. 1+ years experience preferred."
JOB00227,Cybersecurity Analyst,Network Security Engineer,Miller-Wright,Mumbai,Cryptography; Risk Assessment; Penetration Testing; Network Protocols; Firewalls; IDS/IPS; SIEM,1-4 years,14-16,"Exciting opportunity for a Cybersecurity Analyst at Miller-Wright. Must be proficient in Cryptography, Risk Assessment, Penetration Testing, Network Protocols, Firewalls, IDS/IPS, SIEM, with practical exposure to Risk Assessment and Cryptography. You'll work in an agile environment solving real business problems. 1+ years experience preferred."
JOB00228,Cybersecurity Analyst,Network Security Engineer,"Duran, Obrien and Gibbs",Hyderabad,Network Protocols; Risk Assessment; Cryptography; Vulnerability Assessment; SIEM,1-4 years,20-26,"Exciting opportunity for a Cybersecurity Analyst at Duran, Obrien and Gibbs. Must be proficient in Network Protocols, Risk Assessment, Cryptography, Vulnerability Assessment, SIEM, with practical exposure to Network Protocols and Risk Assessment. You'll work in an agile environment solving real business problems. 1+ years experience preferred."
JOB00365,Account Manager,Sales,"Phillips, Wagner and Jordan",Noida,Lead Generation; Sales Strategy; Client Relationship Management; Negotiation,7-10 years,17-23,"Exciting opportunity for a Account Manager at Phillips, Wagner and Jordan. Must be proficient in Lead Generation, Sales Strategy, Client Relationship Management, Negotiation, with practical exposure to Sales Strategy and Lead Generation. You'll work in an agile environment solving real business problems. 7+ years experience preferred."
JOB00210,Cloud Engineer,DevOps Engineer,"Wood, Tran and Cooper",Hyderabad,Monitoring; Git; Ansible; AWS; CI/CD; Linux,1-4 years,15-24,"Exciting opportunity for a Cloud Engineer at Wood, Tran and Cooper. Must be proficient in Monitoring, Git, Ansible, AWS, CI/CD, Linux, with practical exposure to AWS and Ansible. You'll work in an agile environment solving real business problems. 1+ years experience preferred."
JOB00042,Full Stack Developer,Web Development,George Group,Remote,HTML; Responsive Design; Node.js; CSS; REST API; MongoDB; JavaScript,7-10 years,11-20,"Exciting opportunity for a Full Stack Developer at George Group. Must be proficient in HTML, Responsive Design, Node.js, CSS, REST API, MongoDB, JavaScript, with practical exposure to HTML and JavaScript. You'll work in an agile environment solving real business problems. 7+ years experience preferred."
JOB00434,Civil Site Engineer,Civil Engineer,"Miller, Lucas and Williams",Noida,AutoCAD; Surveying; Cost Estimation; Construction Management; Project Management; Revit; Structural Analysis,0-3 years,16-22,"Miller, Lucas and Williams is hiring a Civil Site Engineer for our Noida office. You will use AutoCAD, Surveying, Cost Estimation, Construction Management, Project Management, Revit, Structural Analysis daily and help scale our AutoCAD capabilities. We value strong fundamentals in Revit and a collaborative mindset. Minimum 0 years of experience in a similar role."
JOB00052,Full Stack Developer,Web Development,Walker LLC,Remote,React; Git; Responsive Design; CSS; HTML; MongoDB,5-8 years,10-12,"Walker LLC is hiring a Full Stack Developer for our Remote office. You will use React, Git, Responsive Design, CSS, HTML, MongoDB daily and help scale our Git capabilities. We value strong fundamentals in MongoDB and a collaborative mindset. Minimum 5 years of experience in a similar role."
JOB00119,Backend Java Engineer,Java Developer,May-Ross,Hyderabad,Maven; Microservices; Java; Spring Boot,4-7 years,10-18,"We are looking for a Backend Java Engineer to join our growing team. The ideal candidate has hands-on experience with Maven, Microservices, Java, Spring Boot and can work independently on Maven-driven projects. Responsibilities include collaborating with cross-functional teams, contributing to Java initiatives, and driving continuous improvement. 4+ years of relevant experience required."
JOB00110,Java Developer,Java Developer,Johnson-Doyle,Kolkata,Multithreading; Java; Microservices; SQL; Hibernate; Git; Maven,1-4 years,20-24,"Exciting opportunity for a Java Developer at Johnson-Doyle. Must be proficient in Multithreading, Java, Microservices, SQL, Hibernate, Git, Maven, with practical exposure to Hibernate and Java. You'll work in an agile environment solving real business problems. 1+ years experience preferred."
JOB00229,Cybersecurity Analyst,Network Security Engineer,Rowe Group,Delhi NCR,Risk Assessment; Firewalls; Penetration Testing; Network Protocols; Linux; SIEM; Python,0-3 years,5-9,"Rowe Group is hiring a Cybersecurity Analyst for our Delhi NCR office. You will use Risk Assessment, Firewalls, Penetration Testing, Network Protocols, Linux, SIEM, Python daily and help scale our Penetration Testing capabilities. We value strong fundamentals in Firewalls and a collaborative mindset. Minimum 0 years of experience in a similar role."
JOB00198,Site Reliability Engineer,DevOps Engineer,"Adams, Christian and Rivas",Hyderabad,AWS; Ansible; Git; Jenkins,3-6 years,14-23,"We are looking for a Site Reliability Engineer to join our growing team. The ideal candidate has hands-on experience with AWS, Ansible, Git, Jenkins and can work independently on AWS-driven projects. Responsibilities include collaborating with cross-functional teams, contributing to Jenkins initiatives, and driving continuous improvement. 3+ years of relevant experience required."
JOB00435,Civil Site Engineer,Civil Engineer,"Kim, Gonzales and Mills",Remote,Construction Management; Revit; Structural Analysis; Cost Estimation; Project Management; Surveying; AutoCAD,7-10 years,11-15,"Kim, Gonzales and Mills is hiring a Civil Site Engineer for our Remote office. You will use Construction Management, Revit, Structural Analysis, Cost Estimation, Project Management, Surveying, AutoCAD daily and help scale our Cost Estimation capabilities. We value strong fundamentals in Project Management and a collaborative mindset. Minimum 7 years of experience in a similar role."
JOB00308,SEO Specialist,Digital Marketing,Armstrong-Andrews,Kolkata,Communication; Social Media; Email Marketing; PPC; Content Marketing; Copywriting; Excel,7-10 years,7-15,"Exciting opportunity for a SEO Specialist at Armstrong-Andrews. Must be proficient in Communication, Social Media, Email Marketing, PPC, Content Marketing, Copywriting, Excel, with practical exposure to Communication and Social Media. You'll work in an agile environment solving real business problems. 7+ years experience preferred."
JOB00441,Structural Engineer,Civil Engineer,"Marks, Cook and Aguilar",Delhi NCR,Revit; Construction Management; Surveying; Structural Analysis; AutoCAD,6-9 years,14-24,"Marks, Cook and Aguilar is hiring a Structural Engineer for our Delhi NCR office. You will use Revit, Construction Management, Surveying, Structural Analysis, AutoCAD daily and help scale our Construction Management capabilities. We value strong fundamentals in AutoCAD and a collaborative mindset. Minimum 6 years of experience in a similar role."
JOB00297,SEO Specialist,Digital Marketing,Howard-Jordan,Mumbai,Copywriting; Content Marketing; Marketing Strategy; Excel,2-5 years,5-12,"Howard-Jordan is hiring a SEO Specialist for our Mumbai office. You will use Copywriting, Content Marketing, Marketing Strategy, Excel daily and help scale our Copywriting capabilities. We value strong fundamentals in Excel and a collaborative mindset. Minimum 2 years of experience in a similar role."
JOB00223,Network Security Engineer,Network Security Engineer,Sheppard LLC,Mumbai,Cryptography; Risk Assessment; Penetration Testing; Firewalls; Network Protocols,4-7 years,4-8,"Sheppard LLC is hiring a Network Security Engineer for our Mumbai office. You will use Cryptography, Risk Assessment, Penetration Testing, Firewalls, Network Protocols daily and help scale our Cryptography capabilities. We value strong fundamentals in Firewalls and a collaborative mindset. Minimum 4 years of experience in a similar role."
JOB00158,Python Developer,Python Developer,"Miller, Hernandez and Reyes",Kolkata,Django; REST API; Pandas; Python; Flask,7-10 years,6-14,"We are looking for a Python Developer to join our growing team. The ideal candidate has hands-on experience with Django, REST API, Pandas, Python, Flask and can work independently on Pandas-driven projects. Responsibilities include collaborating with cross-functional teams, contributing to REST API initiatives, and driving continuous improvement. 7+ years of relevant experience required."
JOB00344,HR Generalist,HR,Davis-Lewis,Noida,Conflict Resolution; Payroll; HRIS; Excel; Onboarding; Employee Engagement,2-5 years,16-25,"Davis-Lewis is hiring a HR Generalist for our Noida office. You will use Conflict Resolution, Payroll, HRIS, Excel, Onboarding, Employee Engagement daily and help scale our HRIS capabilities. We value strong fundamentals in Onboarding and a collaborative mindset. Minimum 2 years of experience in a similar role."
JOB00123,Backend Java Engineer,Java Developer,Chandler-Edwards,Noida,SQL; Multithreading; Spring Boot; Java,5-8 years,12-16,"Exciting opportunity for a Backend Java Engineer at Chandler-Edwards. Must be proficient in SQL, Multithreading, Spring Boot, Java, with practical exposure to Spring Boot and SQL. You'll work in an agile environment solving real business problems. 5+ years experience preferred."
JOB00002,Data Analyst,Data Science,Doyle Ltd,Pune,Machine Learning; Data Visualization; Tableau; Scikit-learn,0-3 years,20-29,"Doyle Ltd is hiring a Data Analyst for our Pune office. You will use Machine Learning, Data Visualization, Tableau, Scikit-learn daily and help scale our Scikit-learn capabilities. We value strong fundamentals in Machine Learning and a collaborative mindset. Minimum 0 years of experience in a similar role."
JOB00055,Frontend Developer,Web Development,Jones Inc,Pune,MongoDB; CSS; React; HTML,2-5 years,10-15,"Exciting opportunity for a Frontend Developer at Jones Inc. Must be proficient in MongoDB, CSS, React, HTML, with practical exposure to MongoDB and HTML. You'll work in an agile environment solving real business problems. 2+ years experience preferred."
JOB00144,Python Developer,Python Developer,"Lee, Horton and Snyder",Mumbai,Python; Git; Pandas; Django; Flask,1-4 years,11-17,"We are looking for a Python Developer to join our growing team. The ideal candidate has hands-on experience with Python, Git, Pandas, Django, Flask and can work independently on Pandas-driven projects. Responsibilities include collaborating with cross-functional teams, contributing to Flask initiatives, and driving continuous improvement. 1+ years of relevant experience required."
JOB00113,Backend Java Engineer,Java Developer,"Rodriguez, Brennan and Garrison",Kolkata,Microservices; JUnit; REST API; Git; Multithreading; Spring Boot; Maven,5-8 years,5-11,"Rodriguez, Brennan and Garrison is hiring a Backend Java Engineer for our Kolkata office. You will use Microservices, JUnit, REST API, Git, Multithreading, Spring Boot, Maven daily and help scale our Microservices capabilities. We value strong fundamentals in Multithreading and a collaborative mindset. Minimum 5 years of experience in a similar role."
JOB00470,UI/UX Designer,Graphic Designer,Hughes Inc,Bengaluru,InDesign; Photoshop; Figma; Creativity; Illustrator; Typography; UI/UX,0-3 years,8-17,"Hughes Inc is hiring a UI/UX Designer for our Bengaluru office. You will use InDesign, Photoshop, Figma, Creativity, Illustrator, Typography, UI/UX daily and help scale our InDesign capabilities. We value strong fundamentals in Figma and a collaborative mindset. Minimum 0 years of experience in a similar role."
JOB00089,Android Developer,Android Development,Suarez LLC,Hyderabad,Android SDK; Java; SQLite; Material Design; Jetpack Compose; MVVM; REST API; Firebase,3-6 years,6-9,"We are looking for a Android Developer to join our growing team. The ideal candidate has hands-on experience with Android SDK, Java, SQLite, Material Design, Jetpack Compose, MVVM, REST API, Firebase and can work independently on Jetpack Compose-driven projects. Responsibilities include collaborating with cross-functional teams, contributing to REST API initiatives, and driving continuous improvement. 3+ years of relevant experience required."
JOB00457,Graphic Designer,Graphic Designer,Bishop-Goodwin,Chennai,Typography; Branding; Communication; Illustrator; Creativity; Photoshop; Figma,4-7 years,19-26,"We are looking for a Graphic Designer to join our growing team. The ideal candidate has hands-on experience with Typography, Branding, Communication, Illustrator, Creativity, Photoshop, Figma and can work independently on Typography-driven projects. Responsibilities include collaborating with cross-functional teams, contributing to Figma initiatives, and driving continuous improvement. 4+ years of relevant experience required."
JOB00085,Mobile App Developer,Android Development,"Evans, Stewart and Walton",Remote,Material Design; Firebase; Java; SQLite; Kotlin,6-9 years,16-19,"Exciting opportunity for a Mobile App Developer at Evans, Stewart and Walton. Must be proficient in Material Design, Firebase, Java, SQLite, Kotlin, with practical exposure to Kotlin and Firebase. You'll work in an agile environment solving real business problems. 6+ years experience preferred."
JOB00313,Digital Marketing Executive,Digital Marketing,Robinson-Lee,Ahmedabad,Content Marketing; PPC; Copywriting; Social Media; Communication; Marketing Strategy; Excel,6-9 years,4-9,"Exciting opportunity for a Digital Marketing Executive at Robinson-Lee. Must be proficient in Content Marketing, PPC, Copywriting, Social Media, Communication, Marketing Strategy, Excel, with practical exposure to Copywriting and Social Media. You'll work in an agile environment solving real business problems. 6+ years experience preferred."
JOB00236,Cybersecurity Analyst,Network Security Engineer,"Harrison, Johnson and Roberts",Remote,Python; Linux; IDS/IPS; Vulnerability Assessment; Cryptography; SIEM,3-6 years,11-21,"Harrison, Johnson and Roberts is hiring a Cybersecurity Analyst for our Remote office. You will use Python, Linux, IDS/IPS, Vulnerability Assessment, Cryptography, SIEM daily and help scale our IDS/IPS capabilities. We value strong fundamentals in Cryptography and a collaborative mindset. Minimum 3 years of experience in a similar role."
JOB00124,Java Developer,Java Developer,"Joyce, Wilson and Lam",Chennai,Multithreading; REST API; Git; Java; Maven; Microservices; Hibernate,3-6 years,7-15,"Exciting opportunity for a Java Developer at Joyce, Wilson and Lam. Must be proficient in Multithreading, REST API, Git, Java, Maven, Microservices, Hibernate, with practical exposure to Git and Multithreading. You'll work in an agile environment solving real business problems. 3+ years experience preferred."
JOB00114,Backend Java Engineer,Java Developer,Gonzalez Group,Pune,REST API; Git; Multithreading; Hibernate,6-9 years,4-6,"We are looking for a Backend Java Engineer to join our growing team. The ideal candidate has hands-on experience with REST API, Git, Multithreading, Hibernate and can work independently on REST API-driven projects. Responsibilities include collaborating with cross-functional teams, contributing to Hibernate initiatives, and driving continuous improvement. 6+ years of relevant experience required."
JOB00519,Nutrition Consultant,Health and Fitness,Hines-Berry,Ahmedabad,CPR Certified; Program Design; Client Assessment; Exercise Physiology; Communication,5-8 years,20-24,"Hines-Berry is hiring a Nutrition Consultant for our Ahmedabad office. You will use CPR Certified, Program Design, Client Assessment, Exercise Physiology, Communication daily and help scale our Client Assessment capabilities. We value strong fundamentals in Program Design and a collaborative mindset. Minimum 5 years of experience in a similar role."
JOB00433,Structural Engineer,Civil Engineer,Hayes LLC,Delhi NCR,Construction Management; Surveying; Revit; AutoCAD,2-5 years,11-13,"We are looking for a Structural Engineer to join our growing team. The ideal candidate has hands-on experience with Construction Management, Surveying, Revit, AutoCAD and can work independently on Construction Management-driven projects. Responsibilities include collaborating with cross-functional teams, contributing to AutoCAD initiatives, and driving continuous improvement. 2+ years of relevant experience required."
JOB00127,Java Developer,Java Developer,"Mcdaniel, Bentley and Mclaughlin",Noida,REST API; Hibernate; JUnit; Microservices,6-9 years,17-22,"We are looking for a Java Developer to join our growing team. The ideal candidate has hands-on experience with REST API, Hibernate, JUnit, Microservices and can work independently on REST API-driven projects. Responsibilities include collaborating with cross-functional teams, contributing to Microservices initiatives, and driving continuous improvement. 6+ years of relevant experience required."
JOB00098,Mobile App Developer,Android Development,Davis Group,Hyderabad,Git; Firebase; Material Design; Jetpack Compose,7-10 years,13-19,"Exciting opportunity for a Mobile App Developer at Davis Group. Must be proficient in Git, Firebase, Material Design, Jetpack Compose, with practical exposure to Material Design and Firebase. You'll work in an agile environment solving real business problems. 7+ years experience preferred."
JOB00128,Java Developer,Java Developer,Diaz Inc,Kolkata,Microservices; Spring Boot; Hibernate; Git; Java; REST API; Multithreading,6-9 years,5-9,"Exciting opportunity for a Java Developer at Diaz Inc. Must be proficient in Microservices, Spring Boot, Hibernate, Git, Java, REST API, Multithreading, with practical exposure to Microservices and Multithreading. You'll work in an agile environment solving real business problems. 6+ years experience preferred."
JOB00498,Wellness Coach,Health and Fitness,Robertson-Hays,Noida,First Aid; Nutrition Planning; CPR Certified; Client Assessment; Communication; Exercise Physiology,0-3 years,10-16,"Robertson-Hays is hiring a Wellness Coach for our Noida office. You will use First Aid, Nutrition Planning, CPR Certified, Client Assessment, Communication, Exercise Physiology daily and help scale our CPR Certified capabilities. We value strong fundamentals in Client Assessment and a collaborative mindset. Minimum 0 years of experience in a similar role."
JOB00277,Business Analyst,Business Analyst,Cook-Hines,Pune,Stakeholder Management; Tableau; Power BI; Communication; Process Improvement; Excel; Data Visualization; SQL,7-10 years,19-27,"Exciting opportunity for a Business Analyst at Cook-Hines. Must be proficient in Stakeholder Management, Tableau, Power BI, Communication, Process Improvement, Excel, Data Visualization, SQL, with practical exposure to Process Improvement and Excel. You'll work in an agile environment solving real business problems. 7+ years experience preferred."
JOB00094,Android Developer,Android Development,Newton and Sons,Kolkata,Java; Firebase; Kotlin; Android SDK; Jetpack Compose; REST API; Git,8-11 years,15-22,"We are looking for a Android Developer to join our growing team. The ideal candidate has hands-on experience with Java, Firebase, Kotlin, Android SDK, Jetpack Compose, REST API, Git and can work independently on Kotlin-driven projects. Responsibilities include collaborating with cross-functional teams, contributing to REST API initiatives, and driving continuous improvement. 8+ years of relevant experience required."
JOB00165,Python Developer,Python Developer,Castaneda-Ashley,Kolkata,Celery; Unit Testing; Django; Git; SQL; REST API; Python,4-7 years,16-19,"Exciting opportunity for a Python Developer at Castaneda-Ashley. Must be proficient in Celery, Unit Testing, Django, Git, SQL, REST API, Python, with practical exposure to Unit Testing and Git. You'll work in an agile environment solving real business problems. 4+ years experience preferred."
JOB00018,Machine Learning Engineer,Data Science,"Flowers, Martin and Kelly",Pune,Data Visualization; Scikit-learn; Tableau; SQL; Python; Excel,3-6 years,9-16,"Flowers, Martin and Kelly is hiring a Machine Learning Engineer for our Pune office. You will use Data Visualization, Scikit-learn, Tableau, SQL, Python, Excel daily and help scale our Scikit-learn capabilities. We value strong fundamentals in Excel and a collaborative mindset. Minimum 3 years of experience in a similar role."
JOB00209,DevOps Engineer,DevOps Engineer,Holt-Torres,Chennai,Monitoring; Linux; Terraform; AWS; Ansible,3-6 years,13-16,"Holt-Torres is hiring a DevOps Engineer for our Chennai office. You will use Monitoring, Linux, Terraform, AWS, Ansible daily and help scale our AWS capabilities. We value strong fundamentals in Linux and a collaborative mindset. Minimum 3 years of experience in a similar role."
JOB00393,Manufacturing Engineer,Mechanical Engineer,Webster Inc,Noida,Thermodynamics; MATLAB; Project Management; Manufacturing; Six Sigma; AutoCAD; Quality Control,1-4 years,17-25,"Webster Inc is hiring a Manufacturing Engineer for our Noida office. You will use Thermodynamics, MATLAB, Project Management, Manufacturing, Six Sigma, AutoCAD, Quality Control daily and help scale our MATLAB capabilities. We value strong fundamentals in AutoCAD and a collaborative mindset. Minimum 1 years of experience in a similar role."
JOB00176,DevOps Engineer,DevOps Engineer,King-Miller,Pune,CI/CD; Kubernetes; AWS; Jenkins; Ansible,7-10 years,19-27,"King-Miller is hiring a DevOps Engineer for our Pune office. You will use CI/CD, Kubernetes, AWS, Jenkins, Ansible daily and help scale our AWS capabilities. We value strong fundamentals in Ansible and a collaborative mindset. Minimum 7 years of experience in a similar role."
JOB00226,Cybersecurity Analyst,Network Security Engineer,Hernandez PLC,Noida,Python; Penetration Testing; Vulnerability Assessment; Risk Assessment; IDS/IPS; Network Protocols; Linux; Firewalls,3-6 years,8-11,"Exciting opportunity for a Cybersecurity Analyst at Hernandez PLC. Must be proficient in Python, Penetration Testing, Vulnerability Assessment, Risk Assessment, IDS/IPS, Network Protocols, Linux, Firewalls, with practical exposure to Network Protocols and Vulnerability Assessment. You'll work in an agile environment solving real business problems. 3+ years experience preferred."
JOB00325,HR Generalist,HR,"Diaz, Gibbs and Smith",Ahmedabad,Performance Management; HRIS; Payroll; Conflict Resolution; Employee Engagement; Onboarding,4-7 years,9-15,"Diaz, Gibbs and Smith is hiring a HR Generalist for our Ahmedabad office. You will use Performance Management, HRIS, Payroll, Conflict Resolution, Employee Engagement, Onboarding daily and help scale our Performance Management capabilities. We value strong fundamentals in Employee Engagement and a collaborative mindset. Minimum 4 years of experience in a similar role."
JOB00024,Machine Learning Engineer,Data Science,Morales-Jones,Kolkata,Scikit-learn; Data Visualization; Excel; Statistics; Tableau,4-7 years,12-22,"Morales-Jones is hiring a Machine Learning Engineer for our Kolkata office. You will use Scikit-learn, Data Visualization, Excel, Statistics, Tableau daily and help scale our Tableau capabilities. We value strong fundamentals in Data Visualization and a collaborative mindset. Minimum 4 years of experience in a similar role."
JOB00156,Backend Python Engineer,Python Developer,Hill Inc,Hyderabad,Docker; Django; REST API; SQL; Python,8-11 years,5-13,"Hill Inc is hiring a Backend Python Engineer for our Hyderabad office. You will use Docker, Django, REST API, SQL, Python daily and help scale our Django capabilities. We value strong fundamentals in Python and a collaborative mindset. Minimum 8 years of experience in a similar role."
