ID,Category,Years_Experience,Skills,Resume
RES0285,Business Analyst,3,Communication; Requirements Gathering; Tableau; Agile; Power BI,"Business Analyst specialist with 3 years in the industry, holding a B.Com from City College. Core competencies include Communication, Requirements Gathering, Tableau, Agile, Power BI. Led initiatives using Agile that improved key metrics, and collaborated cross-functionally leveraging Tableau. Passionate about continuous learning and staying current with industry trends. Certifications: Microsoft Certified."
RES0543,Graphic Designer,2,Figma; InDesign; Typography; Branding; Creativity,"Motivated Graphic Designer candidate (2 years experience, M.Sc, Technical Institute) proficient in Figma, InDesign, Typography, Branding, Creativity. Hands-on experience building solutions with Creativity and Figma. Recognized for strong communication skills and ability to work in fast-paced, collaborative environments. Certifications: Coursera Professional Certificate."
RES0132,Java Developer,2,Git; JUnit; Hibernate; Java; Spring Boot; REST API; SQL; Microservices,"Motivated Java Developer candidate (2 years experience, B.Sc, Institute of Technology) proficient in Git, JUnit, Hibernate, Java, Spring Boot, REST API, SQL, Microservices. Hands-on experience building solutions with REST API and Hibernate. Recognized for strong communication skills and ability to work in fast-paced, collaborative environments. Certifications: PMP."
RES0113,Android Development,12,MVVM; Android SDK; Git; Jetpack Compose; Material Design; Firebase; REST API; Kotlin; Java,"Motivated Android Development candidate (12 years experience, MBA, State University) proficient in MVVM, Android SDK, Git, Jetpack Compose, Material Design, Firebase, REST API, Kotlin, Java. Hands-on experience building solutions with Firebase and Android SDK. Recognized for strong communication skills and ability to work in fast-paced, collaborative environments. Certifications: Microsoft Certified."
RES0523,Graphic Designer,6,InDesign; Illustrator; Photoshop; UI/UX; Figma,"Result-driven Graphic Designer professional with 6 years of experience. Skilled in InDesign, Illustrator, Photoshop, UI/UX, Figma. Completed B.E. from Technical Institute. Worked on projects involving UI/UX and Illustrator, delivering measurable improvements in team efficiency and project outcomes. Strong problem-solving ability and a track record of meeting deadlines. Certifications: Google Certification."
RES0275,Network Security Engineer,5,Firewalls; Cryptography; Vulnerability Assessment; IDS/IPS; Penetration Testing; Risk Assessment; Linux; Python,"Network Security Engineer specialist with 5 years in the industry, holding a B.Tech from National College. Core competencies include Firewalls, Cryptography, Vulnerability Assessment, IDS/IPS, Penetration Testing, Risk Assessment, Linux, Python. Led initiatives using Penetration Testing that improved key metrics, and collaborated cross-functionally leveraging Vulnerability Assessment. Passionate about continuous learning and staying current with industry trends. Certifications: AWS Certified Associate."
RES0415,Sales,8,Cold Calling; Sales Strategy; Client Relationship Management; Excel; Negotiation; Communication; Lead Generation,"Result-driven Sales professional with 8 years of experience. Skilled in Cold Calling, Sales Strategy, Client Relationship Management, Excel, Negotiation, Communication, Lead Generation. Completed MCA from Technical Institute. Worked on projects involving Communication and Cold Calling, delivering measurable improvements in team efficiency and project outcomes. Strong problem-solving ability and a track record of meeting deadlines. Certifications: Coursera Professional Certificate."
RES0095,Android Development,5,Material Design; Git; SQLite; Firebase; Jetpack Compose; Java,"Result-driven Android Development professional with 5 years of experience. Skilled in Material Design, Git, SQLite, Firebase, Jetpack Compose, Java. Completed BCA from National College. Worked on projects involving Java and SQLite, delivering measurable improvements in team efficiency and project outcomes. Strong problem-solving ability and a track record of meeting deadlines. Certifications: AWS Certified Associate."
RES0020,Data Science,6,Statistics; Python; Excel; Machine Learning; Data Visualization; NumPy,"Result-driven Data Science professional with 6 years of experience. Skilled in Statistics, Python, Excel, Machine Learning, Data Visualization, NumPy. Completed B.Com from City College. Worked on projects involving NumPy and Machine Learning, delivering measurable improvements in team efficiency and project outcomes. Strong problem-solving ability and a track record of meeting deadlines. Certifications: Google Certification."
RES0507,Civil Engineer,2,Project Management; Structural Analysis; Surveying; AutoCAD; Cost Estimation; Construction Management,"Civil Engineer specialist with 2 years in the industry, holding a MBA from Institute of Technology. Core competencies include Project Management, Structural Analysis, Surveying, AutoCAD, Cost Estimation, Construction Management. Led initiatives using Cost Estimation that improved key metrics, and collaborated cross-functionally leveraging Project Management. Passionate about continuous learning and staying current with industry trends. Certifications: None."
RES0464,Mechanical Engineer,7,Thermodynamics; MATLAB; Project Management; Quality Control; Six Sigma,"Mechanical Engineer specialist with 7 years in the industry, holding a B.Com from State University. Core competencies include Thermodynamics, MATLAB, Project Management, Quality Control, Six Sigma. Led initiatives using Six Sigma that improved key metrics, and collaborated cross-functionally leveraging Thermodynamics. Passionate about continuous learning and staying current with industry trends. Certifications: Google Certification."
RES0010,Data Science,4,Python; A/B Testing; Pandas; TensorFlow; Machine Learning; Statistics; SQL; NumPy; Excel,"Motivated Data Science candidate (4 years experience, BCA, Institute of Technology) proficient in Python, A/B Testing, Pandas, TensorFlow, Machine Learning, Statistics, SQL, NumPy, Excel. Hands-on experience building solutions with NumPy and Python. Recognized for strong communication skills and ability to work in fast-paced, collaborative environments. Certifications: None."
RES0483,Civil Engineer,11,Revit; Structural Analysis; Cost Estimation; AutoCAD; Construction Management; Project Management,"Motivated Civil Engineer candidate (11 years experience, M.Tech, Metropolitan University) proficient in Revit, Structural Analysis, Cost Estimation, AutoCAD, Construction Management, Project Management. Hands-on experience building solutions with AutoCAD and Revit. Recognized for strong communication skills and ability to work in fast-paced, collaborative environments. Certifications: Microsoft Certified."
RES0201,DevOps Engineer,5,Shell Scripting; Git; CI/CD; Terraform; Ansible; AWS; Linux,"Result-driven DevOps Engineer professional with 5 years of experience. Skilled in Shell Scripting, Git, CI/CD, Terraform, Ansible, AWS, Linux. Completed B.Sc from Technical Institute. Worked on projects involving Git and Ansible, delivering measurable improvements in team efficiency and project outcomes. Strong problem-solving ability and a track record of meeting deadlines. Certifications: Microsoft Certified."
RES0140,Java Developer,3,Git; JUnit; REST API; Microservices; Java; Hibernate,"Motivated Java Developer candidate (3 years experience, B.Com, National College) proficient in Git, JUnit, REST API, Microservices, Java, Hibernate. Hands-on experience building solutions with JUnit and REST API. Recognized for strong communication skills and ability to work in fast-paced, collaborative environments. Certifications: Microsoft Certified."
RES0357,Digital Marketing,10,Email Marketing; Social Media; SEO; Excel; Copywriting; PPC; Google Analytics; Content Marketing; Communication,"Result-driven Digital Marketing professional with 10 years of experience. Skilled in Email Marketing, Social Media, SEO, Excel, Copywriting, PPC, Google Analytics, Content Marketing, Communication. Completed B.Tech from National College. Worked on projects involving Excel and Email Marketing, delivering measurable improvements in team efficiency and project outcomes. Strong problem-solving ability and a track record of meeting deadlines. Certifications: Google Certification."
RES0318,Business Analyst,11,Process Improvement; Power BI; Requirements Gathering; Stakeholder Management; Tableau; Data Visualization,"Business Analyst specialist with 11 years in the industry, holding a B.Tech from Metropolitan University. Core competencies include Process Improvement, Power BI, Requirements Gathering, Stakeholder Management, Tableau, Data Visualization. Led initiatives using Stakeholder Management that improved key metrics, and collaborated cross-functionally leveraging Data Visualization. Passionate about continuous learning and staying current with industry trends. Certifications: None."
RES0091,Android Development,6,Android SDK; REST API; Java; Kotlin; Git,"Android Development specialist with 6 years in the industry, holding a B.Com from State University. Core competencies include Android SDK, REST API, Java, Kotlin, Git. Led initiatives using Android SDK that improved key metrics, and collaborated cross-functionally leveraging Kotlin. Passionate about continuous learning and staying current with industry trends. Certifications: PMP."
RES0145,Java Developer,3,Spring Boot; Java; REST API; SQL; Maven; Microservices,"Result-driven Java Developer professional with 3 years of experience. Skilled in Spring Boot, Java, REST API, SQL, Maven, Microservices. Completed B.E. from National College. Worked on projects involving Maven and REST API, delivering measurable improvements in team efficiency and project outcomes. Strong problem-solving ability and a track record of meeting deadlines. Certifications: Google Certification."
RES0034,Data Science,8,Pandas; Statistics; Tableau; Scikit-learn; Machine Learning; Python; SQL; TensorFlow; A/B Testing,"Result-driven Data Science professional with 8 years of experience. Skilled in Pandas, Statistics, Tableau, Scikit-learn, Machine Learning, Python, SQL, TensorFlow, A/B Testing. Completed B.Com from City College. Worked on projects involving Scikit-learn and Python, delivering measurable improvements in team efficiency and project outcomes. Strong problem-solving ability and a track record of meeting deadlines. Certifications: PMP."
RES0335,Digital Marketing,5,Copywriting; PPC; Marketing Strategy; Social Media; Google Analytics; SEO,"Digital Marketing specialist with 5 years in the industry, holding a M.Tech from Institute of Technology. Core competencies include Copywriting, PPC, Marketing Strategy, Social Media, Google Analytics, SEO. Led initiatives using SEO that improved key metrics, and collaborated cross-functionally leveraging Social Media. Passionate about continuous learning and staying current with industry trends. Certifications: AWS Certified Associate."
RES0280,Network Security Engineer,9,Network Protocols; Firewalls; Cryptography; Python; Penetration Testing,"Motivated Network Security Engineer candidate (9 years experience, M.Tech, Institute of Technology) proficient in Network Protocols, Firewalls, Cryptography, Python, Penetration Testing. Hands-on experience building solutions with Firewalls and Penetration Testing. Recognized for strong communication skills and ability to work in fast-paced, collaborative environments. Certifications: AWS Certified Associate."
RES0554,Graphic Designer,9,Typography; InDesign; Branding; Creativity; Figma; Illustrator; UI/UX; Communication; Photoshop,"Motivated Graphic Designer candidate (9 years experience, B.Com, Metropolitan University) proficient in Typography, InDesign, Branding, Creativity, Figma, Illustrator, UI/UX, Communication, Photoshop. Hands-on experience building solutions with Photoshop and Branding. Recognized for strong communication skills and ability to work in fast-paced, collaborative environments. Certifications: Coursera Professional Certificate."
RES0461,Mechanical Engineer,2,AutoCAD; SolidWorks; MATLAB; Manufacturing; Quality Control,"Motivated Mechanical Engineer candidate (2 years experience, B.Sc, Institute of Technology) proficient in AutoCAD, SolidWorks, MATLAB, Manufacturing, Quality Control. Hands-on experience building solutions with Manufacturing and Quality Control. Recognized for strong communication skills and ability to work in fast-paced, collaborative environments. Certifications: None."
RES0254,Network Security Engineer,12,Network Protocols; Firewalls; IDS/IPS; Risk Assessment; SIEM,"Result-driven Network Security Engineer professional with 12 years of experience. Skilled in Network Protocols, Firewalls, IDS/IPS, Risk Assessment, SIEM. Completed M.Tech from Institute of Technology. Worked on projects involving Network Protocols and Firewalls, delivering measurable improvements in team efficiency and project outcomes. Strong problem-solving ability and a track record of meeting deadlines. Certifications: None."
RES0096,Android Development,8,Kotlin; Jetpack Compose; MVVM; Java; Firebase; Material Design; Android SDK; REST API,"Android Development specialist with 8 years in the industry, holding a B.Tech from Technical Institute. Core competencies include Kotlin, Jetpack Compose, MVVM, Java, Firebase, Material Design, Android SDK, REST API. Led initiatives using Material Design that improved key metrics, and collaborated cross-functionally leveraging REST API. Passionate about continuous learning and staying current with industry trends. Certifications: Coursera Professional Certificate."
RES0434,Sales,12,Negotiation; Cold Calling; Lead Generation; Excel; Client Relationship Management; CRM; Sales Strategy,"Result-driven Sales professional with 12 years of experience. Skilled in Negotiation, Cold Calling, Lead Generation, Excel, Client Relationship Management, CRM, Sales Strategy. Completed BCA from Technical Institute. Worked on projects involving Negotiation and Lead Generation, delivering measurable improvements in team efficiency and project outcomes. Strong problem-solving ability and a track record of meeting deadlines. Certifications: PMP."
RES0442,Mechanical Engineer,12,Project Management; MATLAB; Quality Control; SolidWorks; Manufacturing; AutoCAD; Thermodynamics,"Result-driven Mechanical Engineer professional with 12 years of experience. Skilled in Project Management, MATLAB, Quality Control, SolidWorks, Manufacturing, AutoCAD, Thermodynamics. Completed M.Sc from City College. Worked on projects involving Thermodynamics and Quality Control, delivering measurable improvements in team efficiency and project outcomes. Strong problem-solving ability and a track record of meeting deadlines. Certifications: None."
RES0583,Health and Fitness,5,Nutrition Planning; Client Assessment; CPR Certified; First Aid; Exercise Physiology; Communication,"Motivated Health and Fitness candidate (5 years experience, B.E., State University) proficient in Nutrition Planning, Client Assessment, CPR Certified, First Aid, Exercise Physiology, Communication. Hands-on experience building solutions with Nutrition Planning and First Aid. Recognized for strong communication skills and ability to work in fast-paced, collaborative environments. Certifications: None."
RES0093,Android Development,9,SQLite; Jetpack Compose; Kotlin; Java; Android SDK,"Motivated Android Development candidate (9 years experience, B.E., State University) proficient in SQLite, Jetpack Compose, Kotlin, Java, Android SDK. Hands-on experience building solutions with Jetpack Compose and Kotlin. Recognized for strong communication skills and ability to work in fast-paced, collaborative environments. Certifications: Microsoft Certified."
RES0537,Graphic Designer,12,Communication; Illustrator; Typography; Creativity; UI/UX,"Graphic Designer specialist with 12 years in the industry, holding a MBA from City College. Core competencies include Communication, Illustrator, Typography, Creativity, UI/UX. Led initiatives using Typography that improved key metrics, and collaborated cross-functionally leveraging Communication. Passionate about continuous learning and staying current with industry trends. Certifications: Coursera Professional Certificate."
RES0188,Python Developer,8,Unit Testing; Flask; SQL; Django; REST API,"Python Developer specialist with 8 years in the industry, holding a M.Sc from National College. Core competencies include Unit Testing, Flask, SQL, Django, REST API. Led initiatives using SQL that improved key metrics, and collaborated cross-functionally leveraging Django. Passionate about continuous learning and staying current with industry trends. Certifications: Coursera Professional Certificate."
RES0493,Civil Engineer,8,AutoCAD; Surveying; Cost Estimation; Project Management; Construction Management,"Result-driven Civil Engineer professional with 8 years of experience. Skilled in AutoCAD, Surveying, Cost Estimation, Project Management, Construction Management. Completed M.Tech from Metropolitan University. Worked on projects involving Surveying and Cost Estimation, delivering measurable improvements in team efficiency and project outcomes. Strong problem-solving ability and a track record of meeting deadlines. Certifications: Coursera Professional Certificate."
RES0138,Java Developer,10,JUnit; Microservices; Multithreading; Maven; REST API; Java; Spring Boot; SQL,"Java Developer specialist with 10 years in the industry, holding a B.Sc from Metropolitan University. Core competencies include JUnit, Microservices, Multithreading, Maven, REST API, Java, Spring Boot, SQL. Led initiatives using SQL that improved key metrics, and collaborated cross-functionally leveraging Java. Passionate about continuous learning and staying current with industry trends. Certifications: Microsoft Certified."
RES0141,Java Developer,9,JUnit; Hibernate; Multithreading; Spring Boot; Git,"Result-driven Java Developer professional with 9 years of experience. Skilled in JUnit, Hibernate, Multithreading, Spring Boot, Git. Completed MBA from Technical Institute. Worked on projects involving JUnit and Git, delivering measurable improvements in team efficiency and project outcomes. Strong problem-solving ability and a track record of meeting deadlines. Certifications: Coursera Professional Certificate."
RES0489,Civil Engineer,7,Structural Analysis; Construction Management; Cost Estimation; Project Management; Revit; AutoCAD,"Motivated Civil Engineer candidate (7 years experience, M.Tech, Technical Institute) proficient in Structural Analysis, Construction Management, Cost Estimation, Project Management, Revit, AutoCAD. Hands-on experience building solutions with Structural Analysis and Construction Management. Recognized for strong communication skills and ability to work in fast-paced, collaborative environments. Certifications: Coursera Professional Certificate."
RES0269,Network Security Engineer,10,Linux; Network Protocols; Firewalls; Penetration Testing; Vulnerability Assessment; IDS/IPS; Python,"Motivated Network Security Engineer candidate (10 years experience, MBA, Technical Institute) proficient in Linux, Network Protocols, Firewalls, Penetration Testing, Vulnerability Assessment, IDS/IPS, Python. Hands-on experience building solutions with Penetration Testing and Vulnerability Assessment. Recognized for strong communication skills and ability to work in fast-paced, collaborative environments. Certifications: Google Certification."
RES0593,Health and Fitness,11,CPR Certified; Client Assessment; Program Design; Exercise Physiology; Nutrition Planning; Communication; First Aid,"Result-driven Health and Fitness professional with 11 years of experience. Skilled in CPR Certified, Client Assessment, Program Design, Exercise Physiology, Nutrition Planning, Communication, First Aid. Completed M.Sc from City College. Worked on projects involving CPR Certified and Exercise Physiology, delivering measurable improvements in team efficiency and project outcomes. Strong problem-solving ability and a track record of meeting deadlines. Certifications: Microsoft Certified."
RES0496,Civil Engineer,3,Structural Analysis; Revit; Construction Management; Project Management; Cost Estimation,"Result-driven Civil Engineer professional with 3 years of experience. Skilled in Structural Analysis, Revit, Construction Management, Project Management, Cost Estimation. Completed MBA from Institute of Technology. Worked on projects involving Structural Analysis and Construction Management, delivering measurable improvements in team efficiency and project outcomes. Strong problem-solving ability and a track record of meeting deadlines. Certifications: Google Certification."
RES0056,Web Development,2,Express.js; TypeScript; Node.js; CSS; Git; MongoDB; JavaScript; REST API; React,"Result-driven Web Development professional with 2 years of experience. Skilled in Express.js, TypeScript, Node.js, CSS, Git, MongoDB, JavaScript, REST API, React. Completed M.Sc from State University. Worked on projects involving React and Node.js, delivering measurable improvements in team efficiency and project outcomes. Strong problem-solving ability and a track record of meeting deadlines. Certifications: AWS Certified Associate."
RES0418,Sales,9,Sales Strategy; CRM; Client Relationship Management; Cold Calling; Communication; Excel,"Motivated Sales candidate (9 years experience, MBA, Metropolitan University) proficient in Sales Strategy, CRM, Client Relationship Management, Cold Calling, Communication, Excel. Hands-on experience building solutions with Communication and CRM. Recognized for strong communication skills and ability to work in fast-paced, collaborative environments. Certifications: Google Certification."
RES0355,Digital Marketing,1,Google Analytics; Content Marketing; Communication; Email Marketing; Social Media,"Motivated Digital Marketing candidate (1 years experience, B.Sc, National College) proficient in Google Analytics, Content Marketing, Communication, Email Marketing, Social Media. Hands-on experience building solutions with Content Marketing and Communication. Recognized for strong communication skills and ability to work in fast-paced, collaborative environments. Certifications: Coursera Professional Certificate."
RES0467,Mechanical Engineer,12,AutoCAD; Thermodynamics; Manufacturing; Six Sigma; SolidWorks; Project Management; Quality Control,"Mechanical Engineer specialist with 12 years in the industry, holding a M.Sc from National College. Core competencies include AutoCAD, Thermodynamics, Manufacturing, Six Sigma, SolidWorks, Project Management, Quality Control. Led initiatives using Thermodynamics that improved key metrics, and collaborated cross-functionally leveraging SolidWorks. Passionate about continuous learning and staying current with industry trends. Certifications: AWS Certified Associate."
RES0533,Graphic Designer,12,Photoshop; Communication; Creativity; Figma; InDesign; Typography; Illustrator; UI/UX; Branding,"Motivated Graphic Designer candidate (12 years experience, B.Sc, Technical Institute) proficient in Photoshop, Communication, Creativity, Figma, InDesign, Typography, Illustrator, UI/UX, Branding. Hands-on experience building solutions with Figma and Branding. Recognized for strong communication skills and ability to work in fast-paced, collaborative environments. Certifications: Google Certification."
RES0059,Web Development,3,CSS; React; Responsive Design; Git; Node.js; MongoDB; REST API,"Motivated Web Development candidate (3 years experience, B.Com, Metropolitan University) proficient in CSS, React, Responsive Design, Git, Node.js, MongoDB, REST API. Hands-on experience building solutions with Git and REST API. Recognized for strong communication skills and ability to work in fast-paced, collaborative environments. Certifications: AWS Certified Associate."
RES0029,Data Science,0,Statistics; NumPy; Python; Machine Learning; SQL; Excel,"Result-driven Data Science professional with 0 years of experience. Skilled in Statistics, NumPy, Python, Machine Learning, SQL, Excel. Completed MBA from Institute of Technology. Worked on projects involving Excel and NumPy, delivering measurable improvements in team efficiency and project outcomes. Strong problem-solving ability and a track record of meeting deadlines. Certifications: None."
RES0046,Web Development,0,REST API; Git; Node.js; TypeScript; JavaScript; HTML; React,"Result-driven Web Development professional with 0 years of experience. Skilled in REST API, Git, Node.js, TypeScript, JavaScript, HTML, React. Completed B.Com from State University. Worked on projects involving Node.js and Git, delivering measurable improvements in team efficiency and project outcomes. Strong problem-solving ability and a track record of meeting deadlines. Certifications: None."
RES0576,Health and Fitness,6,Program Design; CPR Certified; Nutrition Planning; Communication; Exercise Physiology; Client Assessment; First Aid,"Result-driven Health and Fitness professional with 6 years of experience. Skilled in Program Design, CPR Certified, Nutrition Planning, Communication, Exercise Physiology, Client Assessment, First Aid. Completed MBA from Institute of Technology. Worked on projects involving Exercise Physiology and Program Design, delivering measurable improvements in team efficiency and project outcomes. Strong problem-solving ability and a track record of meeting deadlines. Certifications: Microsoft Certified."
RES0422,Sales,2,CRM; Excel; Communication; Cold Calling; Sales Strategy; Lead Generation; Client Relationship Management,"Result-driven Sales professional with 2 years of experience. Skilled in CRM, Excel, Communication, Cold Calling, Sales Strategy, Lead Generation, Client Relationship Management. Completed BCA from Metropolitan University. Worked on projects involving Cold Calling and Excel, delivering measurable improvements in team efficiency and project outcomes. Strong problem-solving ability and a track record of meeting deadlines. Certifications: Google Certification."
RES0363,HR,3,Employee Engagement; HRIS; Performance Management; Communication; Onboarding; Excel; Conflict Resolution,"Motivated HR candidate (3 years experience, M.Sc, Institute of Technology) proficient in Employee Engagement, HRIS, Performance Management, Communication, Onboarding, Excel, Conflict Resolution. Hands-on experience building solutions with HRIS and Conflict Resolution. Recognized for strong communication skills and ability to work in fast-paced, collaborative environments. Certifications: Google Certification."
RES0408,Sales,12,Sales Strategy; Lead Generation; Negotiation; Communication; Client Relationship Management,"Sales specialist with 12 years in the industry, holding a B.E. from Institute of Technology. Core competencies include Sales Strategy, Lead Generation, Negotiation, Communication, Client Relationship Management. Led initiatives using Communication that improved key metrics, and collaborated cross-functionally leveraging Lead Generation. Passionate about continuous learning and staying current with industry trends. Certifications: PMP."
RES0090,Android Development,2,Android SDK; Jetpack Compose; REST API; Material Design; Kotlin; Java; SQLite,"Android Development specialist with 2 years in the industry, holding a B.Tech from National College. Core competencies include Android SDK, Jetpack Compose, REST API, Material Design, Kotlin, Java, SQLite. Led initiatives using SQLite that improved key metrics, and collaborated cross-functionally leveraging Jetpack Compose. Passionate about continuous learning and staying current with industry trends. Certifications: Microsoft Certified."
RES0170,Python Developer,11,SQL; Django; Python; Celery; Flask,"Result-driven Python Developer professional with 11 years of experience. Skilled in SQL, Django, Python, Celery, Flask. Completed B.Sc from Technical Institute. Worked on projects involving SQL and Flask, delivering measurable improvements in team efficiency and project outcomes. Strong problem-solving ability and a track record of meeting deadlines. Certifications: PMP."
RES0365,HR,12,Performance Management; Employee Engagement; Payroll; Excel; Conflict Resolution; HRIS; Recruitment,"Motivated HR candidate (12 years experience, B.E., State University) proficient in Performance Management, Employee Engagement, Payroll, Excel, Conflict Resolution, HRIS, Recruitment. Hands-on experience building solutions with Conflict Resolution and Excel. Recognized for strong communication skills and ability to work in fast-paced, collaborative environments. Certifications: PMP."
RES0412,Sales,3,Client Relationship Management; Communication; Sales Strategy; Negotiation; Lead Generation,"Sales specialist with 3 years in the industry, holding a B.Com from Institute of Technology. Core competencies include Client Relationship Management, Communication, Sales Strategy, Negotiation, Lead Generation. Led initiatives using Communication that improved key metrics, and collaborated cross-functionally leveraging Sales Strategy. Passionate about continuous learning and staying current with industry trends. Certifications: Microsoft Certified."
RES0183,Python Developer,8,Celery; SQL; Flask; Python; Docker,"Result-driven Python Developer professional with 8 years of experience. Skilled in Celery, SQL, Flask, Python, Docker. Completed BCA from National College. Worked on projects involving SQL and Docker, delivering measurable improvements in team efficiency and project outcomes. Strong problem-solving ability and a track record of meeting deadlines. Certifications: AWS Certified Associate."
RES0307,Business Analyst,6,Tableau; SQL; Agile; Communication; Power BI; Excel; Stakeholder Management; Process Improvement,"Motivated Business Analyst candidate (6 years experience, B.Tech, Technical Institute) proficient in Tableau, SQL, Agile, Communication, Power BI, Excel, Stakeholder Management, Process Improvement. Hands-on experience building solutions with Tableau and Stakeholder Management. Recognized for strong communication skills and ability to work in fast-paced, collaborative environments. Certifications: Coursera Professional Certificate."
RES0293,Business Analyst,5,Process Improvement; Communication; Tableau; Requirements Gathering; Agile; SQL; Data Visualization; Stakeholder Management,"Result-driven Business Analyst professional with 5 years of experience. Skilled in Process Improvement, Communication, Tableau, Requirements Gathering, Agile, SQL, Data Visualization, Stakeholder Management. Completed M.Tech from Institute of Technology. Worked on projects involving Data Visualization and Process Improvement, delivering measurable improvements in team efficiency and project outcomes. Strong problem-solving ability and a track record of meeting deadlines. Certifications: Google Certification."
RES0018,Data Science,4,Scikit-learn; TensorFlow; Data Visualization; NumPy; Statistics; Pandas,"Result-driven Data Science professional with 4 years of experience. Skilled in Scikit-learn, TensorFlow, Data Visualization, NumPy, Statistics, Pandas. Completed MCA from Institute of Technology. Worked on projects involving Scikit-learn and NumPy, delivering measurable improvements in team efficiency and project outcomes. Strong problem-solving ability and a track record of meeting deadlines. Certifications: Microsoft Certified."
RES0474,Mechanical Engineer,3,SolidWorks; Quality Control; AutoCAD; Manufacturing; Thermodynamics; MATLAB; Six Sigma; Project Management,"Motivated Mechanical Engineer candidate (3 years experience, B.Tech, State University) proficient in SolidWorks, Quality Control, AutoCAD, Manufacturing, Thermodynamics, MATLAB, Six Sigma, Project Management. Hands-on experience building solutions with Quality Control and SolidWorks. Recognized for strong communication skills and ability to work in fast-paced, collaborative environments. Certifications: Microsoft Certified."
RES0150,Java Developer,2,Java; Multithreading; JUnit; Spring Boot; Git; Hibernate; SQL; REST API; Microservices,"Java Developer specialist with 2 years in the industry, holding a B.Com from Institute of Technology. Core competencies include Java, Multithreading, JUnit, Spring Boot, Git, Hibernate, SQL, REST API, Microservices. Led initiatives using Hibernate that improved key metrics, and collaborated cross-functionally leveraging Microservices. Passionate about continuous learning and staying current with industry trends. Certifications: Google Certification."
RES0257,Network Security Engineer,0,Firewalls; Vulnerability Assessment; Linux; Cryptography; Penetration Testing; SIEM; Python; IDS/IPS,"Motivated Network Security Engineer candidate (0 years experience, B.Tech, Institute of Technology) proficient in Firewalls, Vulnerability Assessment, Linux, Cryptography, Penetration Testing, SIEM, Python, IDS/IPS. Hands-on experience building solutions with Linux and Python. Recognized for strong communication skills and ability to work in fast-paced, collaborative environments. Certifications: Coursera Professional Certificate."
RES0560,Graphic Designer,7,Illustrator; Creativity; Typography; Branding; InDesign; Figma,"Graphic Designer specialist with 7 years in the industry, holding a B.Sc from Institute of Technology. Core competencies include Illustrator, Creativity, Typography, Branding, InDesign, Figma. Led initiatives using InDesign that improved key metrics, and collaborated cross-functionally leveraging Illustrator. Passionate about continuous learning and staying current with industry trends. Certifications: AWS Certified Associate."
RES0451,Mechanical Engineer,1,Six Sigma; Quality Control; SolidWorks; AutoCAD; Manufacturing,"Result-driven Mechanical Engineer professional with 1 years of experience. Skilled in Six Sigma, Quality Control, SolidWorks, AutoCAD, Manufacturing. Completed MCA from National College. Worked on projects involving AutoCAD and Manufacturing, delivering measurable improvements in team efficiency and project outcomes. Strong problem-solving ability and a track record of meeting deadlines. Certifications: Google Certification."
RES0454,Mechanical Engineer,6,Project Management; Quality Control; Manufacturing; SolidWorks; Six Sigma; Thermodynamics; AutoCAD; MATLAB,"Motivated Mechanical Engineer candidate (6 years experience, B.Sc, National College) proficient in Project Management, Quality Control, Manufacturing, SolidWorks, Six Sigma, Thermodynamics, AutoCAD, MATLAB. Hands-on experience building solutions with SolidWorks and AutoCAD. Recognized for strong communication skills and ability to work in fast-paced, collaborative environments. Certifications: None."
RES0580,Health and Fitness,7,Nutrition Planning; First Aid; Client Assessment; Exercise Physiology; Communication,"Health and Fitness specialist with 7 years in the industry, holding a BCA from State University. Core competencies include Nutrition Planning, First Aid, Client Assessment, Exercise Physiology, Communication. Led initiatives using Exercise Physiology that improved key metrics, and collaborated cross-functionally leveraging Nutrition Planning. Passionate about continuous learning and staying current with industry trends. Certifications: PMP."
RES0356,Digital Marketing,0,Excel; Copywriting; Email Marketing; PPC; Communication,"Result-driven Digital Marketing professional with 0 years of experience. Skilled in Excel, Copywriting, Email Marketing, PPC, Communication. Completed B.E. from City College. Worked on projects involving PPC and Communication, delivering measurable improvements in team efficiency and project outcomes. Strong problem-solving ability and a track record of meeting deadlines. Certifications: Coursera Professional Certificate."
RES0316,Business Analyst,10,Stakeholder Management; Power BI; Excel; Communication; Agile; Tableau; Requirements Gathering; Process Improvement; Data Visualization,"Motivated Business Analyst candidate (10 years experience, B.Tech, Institute of Technology) proficient in Stakeholder Management, Power BI, Excel, Communication, Agile, Tableau, Requirements Gathering, Process Improvement, Data Visualization. Hands-on experience building solutions with Agile and Excel. Recognized for strong communication skills and ability to work in fast-paced, collaborative environments. Certifications: AWS Certified Associate."
RES0289,Business Analyst,5,Communication; Agile; Data Visualization; Process Improvement; Tableau; SQL; Excel; Stakeholder Management,"Business Analyst specialist with 5 years in the industry, holding a B.E. from National College. Core competencies include Communication, Agile, Data Visualization, Process Improvement, Tableau, SQL, Excel, Stakeholder Management. Led initiatives using Communication that improved key metrics, and collaborated cross-functionally leveraging Stakeholder Management. Passionate about continuous learning and staying current with industry trends. Certifications: PMP."
RES0086,Android Development,3,Java; REST API; SQLite; Jetpack Compose; Material Design,"Motivated Android Development candidate (3 years experience, B.Com, Institute of Technology) proficient in Java, REST API, SQLite, Jetpack Compose, Material Design. Hands-on experience building solutions with Jetpack Compose and Material Design. Recognized for strong communication skills and ability to work in fast-paced, collaborative environments. Certifications: AWS Certified Associate."
RES0143,Java Developer,7,Java; Hibernate; Maven; SQL; Microservices,"Motivated Java Developer candidate (7 years experience, M.Tech, National College) proficient in Java, Hibernate, Maven, SQL, Microservices. Hands-on experience building solutions with Microservices and Hibernate. Recognized for strong communication skills and ability to work in fast-paced, collaborative environments. Certifications: AWS Certified Associate."
RES0526,Graphic Designer,2,Communication; InDesign; Creativity; Figma; UI/UX; Photoshop; Illustrator; Typography; Branding,"Result-driven Graphic Designer professional with 2 years of experience. Skilled in Communication, InDesign, Creativity, Figma, UI/UX, Photoshop, Illustrator, Typography, Branding. Completed B.Tech from Institute of Technology. Worked on projects involving Photoshop and Typography, delivering measurable improvements in team efficiency and project outcomes. Strong problem-solving ability and a track record of meeting deadlines. Certifications: None."
RES0028,Data Science,11,NumPy; Data Visualization; TensorFlow; Statistics; Python; A/B Testing; Tableau,"Motivated Data Science candidate (11 years experience, B.E., Technical Institute) proficient in NumPy, Data Visualization, TensorFlow, Statistics, Python, A/B Testing, Tableau. Hands-on experience building solutions with NumPy and TensorFlow. Recognized for strong communication skills and ability to work in fast-paced, collaborative environments. Certifications: Microsoft Certified."
RES0045,Web Development,2,Express.js; HTML; Git; TypeScript; MongoDB; REST API; React; CSS; Node.js,"Web Development specialist with 2 years in the industry, holding a B.Tech from National College. Core competencies include Express.js, HTML, Git, TypeScript, MongoDB, REST API, React, CSS, Node.js. Led initiatives using React that improved key metrics, and collaborated cross-functionally leveraging REST API. Passionate about continuous learning and staying current with industry trends. Certifications: Google Certification."
RES0455,Mechanical Engineer,1,Project Management; Quality Control; Thermodynamics; Six Sigma; SolidWorks; AutoCAD; MATLAB; Manufacturing,"Result-driven Mechanical Engineer professional with 1 years of experience. Skilled in Project Management, Quality Control, Thermodynamics, Six Sigma, SolidWorks, AutoCAD, MATLAB, Manufacturing. Completed MCA from National College. Worked on projects involving Quality Control and MATLAB, delivering measurable improvements in team efficiency and project outcomes. Strong problem-solving ability and a track record of meeting deadlines. Certifications: PMP."
RES0562,Health and Fitness,8,First Aid; Communication; Client Assessment; Nutrition Planning; Exercise Physiology,"Health and Fitness specialist with 8 years in the industry, holding a BCA from Metropolitan University. Core competencies include First Aid, Communication, Client Assessment, Nutrition Planning, Exercise Physiology. Led initiatives using Communication that improved key metrics, and collaborated cross-functionally leveraging Client Assessment. Passionate about continuous learning and staying current with industry trends. Certifications: Google Certification."
RES0325,Digital Marketing,7,Marketing Strategy; Email Marketing; SEO; Copywriting; Content Marketing; Excel; Social Media,"Motivated Digital Marketing candidate (7 years experience, B.Tech, National College) proficient in Marketing Strategy, Email Marketing, SEO, Copywriting, Content Marketing, Excel, Social Media. Hands-on experience building solutions with Excel and Email Marketing. Recognized for strong communication skills and ability to work in fast-paced, collaborative environments. Certifications: AWS Certified Associate."
RES0551,Graphic Designer,9,Branding; Communication; Typography; Creativity; Figma; Illustrator,"Motivated Graphic Designer candidate (9 years experience, M.Sc, National College) proficient in Branding, Communication, Typography, Creativity, Figma, Illustrator. Hands-on experience building solutions with Creativity and Communication. Recognized for strong communication skills and ability to work in fast-paced, collaborative environments. Certifications: PMP."
RES0378,HR,7,Conflict Resolution; Employee Engagement; Recruitment; Payroll; Performance Management; Excel,"Result-driven HR professional with 7 years of experience. Skilled in Conflict Resolution, Employee Engagement, Recruitment, Payroll, Performance Management, Excel. Completed MCA from Technical Institute. Worked on projects involving Recruitment and Performance Management, delivering measurable improvements in team efficiency and project outcomes. Strong problem-solving ability and a track record of meeting deadlines. Certifications: PMP."
RES0468,Mechanical Engineer,10,AutoCAD; MATLAB; Six Sigma; Quality Control; SolidWorks; Thermodynamics; Project Management,"Motivated Mechanical Engineer candidate (10 years experience, MCA, National College) proficient in AutoCAD, MATLAB, Six Sigma, Quality Control, SolidWorks, Thermodynamics, Project Management. Hands-on experience building solutions with Project Management and MATLAB. Recognized for strong communication skills and ability to work in fast-paced, collaborative environments. Certifications: AWS Certified Associate."
RES0092,Android Development,7,Jetpack Compose; Kotlin; SQLite; REST API; MVVM; Material Design; Java; Android SDK; Git,"Motivated Android Development candidate (7 years experience, B.Tech, State University) proficient in Jetpack Compose, Kotlin, SQLite, REST API, MVVM, Material Design, Java, Android SDK, Git. Hands-on experience building solutions with Android SDK and Java. Recognized for strong communication skills and ability to work in fast-paced, collaborative environments. Certifications: PMP."
RES0038,Data Science,6,Python; Excel; Scikit-learn; Data Visualization; Pandas; Tableau,"Data Science specialist with 6 years in the industry, holding a M.Tech from City College. Core competencies include Python, Excel, Scikit-learn, Data Visualization, Pandas, Tableau. Led initiatives using Tableau that improved key metrics, and collaborated cross-functionally leveraging Data Visualization. Passionate about continuous learning and staying current with industry trends. Certifications: PMP."
RES0538,Graphic Designer,3,Illustrator; InDesign; Figma; UI/UX; Typography; Communication; Branding; Creativity,"Result-driven Graphic Designer professional with 3 years of experience. Skilled in Illustrator, InDesign, Figma, UI/UX, Typography, Communication, Branding, Creativity. Completed B.Com from Metropolitan University. Worked on projects involving Typography and Branding, delivering measurable improvements in team efficiency and project outcomes. Strong problem-solving ability and a track record of meeting deadlines. Certifications: PMP."
RES0125,Java Developer,0,Microservices; Hibernate; Spring Boot; REST API; JUnit; Java; Multithreading; Maven; Git,"Result-driven Java Developer professional with 0 years of experience. Skilled in Microservices, Hibernate, Spring Boot, REST API, JUnit, Java, Multithreading, Maven, Git. Completed BCA from National College. Worked on projects involving JUnit and Microservices, delivering measurable improvements in team efficiency and project outcomes. Strong problem-solving ability and a track record of meeting deadlines. Certifications: AWS Certified Associate."
RES0001,Data Science,11,Python; Machine Learning; Scikit-learn; Tableau; NumPy,"Data Science specialist with 11 years in the industry, holding a B.Sc from City College. Core competencies include Python, Machine Learning, Scikit-learn, Tableau, NumPy. Led initiatives using NumPy that improved key metrics, and collaborated cross-functionally leveraging Python. Passionate about continuous learning and staying current with industry trends. Certifications: Microsoft Certified."
RES0513,Civil Engineer,9,Construction Management; Surveying; Revit; Cost Estimation; Structural Analysis; Project Management,"Civil Engineer specialist with 9 years in the industry, holding a B.E. from National College. Core competencies include Construction Management, Surveying, Revit, Cost Estimation, Structural Analysis, Project Management. Led initiatives using Surveying that improved key metrics, and collaborated cross-functionally leveraging Revit. Passionate about continuous learning and staying current with industry trends. Certifications: Google Certification."
RES0465,Mechanical Engineer,7,Quality Control; Six Sigma; AutoCAD; Thermodynamics; MATLAB,"Mechanical Engineer specialist with 7 years in the industry, holding a MCA from Technical Institute. Core competencies include Quality Control, Six Sigma, AutoCAD, Thermodynamics, MATLAB. Led initiatives using Thermodynamics that improved key metrics, and collaborated cross-functionally leveraging AutoCAD. Passionate about continuous learning and staying current with industry trends. Certifications: PMP."
RES0236,DevOps Engineer,2,Git; Terraform; Ansible; Jenkins; Kubernetes; AWS,"DevOps Engineer specialist with 2 years in the industry, holding a M.Sc from City College. Core competencies include Git, Terraform, Ansible, Jenkins, Kubernetes, AWS. Led initiatives using Git that improved key metrics, and collaborated cross-functionally leveraging AWS. Passionate about continuous learning and staying current with industry trends. Certifications: AWS Certified Associate."
RES0055,Web Development,12,Node.js; React; CSS; TypeScript; JavaScript; HTML; Responsive Design,"Web Development specialist with 12 years in the industry, holding a B.E. from Institute of Technology. Core competencies include Node.js, React, CSS, TypeScript, JavaScript, HTML, Responsive Design. Led initiatives using React that improved key metrics, and collaborated cross-functionally leveraging HTML. Passionate about continuous learning and staying current with industry trends. Certifications: PMP."
RES0128,Java Developer,10,Maven; REST API; Java; Microservices; Git; Spring Boot; Hibernate; JUnit; Multithreading,"Java Developer specialist with 10 years in the industry, holding a MBA from National College. Core competencies include Maven, REST API, Java, Microservices, Git, Spring Boot, Hibernate, JUnit, Multithreading. Led initiatives using REST API that improved key metrics, and collaborated cross-functionally leveraging Spring Boot. Passionate about continuous learning and staying current with industry trends. Certifications: PMP."
RES0505,Civil Engineer,8,Revit; Cost Estimation; AutoCAD; Surveying; Structural Analysis; Project Management,"Motivated Civil Engineer candidate (8 years experience, B.Tech, National College) proficient in Revit, Cost Estimation, AutoCAD, Surveying, Structural Analysis, Project Management. Hands-on experience building solutions with Surveying and AutoCAD. Recognized for strong communication skills and ability to work in fast-paced, collaborative environments. Certifications: None."
RES0184,Python Developer,11,Celery; SQL; Docker; REST API; Git; Flask; Pandas; Django,"Result-driven Python Developer professional with 11 years of experience. Skilled in Celery, SQL, Docker, REST API, Git, Flask, Pandas, Django. Completed MCA from Metropolitan University. Worked on projects involving Docker and Flask, delivering measurable improvements in team efficiency and project outcomes. Strong problem-solving ability and a track record of meeting deadlines. Certifications: AWS Certified Associate."
RES0070,Web Development,8,MongoDB; Express.js; JavaScript; Git; CSS; Node.js,"Motivated Web Development candidate (8 years experience, B.E., State University) proficient in MongoDB, Express.js, JavaScript, Git, CSS, Node.js. Hands-on experience building solutions with JavaScript and Git. Recognized for strong communication skills and ability to work in fast-paced, collaborative environments. Certifications: AWS Certified Associate."
RES0385,HR,12,Performance Management; HRIS; Employee Engagement; Conflict Resolution; Payroll,"Result-driven HR professional with 12 years of experience. Skilled in Performance Management, HRIS, Employee Engagement, Conflict Resolution, Payroll. Completed MCA from National College. Worked on projects involving Conflict Resolution and Performance Management, delivering measurable improvements in team efficiency and project outcomes. Strong problem-solving ability and a track record of meeting deadlines. Certifications: AWS Certified Associate."
RES0476,Mechanical Engineer,2,SolidWorks; MATLAB; Manufacturing; Thermodynamics; Project Management; Quality Control; Six Sigma; AutoCAD,"Mechanical Engineer specialist with 2 years in the industry, holding a B.Sc from National College. Core competencies include SolidWorks, MATLAB, Manufacturing, Thermodynamics, Project Management, Quality Control, Six Sigma, AutoCAD. Led initiatives using SolidWorks that improved key metrics, and collaborated cross-functionally leveraging Thermodynamics. Passionate about continuous learning and staying current with industry trends. Certifications: PMP."
RES0027,Data Science,1,Scikit-learn; A/B Testing; Machine Learning; TensorFlow; Data Visualization; NumPy; Python,"Result-driven Data Science professional with 1 years of experience. Skilled in Scikit-learn, A/B Testing, Machine Learning, TensorFlow, Data Visualization, NumPy, Python. Completed BCA from National College. Worked on projects involving Scikit-learn and Python, delivering measurable improvements in team efficiency and project outcomes. Strong problem-solving ability and a track record of meeting deadlines. Certifications: AWS Certified Associate."
RES0406,Sales,5,Client Relationship Management; Cold Calling; Negotiation; Lead Generation; CRM,"Motivated Sales candidate (5 years experience, B.Com, City College) proficient in Client Relationship Management, Cold Calling, Negotiation, Lead Generation, CRM. Hands-on experience building solutions with Cold Calling and CRM. Recognized for strong communication skills and ability to work in fast-paced, collaborative environments. Certifications: Coursera Professional Certificate."
RES0253,Network Security Engineer,6,IDS/IPS; Python; Risk Assessment; SIEM; Network Protocols; Vulnerability Assessment; Cryptography,"Result-driven Network Security Engineer professional with 6 years of experience. Skilled in IDS/IPS, Python, Risk Assessment, SIEM, Network Protocols, Vulnerability Assessment, Cryptography. Completed M.Sc from Institute of Technology. Worked on projects involving IDS/IPS and Risk Assessment, delivering measurable improvements in team efficiency and project outcomes. Strong problem-solving ability and a track record of meeting deadlines. Certifications: Microsoft Certified."
RES0011,Data Science,8,TensorFlow; NumPy; Excel; Pandas; Machine Learning; Statistics; SQL,"Motivated Data Science candidate (8 years experience, M.Tech, Institute of Technology) proficient in TensorFlow, NumPy, Excel, Pandas, Machine Learning, Statistics, SQL. Hands-on experience building solutions with Excel and NumPy. Recognized for strong communication skills and ability to work in fast-paced, collaborative environments. Certifications: Microsoft Certified."
RES0058,Web Development,7,Node.js; MongoDB; CSS; Express.js; React,"Motivated Web Development candidate (7 years experience, B.Sc, Technical Institute) proficient in Node.js, MongoDB, CSS, Express.js, React. Hands-on experience building solutions with Node.js and MongoDB. Recognized for strong communication skills and ability to work in fast-paced, collaborative environments. Certifications: Google Certification."
RES0119,Android Development,5,Material Design; Android SDK; Firebase; Jetpack Compose; REST API; Kotlin; MVVM; Java; Git,"Result-driven Android Development professional with 5 years of experience. Skilled in Material Design, Android SDK, Firebase, Jetpack Compose, REST API, Kotlin, MVVM, Java, Git. Completed B.Com from State University. Worked on projects involving Git and Android SDK, delivering measurable improvements in team efficiency and project outcomes. Strong problem-solving ability and a track record of meeting deadlines. Certifications: AWS Certified Associate."
RES0390,HR,2,Performance Management; Employee Engagement; Conflict Resolution; Recruitment; Onboarding,"Result-driven HR professional with 2 years of experience. Skilled in Performance Management, Employee Engagement, Conflict Resolution, Recruitment, Onboarding. Completed MCA from State University. Worked on projects involving Onboarding and Conflict Resolution, delivering measurable improvements in team efficiency and project outcomes. Strong problem-solving ability and a track record of meeting deadlines. Certifications: None."
RES0248,Network Security Engineer,12,Python; Linux; Penetration Testing; Risk Assessment; Firewalls; IDS/IPS; Vulnerability Assessment; Cryptography; SIEM,"Motivated Network Security Engineer candidate (12 years experience, M.Tech, Institute of Technology) proficient in Python, Linux, Penetration Testing, Risk Assessment, Firewalls, IDS/IPS, Vulnerability Assessment, Cryptography, SIEM. Hands-on experience building solutions with Risk Assessment and Vulnerability Assessment. Recognized for strong communication skills and ability to work in fast-paced, collaborative environments. Certifications: AWS Certified Associate."
RES0524,Graphic Designer,3,Typography; Communication; Photoshop; Figma; Creativity; Branding; Illustrator; UI/UX,"Motivated Graphic Designer candidate (3 years experience, B.Tech, State University) proficient in Typography, Communication, Photoshop, Figma, Creativity, Branding, Illustrator, UI/UX. Hands-on experience building solutions with Photoshop and UI/UX. Recognized for strong communication skills and ability to work in fast-paced, collaborative environments. Certifications: AWS Certified Associate."
RES0101,Android Development,0,Java; Android SDK; MVVM; Material Design; REST API,"Motivated Android Development candidate (0 years experience, B.Sc, National College) proficient in Java, Android SDK, MVVM, Material Design, REST API. Hands-on experience building solutions with Material Design and REST API. Recognized for strong communication skills and ability to work in fast-paced, collaborative environments. Certifications: PMP."
RES0594,Health and Fitness,7,First Aid; Nutrition Planning; Program Design; Exercise Physiology; Client Assessment,"Motivated Health and Fitness candidate (7 years experience, MCA, City College) proficient in First Aid, Nutrition Planning, Program Design, Exercise Physiology, Client Assessment. Hands-on experience building solutions with Exercise Physiology and Client Assessment. Recognized for strong communication skills and ability to work in fast-paced, collaborative environments. Certifications: AWS Certified Associate."
RES0439,Sales,10,CRM; Lead Generation; Sales Strategy; Client Relationship Management; Excel; Negotiation; Communication,"Motivated Sales candidate (10 years experience, MBA, National College) proficient in CRM, Lead Generation, Sales Strategy, Client Relationship Management, Excel, Negotiation, Communication. Hands-on experience building solutions with Client Relationship Management and Negotiation. Recognized for strong communication skills and ability to work in fast-paced, collaborative environments. Certifications: Microsoft Certified."
RES0351,Digital Marketing,0,Social Media; Google Analytics; Email Marketing; Communication; Excel; Copywriting; Content Marketing; SEO,"Digital Marketing specialist with 0 years in the industry, holding a B.Tech from Technical Institute. Core competencies include Social Media, Google Analytics, Email Marketing, Communication, Excel, Copywriting, Content Marketing, SEO. Led initiatives using Google Analytics that improved key metrics, and collaborated cross-functionally leveraging Excel. Passionate about continuous learning and staying current with industry trends. Certifications: Coursera Professional Certificate."
RES0492,Civil Engineer,12,Revit; Construction Management; Surveying; AutoCAD; Project Management,"Result-driven Civil Engineer professional with 12 years of experience. Skilled in Revit, Construction Management, Surveying, AutoCAD, Project Management. Completed M.Sc from National College. Worked on projects involving AutoCAD and Revit, delivering measurable improvements in team efficiency and project outcomes. Strong problem-solving ability and a track record of meeting deadlines. Certifications: Microsoft Certified."
RES0013,Data Science,2,Excel; Data Visualization; Pandas; TensorFlow; NumPy,"Motivated Data Science candidate (2 years experience, MCA, Technical Institute) proficient in Excel, Data Visualization, Pandas, TensorFlow, NumPy. Hands-on experience building solutions with Data Visualization and Pandas. Recognized for strong communication skills and ability to work in fast-paced, collaborative environments. Certifications: Microsoft Certified."
RES0591,Health and Fitness,4,First Aid; CPR Certified; Nutrition Planning; Program Design; Client Assessment; Exercise Physiology; Communication,"Motivated Health and Fitness candidate (4 years experience, B.Sc, Technical Institute) proficient in First Aid, CPR Certified, Nutrition Planning, Program Design, Client Assessment, Exercise Physiology, Communication. Hands-on experience building solutions with First Aid and Communication. Recognized for strong communication skills and ability to work in fast-paced, collaborative environments. Certifications: None."
RES0338,Digital Marketing,12,Copywriting; Social Media; SEO; Email Marketing; Content Marketing; Excel; Marketing Strategy; PPC,"Motivated Digital Marketing candidate (12 years experience, B.E., National College) proficient in Copywriting, Social Media, SEO, Email Marketing, Content Marketing, Excel, Marketing Strategy, PPC. Hands-on experience building solutions with Marketing Strategy and Social Media. Recognized for strong communication skills and ability to work in fast-paced, collaborative environments. Certifications: Microsoft Certified."
RES0508,Civil Engineer,8,Cost Estimation; Surveying; Structural Analysis; Revit; Construction Management; Project Management; AutoCAD,"Civil Engineer specialist with 8 years in the industry, holding a BCA from National College. Core competencies include Cost Estimation, Surveying, Structural Analysis, Revit, Construction Management, Project Management, AutoCAD. Led initiatives using Cost Estimation that improved key metrics, and collaborated cross-functionally leveraging AutoCAD. Passionate about continuous learning and staying current with industry trends. Certifications: AWS Certified Associate."
RES0321,Digital Marketing,0,Copywriting; Email Marketing; SEO; Content Marketing; Social Media; Google Analytics,"Motivated Digital Marketing candidate (0 years experience, B.E., National College) proficient in Copywriting, Email Marketing, SEO, Content Marketing, Social Media, Google Analytics. Hands-on experience building solutions with Social Media and Copywriting. Recognized for strong communication skills and ability to work in fast-paced, collaborative environments. Certifications: None."
RES0509,Civil Engineer,7,Construction Management; Surveying; Revit; AutoCAD; Structural Analysis; Project Management,"Civil Engineer specialist with 7 years in the industry, holding a MBA from City College. Core competencies include Construction Management, Surveying, Revit, AutoCAD, Structural Analysis, Project Management. Led initiatives using Project Management that improved key metrics, and collaborated cross-functionally leveraging Construction Management. Passionate about continuous learning and staying current with industry trends. Certifications: Google Certification."
RES0360,Digital Marketing,6,Email Marketing; PPC; Google Analytics; Excel; Copywriting; Content Marketing; Marketing Strategy; Social Media; Communication,"Digital Marketing specialist with 6 years in the industry, holding a MCA from Institute of Technology. Core competencies include Email Marketing, PPC, Google Analytics, Excel, Copywriting, Content Marketing, Marketing Strategy, Social Media, Communication. Led initiatives using Content Marketing that improved key metrics, and collaborated cross-functionally leveraging Social Media. Passionate about continuous learning and staying current with industry trends. Certifications: None."
RES0197,Python Developer,6,Unit Testing; Pandas; Django; Python; Celery; Flask; Git; REST API; Docker,"Motivated Python Developer candidate (6 years experience, B.Tech, National College) proficient in Unit Testing, Pandas, Django, Python, Celery, Flask, Git, REST API, Docker. Hands-on experience building solutions with Git and Docker. Recognized for strong communication skills and ability to work in fast-paced, collaborative environments. Certifications: Coursera Professional Certificate."
RES0352,Digital Marketing,10,PPC; Excel; Copywriting; SEO; Google Analytics; Social Media,"Digital Marketing specialist with 10 years in the industry, holding a M.Sc from National College. Core competencies include PPC, Excel, Copywriting, SEO, Google Analytics, Social Media. Led initiatives using Google Analytics that improved key metrics, and collaborated cross-functionally leveraging SEO. Passionate about continuous learning and staying current with industry trends. Certifications: Microsoft Certified."
RES0123,Java Developer,3,REST API; SQL; Multithreading; Java; Microservices,"Result-driven Java Developer professional with 3 years of experience. Skilled in REST API, SQL, Multithreading, Java, Microservices. Completed BCA from City College. Worked on projects involving Microservices and Java, delivering measurable improvements in team efficiency and project outcomes. Strong problem-solving ability and a track record of meeting deadlines. Certifications: Coursera Professional Certificate."
RES0004,Data Science,4,Python; Data Visualization; TensorFlow; Pandas; Statistics; Excel; Machine Learning,"Result-driven Data Science professional with 4 years of experience. Skilled in Python, Data Visualization, TensorFlow, Pandas, Statistics, Excel, Machine Learning. Completed MBA from Technical Institute. Worked on projects involving Data Visualization and Excel, delivering measurable improvements in team efficiency and project outcomes. Strong problem-solving ability and a track record of meeting deadlines. Certifications: Coursera Professional Certificate."
RES0592,Health and Fitness,11,Exercise Physiology; CPR Certified; First Aid; Nutrition Planning; Communication; Program Design,"Health and Fitness specialist with 11 years in the industry, holding a M.Sc from National College. Core competencies include Exercise Physiology, CPR Certified, First Aid, Nutrition Planning, Communication, Program Design. Led initiatives using Communication that improved key metrics, and collaborated cross-functionally leveraging Nutrition Planning. Passionate about continuous learning and staying current with industry trends. Certifications: None."
RES0009,Data Science,9,Python; Pandas; NumPy; Tableau; Statistics,"Data Science specialist with 9 years in the industry, holding a B.Sc from Metropolitan University. Core competencies include Python, Pandas, NumPy, Tableau, Statistics. Led initiatives using Tableau that improved key metrics, and collaborated cross-functionally leveraging Statistics. Passionate about continuous learning and staying current with industry trends. Certifications: Microsoft Certified."
RES0444,Mechanical Engineer,2,SolidWorks; Manufacturing; Quality Control; AutoCAD; Project Management; Thermodynamics,"Mechanical Engineer specialist with 2 years in the industry, holding a M.Tech from National College. Core competencies include SolidWorks, Manufacturing, Quality Control, AutoCAD, Project Management, Thermodynamics. Led initiatives using AutoCAD that improved key metrics, and collaborated cross-functionally leveraging Project Management. Passionate about continuous learning and staying current with industry trends. Certifications: AWS Certified Associate."
RES0291,Business Analyst,3,Excel; Communication; Requirements Gathering; Tableau; Data Visualization; Process Improvement; Power BI; Agile,"Result-driven Business Analyst professional with 3 years of experience. Skilled in Excel, Communication, Requirements Gathering, Tableau, Data Visualization, Process Improvement, Power BI, Agile. Completed B.Tech from City College. Worked on projects involving Excel and Process Improvement, delivering measurable improvements in team efficiency and project outcomes. Strong problem-solving ability and a track record of meeting deadlines. Certifications: None."
RES0237,DevOps Engineer,5,Ansible; Kubernetes; Jenkins; Monitoring; CI/CD; Linux; Shell Scripting,"DevOps Engineer specialist with 5 years in the industry, holding a B.Tech from Metropolitan University. Core competencies include Ansible, Kubernetes, Jenkins, Monitoring, CI/CD, Linux, Shell Scripting. Led initiatives using Shell Scripting that improved key metrics, and collaborated cross-functionally leveraging CI/CD. Passionate about continuous learning and staying current with industry trends. Certifications: Google Certification."
RES0041,Web Development,1,Node.js; React; Responsive Design; MongoDB; REST API; CSS; JavaScript; TypeScript,"Motivated Web Development candidate (1 years experience, M.Sc, Institute of Technology) proficient in Node.js, React, Responsive Design, MongoDB, REST API, CSS, JavaScript, TypeScript. Hands-on experience building solutions with REST API and Responsive Design. Recognized for strong communication skills and ability to work in fast-paced, collaborative environments. Certifications: AWS Certified Associate."
RES0008,Data Science,9,NumPy; Machine Learning; Excel; Scikit-learn; A/B Testing; SQL; Data Visualization; TensorFlow,"Data Science specialist with 9 years in the industry, holding a BCA from National College. Core competencies include NumPy, Machine Learning, Excel, Scikit-learn, A/B Testing, SQL, Data Visualization, TensorFlow. Led initiatives using Scikit-learn that improved key metrics, and collaborated cross-functionally leveraging Machine Learning. Passionate about continuous learning and staying current with industry trends. Certifications: Microsoft Certified."
RES0069,Web Development,4,Git; CSS; React; TypeScript; Express.js; HTML; MongoDB; Responsive Design; JavaScript,"Web Development specialist with 4 years in the industry, holding a B.Com from City College. Core competencies include Git, CSS, React, TypeScript, Express.js, HTML, MongoDB, Responsive Design, JavaScript. Led initiatives using Express.js that improved key metrics, and collaborated cross-functionally leveraging MongoDB. Passionate about continuous learning and staying current with industry trends. Certifications: PMP."
RES0336,Digital Marketing,7,PPC; Communication; Marketing Strategy; Social Media; Content Marketing; Copywriting,"Digital Marketing specialist with 7 years in the industry, holding a B.Com from State University. Core competencies include PPC, Communication, Marketing Strategy, Social Media, Content Marketing, Copywriting. Led initiatives using Communication that improved key metrics, and collaborated cross-functionally leveraging Content Marketing. Passionate about continuous learning and staying current with industry trends. Certifications: Coursera Professional Certificate."
RES0599,Health and Fitness,11,Client Assessment; Nutrition Planning; First Aid; Communication; Exercise Physiology; CPR Certified; Program Design,"Health and Fitness specialist with 11 years in the industry, holding a B.Tech from Technical Institute. Core competencies include Client Assessment, Nutrition Planning, First Aid, Communication, Exercise Physiology, CPR Certified, Program Design. Led initiatives using Client Assessment that improved key metrics, and collaborated cross-functionally leveraging Communication. Passionate about continuous learning and staying current with industry trends. Certifications: Microsoft Certified."
RES0255,Network Security Engineer,2,Python; Firewalls; Linux; Network Protocols; IDS/IPS; SIEM; Penetration Testing,"Network Security Engineer specialist with 2 years in the industry, holding a M.Tech from Technical Institute. Core competencies include Python, Firewalls, Linux, Network Protocols, IDS/IPS, SIEM, Penetration Testing. Led initiatives using Linux that improved key metrics, and collaborated cross-functionally leveraging SIEM. Passionate about continuous learning and staying current with industry trends. Certifications: None."
RES0131,Java Developer,9,Maven; Git; Multithreading; Java; JUnit; Hibernate,"Motivated Java Developer candidate (9 years experience, BCA, National College) proficient in Maven, Git, Multithreading, Java, JUnit, Hibernate. Hands-on experience building solutions with Hibernate and Maven. Recognized for strong communication skills and ability to work in fast-paced, collaborative environments. Certifications: Coursera Professional Certificate."
RES0347,Digital Marketing,3,Google Analytics; Social Media; Communication; Email Marketing; Marketing Strategy; PPC; Copywriting,"Motivated Digital Marketing candidate (3 years experience, BCA, Technical Institute) proficient in Google Analytics, Social Media, Communication, Email Marketing, Marketing Strategy, PPC, Copywriting. Hands-on experience building solutions with Social Media and Marketing Strategy. Recognized for strong communication skills and ability to work in fast-paced, collaborative environments. Certifications: Google Certification."
RES0286,Business Analyst,11,Process Improvement; Data Visualization; Stakeholder Management; Excel; Requirements Gathering; SQL,"Business Analyst specialist with 11 years in the industry, holding a M.Sc from City College. Core competencies include Process Improvement, Data Visualization, Stakeholder Management, Excel, Requirements Gathering, SQL. Led initiatives using Requirements Gathering that improved key metrics, and collaborated cross-functionally leveraging Data Visualization. Passionate about continuous learning and staying current with industry trends. Certifications: None."
RES0292,Business Analyst,9,Tableau; Stakeholder Management; Data Visualization; Excel; Requirements Gathering; Process Improvement,"Business Analyst specialist with 9 years in the industry, holding a M.Sc from Institute of Technology. Core competencies include Tableau, Stakeholder Management, Data Visualization, Excel, Requirements Gathering, Process Improvement. Led initiatives using Tableau that improved key metrics, and collaborated cross-functionally leveraging Process Improvement. Passionate about continuous learning and staying current with industry trends. Certifications: AWS Certified Associate."
RES0545,Graphic Designer,2,Communication; Branding; InDesign; UI/UX; Creativity; Typography; Photoshop; Figma,"Graphic Designer specialist with 2 years in the industry, holding a B.Com from City College. Core competencies include Communication, Branding, InDesign, UI/UX, Creativity, Typography, Photoshop, Figma. Led initiatives using Creativity that improved key metrics, and collaborated cross-functionally leveraging Typography. Passionate about continuous learning and staying current with industry trends. Certifications: Google Certification."
RES0428,Sales,8,CRM; Negotiation; Sales Strategy; Communication; Lead Generation; Excel,"Sales specialist with 8 years in the industry, holding a BCA from City College. Core competencies include CRM, Negotiation, Sales Strategy, Communication, Lead Generation, Excel. Led initiatives using Lead Generation that improved key metrics, and collaborated cross-functionally leveraging Excel. Passionate about continuous learning and staying current with industry trends. Certifications: Google Certification."
RES0517,Civil Engineer,11,Cost Estimation; Structural Analysis; Construction Management; Project Management; AutoCAD; Surveying,"Civil Engineer specialist with 11 years in the industry, holding a B.Com from Technical Institute. Core competencies include Cost Estimation, Structural Analysis, Construction Management, Project Management, AutoCAD, Surveying. Led initiatives using Construction Management that improved key metrics, and collaborated cross-functionally leveraging Surveying. Passionate about continuous learning and staying current with industry trends. Certifications: PMP."
RES0097,Android Development,9,Material Design; Java; REST API; SQLite; Android SDK; Git; MVVM,"Result-driven Android Development professional with 9 years of experience. Skilled in Material Design, Java, REST API, SQLite, Android SDK, Git, MVVM. Completed B.Com from Institute of Technology. Worked on projects involving Java and Git, delivering measurable improvements in team efficiency and project outcomes. Strong problem-solving ability and a track record of meeting deadlines. Certifications: PMP."
RES0306,Business Analyst,1,Process Improvement; Requirements Gathering; Power BI; Communication; SQL,"Business Analyst specialist with 1 years in the industry, holding a MCA from Metropolitan University. Core competencies include Process Improvement, Requirements Gathering, Power BI, Communication, SQL. Led initiatives using SQL that improved key metrics, and collaborated cross-functionally leveraging Communication. Passionate about continuous learning and staying current with industry trends. Certifications: Coursera Professional Certificate."
RES0246,Network Security Engineer,7,Cryptography; Penetration Testing; Vulnerability Assessment; Risk Assessment; Python; Linux; SIEM,"Network Security Engineer specialist with 7 years in the industry, holding a M.Sc from State University. Core competencies include Cryptography, Penetration Testing, Vulnerability Assessment, Risk Assessment, Python, Linux, SIEM. Led initiatives using Cryptography that improved key metrics, and collaborated cross-functionally leveraging Penetration Testing. Passionate about continuous learning and staying current with industry trends. Certifications: None."
RES0430,Sales,0,Lead Generation; Negotiation; CRM; Excel; Sales Strategy; Cold Calling; Client Relationship Management,"Result-driven Sales professional with 0 years of experience. Skilled in Lead Generation, Negotiation, CRM, Excel, Sales Strategy, Cold Calling, Client Relationship Management. Completed MCA from Metropolitan University. Worked on projects involving Client Relationship Management and Excel, delivering measurable improvements in team efficiency and project outcomes. Strong problem-solving ability and a track record of meeting deadlines. Certifications: Microsoft Certified."
RES0240,DevOps Engineer,7,Shell Scripting; Docker; AWS; CI/CD; Linux; Jenkins; Monitoring; Git; Terraform,"DevOps Engineer specialist with 7 years in the industry, holding a M.Sc from National College. Core competencies include Shell Scripting, Docker, AWS, CI/CD, Linux, Jenkins, Monitoring, Git, Terraform. Led initiatives using Jenkins that improved key metrics, and collaborated cross-functionally leveraging Docker. Passionate about continuous learning and staying current with industry trends. Certifications: Microsoft Certified."
RES0332,Digital Marketing,3,Social Media; Excel; Content Marketing; Google Analytics; Marketing Strategy; PPC; Communication,"Motivated Digital Marketing candidate (3 years experience, B.Sc, Institute of Technology) proficient in Social Media, Excel, Content Marketing, Google Analytics, Marketing Strategy, PPC, Communication. Hands-on experience building solutions with PPC and Marketing Strategy. Recognized for strong communication skills and ability to work in fast-paced, collaborative environments. Certifications: Coursera Professional Certificate."
RES0164,Python Developer,0,Flask; Celery; Docker; Unit Testing; Django,"Python Developer specialist with 0 years in the industry, holding a M.Sc from Metropolitan University. Core competencies include Flask, Celery, Docker, Unit Testing, Django. Led initiatives using Celery that improved key metrics, and collaborated cross-functionally leveraging Unit Testing. Passionate about continuous learning and staying current with industry trends. Certifications: AWS Certified Associate."
RES0597,Health and Fitness,7,First Aid; Nutrition Planning; Program Design; Exercise Physiology; Communication; CPR Certified,"Result-driven Health and Fitness professional with 7 years of experience. Skilled in First Aid, Nutrition Planning, Program Design, Exercise Physiology, Communication, CPR Certified. Completed MCA from State University. Worked on projects involving Exercise Physiology and Communication, delivering measurable improvements in team efficiency and project outcomes. Strong problem-solving ability and a track record of meeting deadlines. Certifications: Google Certification."
RES0077,Web Development,9,Express.js; Git; JavaScript; Responsive Design; CSS; HTML,"Motivated Web Development candidate (9 years experience, BCA, Technical Institute) proficient in Express.js, Git, JavaScript, Responsive Design, CSS, HTML. Hands-on experience building solutions with HTML and Git. Recognized for strong communication skills and ability to work in fast-paced, collaborative environments. Certifications: PMP."
RES0429,Sales,12,Negotiation; Sales Strategy; CRM; Lead Generation; Excel; Cold Calling; Client Relationship Management; Communication,"Sales specialist with 12 years in the industry, holding a B.Tech from Metropolitan University. Core competencies include Negotiation, Sales Strategy, CRM, Lead Generation, Excel, Cold Calling, Client Relationship Management, Communication. Led initiatives using Excel that improved key metrics, and collaborated cross-functionally leveraging CRM. Passionate about continuous learning and staying current with industry trends. Certifications: None."
RES0572,Health and Fitness,11,First Aid; Nutrition Planning; Exercise Physiology; Communication; Program Design; CPR Certified; Client Assessment,"Motivated Health and Fitness candidate (11 years experience, MCA, Metropolitan University) proficient in First Aid, Nutrition Planning, Exercise Physiology, Communication, Program Design, CPR Certified, Client Assessment. Hands-on experience building solutions with Nutrition Planning and Communication. Recognized for strong communication skills and ability to work in fast-paced, collaborative environments. Certifications: Google Certification."
RES0457,Mechanical Engineer,6,Thermodynamics; MATLAB; SolidWorks; Manufacturing; Six Sigma,"Motivated Mechanical Engineer candidate (6 years experience, MCA, Institute of Technology) proficient in Thermodynamics, MATLAB, SolidWorks, Manufacturing, Six Sigma. Hands-on experience building solutions with MATLAB and SolidWorks. Recognized for strong communication skills and ability to work in fast-paced, collaborative environments. Certifications: AWS Certified Associate."
RES0245,Network Security Engineer,12,Vulnerability Assessment; IDS/IPS; Network Protocols; Penetration Testing; Firewalls; Cryptography; Python,"Network Security Engineer specialist with 12 years in the industry, holding a B.Sc from Institute of Technology. Core competencies include Vulnerability Assessment, IDS/IPS, Network Protocols, Penetration Testing, Firewalls, Cryptography, Python. Led initiatives using Vulnerability Assessment that improved key metrics, and collaborated cross-functionally leveraging IDS/IPS. Passionate about continuous learning and staying current with industry trends. Certifications: PMP."
RES0482,Civil Engineer,6,Construction Management; Revit; Structural Analysis; Project Management; Cost Estimation,"Motivated Civil Engineer candidate (6 years experience, B.Sc, City College) proficient in Construction Management, Revit, Structural Analysis, Project Management, Cost Estimation. Hands-on experience building solutions with Structural Analysis and Project Management. Recognized for strong communication skills and ability to work in fast-paced, collaborative environments. Certifications: Coursera Professional Certificate."
RES0219,DevOps Engineer,12,AWS; Terraform; Jenkins; Ansible; Git; Shell Scripting; Linux; Docker; CI/CD,"Result-driven DevOps Engineer professional with 12 years of experience. Skilled in AWS, Terraform, Jenkins, Ansible, Git, Shell Scripting, Linux, Docker, CI/CD. Completed BCA from State University. Worked on projects involving Git and Jenkins, delivering measurable improvements in team efficiency and project outcomes. Strong problem-solving ability and a track record of meeting deadlines. Certifications: None."
RES0239,DevOps Engineer,11,AWS; Shell Scripting; Docker; Linux; Kubernetes; Monitoring; Git; CI/CD,"Result-driven DevOps Engineer professional with 11 years of experience. Skilled in AWS, Shell Scripting, Docker, Linux, Kubernetes, Monitoring, Git, CI/CD. Completed MBA from National College. Worked on projects involving Shell Scripting and Kubernetes, delivering measurable improvements in team efficiency and project outcomes. Strong problem-solving ability and a track record of meeting deadlines. Certifications: AWS Certified Associate."
RES0297,Business Analyst,9,Stakeholder Management; SQL; Process Improvement; Requirements Gathering; Agile,"Motivated Business Analyst candidate (9 years experience, M.Tech, National College) proficient in Stakeholder Management, SQL, Process Improvement, Requirements Gathering, Agile. Hands-on experience building solutions with Agile and SQL. Recognized for strong communication skills and ability to work in fast-paced, collaborative environments. Certifications: AWS Certified Associate."
RES0327,Digital Marketing,1,Google Analytics; Content Marketing; SEO; Social Media; PPC; Marketing Strategy; Communication; Excel,"Motivated Digital Marketing candidate (1 years experience, B.Tech, Institute of Technology) proficient in Google Analytics, Content Marketing, SEO, Social Media, PPC, Marketing Strategy, Communication, Excel. Hands-on experience building solutions with PPC and Excel. Recognized for strong communication skills and ability to work in fast-paced, collaborative environments. Certifications: Coursera Professional Certificate."
RES0595,Health and Fitness,0,Client Assessment; Program Design; First Aid; CPR Certified; Nutrition Planning; Communication; Exercise Physiology,"Result-driven Health and Fitness professional with 0 years of experience. Skilled in Client Assessment, Program Design, First Aid, CPR Certified, Nutrition Planning, Communication, Exercise Physiology. Completed M.Tech from State University. Worked on projects involving Exercise Physiology and Client Assessment, delivering measurable improvements in team efficiency and project outcomes. Strong problem-solving ability and a track record of meeting deadlines. Certifications: None."
RES0167,Python Developer,11,Unit Testing; SQL; Celery; Git; REST API; Python; Docker; Flask,"Motivated Python Developer candidate (11 years experience, MBA, State University) proficient in Unit Testing, SQL, Celery, Git, REST API, Python, Docker, Flask. Hands-on experience building solutions with SQL and Unit Testing. Recognized for strong communication skills and ability to work in fast-paced, collaborative environments. Certifications: Microsoft Certified."
RES0376,HR,7,Onboarding; HRIS; Conflict Resolution; Performance Management; Recruitment; Excel; Communication,"Result-driven HR professional with 7 years of experience. Skilled in Onboarding, HRIS, Conflict Resolution, Performance Management, Recruitment, Excel, Communication. Completed B.Com from State University. Worked on projects involving Onboarding and Performance Management, delivering measurable improvements in team efficiency and project outcomes. Strong problem-solving ability and a track record of meeting deadlines. Certifications: Microsoft Certified."
RES0037,Data Science,10,TensorFlow; Data Visualization; NumPy; Pandas; Machine Learning; A/B Testing,"Result-driven Data Science professional with 10 years of experience. Skilled in TensorFlow, Data Visualization, NumPy, Pandas, Machine Learning, A/B Testing. Completed MBA from State University. Worked on projects involving Data Visualization and NumPy, delivering measurable improvements in team efficiency and project outcomes. Strong problem-solving ability and a track record of meeting deadlines. Certifications: Google Certification."
RES0278,Network Security Engineer,0,Risk Assessment; Firewalls; SIEM; Penetration Testing; Cryptography; Python; Vulnerability Assessment; Network Protocols; Linux,"Network Security Engineer specialist with 0 years in the industry, holding a MBA from City College. Core competencies include Risk Assessment, Firewalls, SIEM, Penetration Testing, Cryptography, Python, Vulnerability Assessment, Network Protocols, Linux. Led initiatives using Penetration Testing that improved key metrics, and collaborated cross-functionally leveraging Cryptography. Passionate about continuous learning and staying current with industry trends. Certifications: AWS Certified Associate."
RES0414,Sales,10,Negotiation; Cold Calling; Communication; Lead Generation; Client Relationship Management; Sales Strategy; Excel; CRM,"Result-driven Sales professional with 10 years of experience. Skilled in Negotiation, Cold Calling, Communication, Lead Generation, Client Relationship Management, Sales Strategy, Excel, CRM. Completed BCA from Institute of Technology. Worked on projects involving Excel and Client Relationship Management, delivering measurable improvements in team efficiency and project outcomes. Strong problem-solving ability and a track record of meeting deadlines. Certifications: None."
RES0530,Graphic Designer,2,Creativity; Illustrator; UI/UX; InDesign; Photoshop; Typography,"Graphic Designer specialist with 2 years in the industry, holding a B.Tech from Metropolitan University. Core competencies include Creativity, Illustrator, UI/UX, InDesign, Photoshop, Typography. Led initiatives using UI/UX that improved key metrics, and collaborated cross-functionally leveraging Typography. Passionate about continuous learning and staying current with industry trends. Certifications: None."
RES0026,Data Science,8,A/B Testing; Pandas; NumPy; Machine Learning; Excel; Python; SQL,"Motivated Data Science candidate (8 years experience, B.E., National College) proficient in A/B Testing, Pandas, NumPy, Machine Learning, Excel, Python, SQL. Hands-on experience building solutions with NumPy and Excel. Recognized for strong communication skills and ability to work in fast-paced, collaborative environments. Certifications: Google Certification."
RES0458,Mechanical Engineer,2,Project Management; MATLAB; Thermodynamics; AutoCAD; Quality Control; Six Sigma; SolidWorks,"Result-driven Mechanical Engineer professional with 2 years of experience. Skilled in Project Management, MATLAB, Thermodynamics, AutoCAD, Quality Control, Six Sigma, SolidWorks. Completed M.Sc from State University. Worked on projects involving Thermodynamics and Quality Control, delivering measurable improvements in team efficiency and project outcomes. Strong problem-solving ability and a track record of meeting deadlines. Certifications: Coursera Professional Certificate."
RES0024,Data Science,1,A/B Testing; Excel; Machine Learning; Data Visualization; SQL; Statistics,"Result-driven Data Science professional with 1 years of experience. Skilled in A/B Testing, Excel, Machine Learning, Data Visualization, SQL, Statistics. Completed B.Tech from Metropolitan University. Worked on projects involving SQL and Statistics, delivering measurable improvements in team efficiency and project outcomes. Strong problem-solving ability and a track record of meeting deadlines. Certifications: Coursera Professional Certificate."
RES0309,Business Analyst,5,Agile; SQL; Process Improvement; Power BI; Tableau; Communication; Excel,"Motivated Business Analyst candidate (5 years experience, MBA, City College) proficient in Agile, SQL, Process Improvement, Power BI, Tableau, Communication, Excel. Hands-on experience building solutions with Excel and Process Improvement. Recognized for strong communication skills and ability to work in fast-paced, collaborative environments. Certifications: Microsoft Certified."
RES0098,Android Development,9,Git; MVVM; Jetpack Compose; Java; Android SDK,"Motivated Android Development candidate (9 years experience, M.Tech, Metropolitan University) proficient in Git, MVVM, Jetpack Compose, Java, Android SDK. Hands-on experience building solutions with Android SDK and Git. Recognized for strong communication skills and ability to work in fast-paced, collaborative environments. Certifications: Microsoft Certified."
RES0393,HR,1,HRIS; Employee Engagement; Excel; Performance Management; Communication; Conflict Resolution; Onboarding; Recruitment,"Motivated HR candidate (1 years experience, B.Com, Institute of Technology) proficient in HRIS, Employee Engagement, Excel, Performance Management, Communication, Conflict Resolution, Onboarding, Recruitment. Hands-on experience building solutions with Recruitment and Excel. Recognized for strong communication skills and ability to work in fast-paced, collaborative environments. Certifications: AWS Certified Associate."
RES0319,Business Analyst,12,Excel; Communication; Stakeholder Management; SQL; Agile; Requirements Gathering; Power BI; Data Visualization; Tableau,"Business Analyst specialist with 12 years in the industry, holding a B.Com from City College. Core competencies include Excel, Communication, Stakeholder Management, SQL, Agile, Requirements Gathering, Power BI, Data Visualization, Tableau. Led initiatives using SQL that improved key metrics, and collaborated cross-functionally leveraging Tableau. Passionate about continuous learning and staying current with industry trends. Certifications: AWS Certified Associate."
RES0221,DevOps Engineer,7,Linux; Ansible; Jenkins; Terraform; CI/CD,"DevOps Engineer specialist with 7 years in the industry, holding a MBA from Technical Institute. Core competencies include Linux, Ansible, Jenkins, Terraform, CI/CD. Led initiatives using Linux that improved key metrics, and collaborated cross-functionally leveraging CI/CD. Passionate about continuous learning and staying current with industry trends. Certifications: None."
RES0546,Graphic Designer,10,Figma; Typography; Branding; UI/UX; InDesign; Photoshop; Creativity; Illustrator,"Result-driven Graphic Designer professional with 10 years of experience. Skilled in Figma, Typography, Branding, UI/UX, InDesign, Photoshop, Creativity, Illustrator. Completed B.Com from City College. Worked on projects involving Illustrator and UI/UX, delivering measurable improvements in team efficiency and project outcomes. Strong problem-solving ability and a track record of meeting deadlines. Certifications: Microsoft Certified."
RES0399,HR,12,Payroll; HRIS; Onboarding; Excel; Conflict Resolution; Communication; Employee Engagement; Performance Management; Recruitment,"Result-driven HR professional with 12 years of experience. Skilled in Payroll, HRIS, Onboarding, Excel, Conflict Resolution, Communication, Employee Engagement, Performance Management, Recruitment. Completed MBA from City College. Worked on projects involving Performance Management and Employee Engagement, delivering measurable improvements in team efficiency and project outcomes. Strong problem-solving ability and a track record of meeting deadlines. Certifications: Coursera Professional Certificate."
RES0112,Android Development,10,MVVM; Android SDK; Java; Firebase; SQLite; Jetpack Compose; Git; REST API,"Android Development specialist with 10 years in the industry, holding a B.E. from State University. Core competencies include MVVM, Android SDK, Java, Firebase, SQLite, Jetpack Compose, Git, REST API. Led initiatives using Firebase that improved key metrics, and collaborated cross-functionally leveraging Jetpack Compose. Passionate about continuous learning and staying current with industry trends. Certifications: PMP."
RES0512,Civil Engineer,8,Revit; AutoCAD; Project Management; Structural Analysis; Cost Estimation; Surveying; Construction Management,"Motivated Civil Engineer candidate (8 years experience, MBA, Metropolitan University) proficient in Revit, AutoCAD, Project Management, Structural Analysis, Cost Estimation, Surveying, Construction Management. Hands-on experience building solutions with Cost Estimation and Project Management. Recognized for strong communication skills and ability to work in fast-paced, collaborative environments. Certifications: None."
RES0478,Mechanical Engineer,11,SolidWorks; Six Sigma; Quality Control; Manufacturing; Project Management; Thermodynamics; AutoCAD; MATLAB,"Motivated Mechanical Engineer candidate (11 years experience, M.Sc, State University) proficient in SolidWorks, Six Sigma, Quality Control, Manufacturing, Project Management, Thermodynamics, AutoCAD, MATLAB. Hands-on experience building solutions with SolidWorks and MATLAB. Recognized for strong communication skills and ability to work in fast-paced, collaborative environments. Certifications: Coursera Professional Certificate."
RES0503,Civil Engineer,5,Surveying; AutoCAD; Construction Management; Structural Analysis; Revit,"Motivated Civil Engineer candidate (5 years experience, M.Sc, Institute of Technology) proficient in Surveying, AutoCAD, Construction Management, Structural Analysis, Revit. Hands-on experience building solutions with Surveying and Revit. Recognized for strong communication skills and ability to work in fast-paced, collaborative environments. Certifications: PMP."
RES0261,Network Security Engineer,7,Penetration Testing; Linux; Vulnerability Assessment; SIEM; Risk Assessment; Firewalls; Cryptography,"Result-driven Network Security Engineer professional with 7 years of experience. Skilled in Penetration Testing, Linux, Vulnerability Assessment, SIEM, Risk Assessment, Firewalls, Cryptography. Completed B.Tech from National College. Worked on projects involving Linux and Cryptography, delivering measurable improvements in team efficiency and project outcomes. Strong problem-solving ability and a track record of meeting deadlines. Certifications: None."
RES0281,Business Analyst,4,Process Improvement; Excel; Communication; Requirements Gathering; SQL; Tableau; Agile; Power BI,"Business Analyst specialist with 4 years in the industry, holding a M.Sc from City College. Core competencies include Process Improvement, Excel, Communication, Requirements Gathering, SQL, Tableau, Agile, Power BI. Led initiatives using SQL that improved key metrics, and collaborated cross-functionally leveraging Requirements Gathering. Passionate about continuous learning and staying current with industry trends. Certifications: PMP."
RES0103,Android Development,4,Firebase; Material Design; Java; SQLite; Kotlin,"Result-driven Android Development professional with 4 years of experience. Skilled in Firebase, Material Design, Java, SQLite, Kotlin. Completed M.Tech from Institute of Technology. Worked on projects involving Java and Kotlin, delivering measurable improvements in team efficiency and project outcomes. Strong problem-solving ability and a track record of meeting deadlines. Certifications: AWS Certified Associate."
RES0083,Android Development,1,MVVM; REST API; Android SDK; SQLite; Firebase; Material Design; Jetpack Compose; Java; Kotlin,"Android Development specialist with 1 years in the industry, holding a B.E. from Institute of Technology. Core competencies include MVVM, REST API, Android SDK, SQLite, Firebase, Material Design, Jetpack Compose, Java, Kotlin. Led initiatives using Jetpack Compose that improved key metrics, and collaborated cross-functionally leveraging Material Design. Passionate about continuous learning and staying current with industry trends. Certifications: Coursera Professional Certificate."
RES0282,Business Analyst,1,Stakeholder Management; Requirements Gathering; Agile; Data Visualization; Tableau; Communication; Process Improvement; Power BI,"Motivated Business Analyst candidate (1 years experience, B.Tech, Technical Institute) proficient in Stakeholder Management, Requirements Gathering, Agile, Data Visualization, Tableau, Communication, Process Improvement, Power BI. Hands-on experience building solutions with Communication and Tableau. Recognized for strong communication skills and ability to work in fast-paced, collaborative environments. Certifications: None."
RES0199,Python Developer,9,REST API; Docker; Django; Flask; Pandas; Unit Testing; SQL; Git,"Result-driven Python Developer professional with 9 years of experience. Skilled in REST API, Docker, Django, Flask, Pandas, Unit Testing, SQL, Git. Completed M.Tech from Metropolitan University. Worked on projects involving Docker and Git, delivering measurable improvements in team efficiency and project outcomes. Strong problem-solving ability and a track record of meeting deadlines. Certifications: AWS Certified Associate."
RES0209,DevOps Engineer,10,AWS; Terraform; Ansible; Linux; CI/CD; Kubernetes; Git; Monitoring; Docker,"Motivated DevOps Engineer candidate (10 years experience, BCA, Metropolitan University) proficient in AWS, Terraform, Ansible, Linux, CI/CD, Kubernetes, Git, Monitoring, Docker. Hands-on experience building solutions with AWS and Linux. Recognized for strong communication skills and ability to work in fast-paced, collaborative environments. Certifications: PMP."
RES0328,Digital Marketing,6,Email Marketing; Excel; Marketing Strategy; Social Media; PPC; Communication,"Result-driven Digital Marketing professional with 6 years of experience. Skilled in Email Marketing, Excel, Marketing Strategy, Social Media, PPC, Communication. Completed MBA from State University. Worked on projects involving Social Media and Email Marketing, delivering measurable improvements in team efficiency and project outcomes. Strong problem-solving ability and a track record of meeting deadlines. Certifications: Microsoft Certified."
RES0362,HR,8,Excel; Onboarding; HRIS; Communication; Employee Engagement; Recruitment,"Motivated HR candidate (8 years experience, B.E., Metropolitan University) proficient in Excel, Onboarding, HRIS, Communication, Employee Engagement, Recruitment. Hands-on experience building solutions with HRIS and Recruitment. Recognized for strong communication skills and ability to work in fast-paced, collaborative environments. Certifications: Google Certification."
RES0181,Python Developer,8,Docker; SQL; Unit Testing; Celery; Django,"Motivated Python Developer candidate (8 years experience, MBA, National College) proficient in Docker, SQL, Unit Testing, Celery, Django. Hands-on experience building solutions with Celery and Django. Recognized for strong communication skills and ability to work in fast-paced, collaborative environments. Certifications: Microsoft Certified."
RES0288,Business Analyst,4,Excel; SQL; Agile; Process Improvement; Stakeholder Management; Communication; Requirements Gathering; Data Visualization,"Business Analyst specialist with 4 years in the industry, holding a BCA from State University. Core competencies include Excel, SQL, Agile, Process Improvement, Stakeholder Management, Communication, Requirements Gathering, Data Visualization. Led initiatives using Agile that improved key metrics, and collaborated cross-functionally leveraging SQL. Passionate about continuous learning and staying current with industry trends. Certifications: Google Certification."
RES0053,Web Development,11,React; CSS; Responsive Design; Git; Express.js; Node.js; TypeScript; MongoDB; JavaScript,"Result-driven Web Development professional with 11 years of experience. Skilled in React, CSS, Responsive Design, Git, Express.js, Node.js, TypeScript, MongoDB, JavaScript. Completed MCA from Metropolitan University. Worked on projects involving React and CSS, delivering measurable improvements in team efficiency and project outcomes. Strong problem-solving ability and a track record of meeting deadlines. Certifications: AWS Certified Associate."
RES0529,Graphic Designer,5,Figma; Typography; Creativity; UI/UX; Branding,"Result-driven Graphic Designer professional with 5 years of experience. Skilled in Figma, Typography, Creativity, UI/UX, Branding. Completed B.E. from State University. Worked on projects involving Typography and Branding, delivering measurable improvements in team efficiency and project outcomes. Strong problem-solving ability and a track record of meeting deadlines. Certifications: Microsoft Certified."
RES0196,Python Developer,1,Python; REST API; Docker; Flask; Pandas,"Motivated Python Developer candidate (1 years experience, B.E., State University) proficient in Python, REST API, Docker, Flask, Pandas. Hands-on experience building solutions with REST API and Flask. Recognized for strong communication skills and ability to work in fast-paced, collaborative environments. Certifications: PMP."
RES0047,Web Development,2,HTML; React; TypeScript; Responsive Design; Node.js,"Result-driven Web Development professional with 2 years of experience. Skilled in HTML, React, TypeScript, Responsive Design, Node.js. Completed M.Tech from Institute of Technology. Worked on projects involving Responsive Design and HTML, delivering measurable improvements in team efficiency and project outcomes. Strong problem-solving ability and a track record of meeting deadlines. Certifications: Microsoft Certified."
RES0547,Graphic Designer,5,Photoshop; InDesign; Figma; UI/UX; Typography; Branding; Communication; Illustrator; Creativity,"Graphic Designer specialist with 5 years in the industry, holding a B.Tech from State University. Core competencies include Photoshop, InDesign, Figma, UI/UX, Typography, Branding, Communication, Illustrator, Creativity. Led initiatives using Photoshop that improved key metrics, and collaborated cross-functionally leveraging Figma. Passionate about continuous learning and staying current with industry trends. Certifications: AWS Certified Associate."
RES0169,Python Developer,8,Docker; Python; Celery; Django; REST API; SQL; Git; Flask; Unit Testing,"Python Developer specialist with 8 years in the industry, holding a MCA from City College. Core competencies include Docker, Python, Celery, Django, REST API, SQL, Git, Flask, Unit Testing. Led initiatives using REST API that improved key metrics, and collaborated cross-functionally leveraging Docker. Passionate about continuous learning and staying current with industry trends. Certifications: PMP."
RES0380,HR,7,Excel; Employee Engagement; Performance Management; Recruitment; Communication; Onboarding; HRIS; Payroll,"HR specialist with 7 years in the industry, holding a B.Com from State University. Core competencies include Excel, Employee Engagement, Performance Management, Recruitment, Communication, Onboarding, HRIS, Payroll. Led initiatives using Payroll that improved key metrics, and collaborated cross-functionally leveraging HRIS. Passionate about continuous learning and staying current with industry trends. Certifications: PMP."
RES0440,Sales,7,Lead Generation; CRM; Cold Calling; Excel; Communication,"Motivated Sales candidate (7 years experience, B.Tech, City College) proficient in Lead Generation, CRM, Cold Calling, Excel, Communication. Hands-on experience building solutions with CRM and Excel. Recognized for strong communication skills and ability to work in fast-paced, collaborative environments. Certifications: Google Certification."
RES0129,Java Developer,4,Microservices; Git; Hibernate; SQL; JUnit; Multithreading; Maven; REST API,"Motivated Java Developer candidate (4 years experience, B.Sc, City College) proficient in Microservices, Git, Hibernate, SQL, JUnit, Multithreading, Maven, REST API. Hands-on experience building solutions with Maven and Microservices. Recognized for strong communication skills and ability to work in fast-paced, collaborative environments. Certifications: PMP."
RES0122,Java Developer,3,Maven; Multithreading; Java; JUnit; Microservices; Hibernate,"Java Developer specialist with 3 years in the industry, holding a B.E. from Technical Institute. Core competencies include Maven, Multithreading, Java, JUnit, Microservices, Hibernate. Led initiatives using Hibernate that improved key metrics, and collaborated cross-functionally leveraging Microservices. Passionate about continuous learning and staying current with industry trends. Certifications: Microsoft Certified."
RES0193,Python Developer,3,Unit Testing; Git; Python; Docker; SQL,"Result-driven Python Developer professional with 3 years of experience. Skilled in Unit Testing, Git, Python, Docker, SQL. Completed B.Sc from National College. Worked on projects involving SQL and Docker, delivering measurable improvements in team efficiency and project outcomes. Strong problem-solving ability and a track record of meeting deadlines. Certifications: AWS Certified Associate."
RES0570,Health and Fitness,7,Nutrition Planning; CPR Certified; Communication; Exercise Physiology; Program Design,"Motivated Health and Fitness candidate (7 years experience, M.Tech, National College) proficient in Nutrition Planning, CPR Certified, Communication, Exercise Physiology, Program Design. Hands-on experience building solutions with CPR Certified and Nutrition Planning. Recognized for strong communication skills and ability to work in fast-paced, collaborative environments. Certifications: PMP."
RES0134,Java Developer,8,SQL; Spring Boot; Java; Git; JUnit; Multithreading; REST API,"Java Developer specialist with 8 years in the industry, holding a B.Sc from National College. Core competencies include SQL, Spring Boot, Java, Git, JUnit, Multithreading, REST API. Led initiatives using REST API that improved key metrics, and collaborated cross-functionally leveraging Java. Passionate about continuous learning and staying current with industry trends. Certifications: None."
RES0273,Network Security Engineer,6,Python; Vulnerability Assessment; Network Protocols; IDS/IPS; Linux; Firewalls; Risk Assessment; Cryptography,"Result-driven Network Security Engineer professional with 6 years of experience. Skilled in Python, Vulnerability Assessment, Network Protocols, IDS/IPS, Linux, Firewalls, Risk Assessment, Cryptography. Completed B.E. from Institute of Technology. Worked on projects involving Vulnerability Assessment and Python, delivering measurable improvements in team efficiency and project outcomes. Strong problem-solving ability and a track record of meeting deadlines. Certifications: Microsoft Certified."
RES0014,Data Science,7,Scikit-learn; TensorFlow; Excel; Machine Learning; Statistics; SQL; Data Visualization; NumPy,"Result-driven Data Science professional with 7 years of experience. Skilled in Scikit-learn, TensorFlow, Excel, Machine Learning, Statistics, SQL, Data Visualization, NumPy. Completed B.Com from Metropolitan University. Worked on projects involving TensorFlow and NumPy, delivering measurable improvements in team efficiency and project outcomes. Strong problem-solving ability and a track record of meeting deadlines. Certifications: Google Certification."
RES0310,Business Analyst,4,SQL; Excel; Data Visualization; Requirements Gathering; Communication; Power BI; Process Improvement,"Business Analyst specialist with 4 years in the industry, holding a M.Tech from Institute of Technology. Core competencies include SQL, Excel, Data Visualization, Requirements Gathering, Communication, Power BI, Process Improvement. Led initiatives using SQL that improved key metrics, and collaborated cross-functionally leveraging Requirements Gathering. Passionate about continuous learning and staying current with industry trends. Certifications: Google Certification."
RES0148,Java Developer,8,Git; Java; Microservices; JUnit; REST API; Multithreading; Spring Boot; SQL,"Motivated Java Developer candidate (8 years experience, M.Sc, State University) proficient in Git, Java, Microservices, JUnit, REST API, Multithreading, Spring Boot, SQL. Hands-on experience building solutions with Spring Boot and REST API. Recognized for strong communication skills and ability to work in fast-paced, collaborative environments. Certifications: PMP."
RES0340,Digital Marketing,3,Content Marketing; Copywriting; Marketing Strategy; PPC; Excel; Social Media; Communication; SEO,"Result-driven Digital Marketing professional with 3 years of experience. Skilled in Content Marketing, Copywriting, Marketing Strategy, PPC, Excel, Social Media, Communication, SEO. Completed MCA from Institute of Technology. Worked on projects involving Copywriting and Marketing Strategy, delivering measurable improvements in team efficiency and project outcomes. Strong problem-solving ability and a track record of meeting deadlines. Certifications: AWS Certified Associate."
RES0590,Health and Fitness,9,Program Design; Client Assessment; Exercise Physiology; First Aid; Communication,"Result-driven Health and Fitness professional with 9 years of experience. Skilled in Program Design, Client Assessment, Exercise Physiology, First Aid, Communication. Completed B.Tech from Technical Institute. Worked on projects involving Program Design and Communication, delivering measurable improvements in team efficiency and project outcomes. Strong problem-solving ability and a track record of meeting deadlines. Certifications: Microsoft Certified."
RES0050,Web Development,1,CSS; Express.js; REST API; HTML; Git; React; TypeScript,"Result-driven Web Development professional with 1 years of experience. Skilled in CSS, Express.js, REST API, HTML, Git, React, TypeScript. Completed BCA from National College. Worked on projects involving React and HTML, delivering measurable improvements in team efficiency and project outcomes. Strong problem-solving ability and a track record of meeting deadlines. Certifications: None."
RES0022,Data Science,10,TensorFlow; Pandas; NumPy; A/B Testing; Excel,"Motivated Data Science candidate (10 years experience, M.Tech, Metropolitan University) proficient in TensorFlow, Pandas, NumPy, A/B Testing, Excel. Hands-on experience building solutions with TensorFlow and Pandas. Recognized for strong communication skills and ability to work in fast-paced, collaborative environments. Certifications: Microsoft Certified."
RES0264,Network Security Engineer,1,Vulnerability Assessment; SIEM; Cryptography; Penetration Testing; Risk Assessment,"Result-driven Network Security Engineer professional with 1 years of experience. Skilled in Vulnerability Assessment, SIEM, Cryptography, Penetration Testing, Risk Assessment. Completed B.Com from State University. Worked on projects involving Cryptography and Penetration Testing, delivering measurable improvements in team efficiency and project outcomes. Strong problem-solving ability and a track record of meeting deadlines. Certifications: None."
RES0165,Python Developer,10,Celery; Python; REST API; Git; Flask; Django; Unit Testing,"Motivated Python Developer candidate (10 years experience, B.Sc, Metropolitan University) proficient in Celery, Python, REST API, Git, Flask, Django, Unit Testing. Hands-on experience building solutions with REST API and Python. Recognized for strong communication skills and ability to work in fast-paced, collaborative environments. Certifications: PMP."
RES0419,Sales,12,Communication; Sales Strategy; CRM; Lead Generation; Excel; Cold Calling,"Result-driven Sales professional with 12 years of experience. Skilled in Communication, Sales Strategy, CRM, Lead Generation, Excel, Cold Calling. Completed B.E. from City College. Worked on projects involving Excel and Sales Strategy, delivering measurable improvements in team efficiency and project outcomes. Strong problem-solving ability and a track record of meeting deadlines. Certifications: AWS Certified Associate."
RES0315,Business Analyst,8,Process Improvement; Communication; Tableau; Agile; Excel; Data Visualization,"Motivated Business Analyst candidate (8 years experience, MCA, Technical Institute) proficient in Process Improvement, Communication, Tableau, Agile, Excel, Data Visualization. Hands-on experience building solutions with Excel and Agile. Recognized for strong communication skills and ability to work in fast-paced, collaborative environments. Certifications: None."
RES0438,Sales,12,Sales Strategy; Communication; Negotiation; Lead Generation; Client Relationship Management; Cold Calling,"Sales specialist with 12 years in the industry, holding a M.Tech from State University. Core competencies include Sales Strategy, Communication, Negotiation, Lead Generation, Client Relationship Management, Cold Calling. Led initiatives using Cold Calling that improved key metrics, and collaborated cross-functionally leveraging Communication. Passionate about continuous learning and staying current with industry trends. Certifications: None."
RES0080,Web Development,4,TypeScript; Node.js; Responsive Design; HTML; Git; REST API; React,"Result-driven Web Development professional with 4 years of experience. Skilled in TypeScript, Node.js, Responsive Design, HTML, Git, REST API, React. Completed B.Tech from Technical Institute. Worked on projects involving React and REST API, delivering measurable improvements in team efficiency and project outcomes. Strong problem-solving ability and a track record of meeting deadlines. Certifications: None."
RES0224,DevOps Engineer,5,Shell Scripting; Jenkins; AWS; Monitoring; Docker; Terraform,"DevOps Engineer specialist with 5 years in the industry, holding a M.Sc from State University. Core competencies include Shell Scripting, Jenkins, AWS, Monitoring, Docker, Terraform. Led initiatives using AWS that improved key metrics, and collaborated cross-functionally leveraging Jenkins. Passionate about continuous learning and staying current with industry trends. Certifications: Coursera Professional Certificate."
RES0198,Python Developer,4,SQL; Unit Testing; Flask; Git; Celery; Django; REST API; Pandas; Docker,"Python Developer specialist with 4 years in the industry, holding a MCA from Institute of Technology. Core competencies include SQL, Unit Testing, Flask, Git, Celery, Django, REST API, Pandas, Docker. Led initiatives using Unit Testing that improved key metrics, and collaborated cross-functionally leveraging Flask. Passionate about continuous learning and staying current with industry trends. Certifications: PMP."
RES0204,DevOps Engineer,2,Ansible; Monitoring; Kubernetes; Shell Scripting; Linux; Git; AWS,"DevOps Engineer specialist with 2 years in the industry, holding a B.Tech from Technical Institute. Core competencies include Ansible, Monitoring, Kubernetes, Shell Scripting, Linux, Git, AWS. Led initiatives using Git that improved key metrics, and collaborated cross-functionally leveraging AWS. Passionate about continuous learning and staying current with industry trends. Certifications: None."
RES0491,Civil Engineer,6,Cost Estimation; Construction Management; Structural Analysis; Surveying; AutoCAD; Revit; Project Management,"Motivated Civil Engineer candidate (6 years experience, M.Tech, Institute of Technology) proficient in Cost Estimation, Construction Management, Structural Analysis, Surveying, AutoCAD, Revit, Project Management. Hands-on experience building solutions with AutoCAD and Revit. Recognized for strong communication skills and ability to work in fast-paced, collaborative environments. Certifications: Coursera Professional Certificate."
RES0147,Java Developer,0,REST API; Maven; JUnit; Hibernate; Multithreading,"Java Developer specialist with 0 years in the industry, holding a B.Sc from Metropolitan University. Core competencies include REST API, Maven, JUnit, Hibernate, Multithreading. Led initiatives using Maven that improved key metrics, and collaborated cross-functionally leveraging JUnit. Passionate about continuous learning and staying current with industry trends. Certifications: None."
RES0518,Civil Engineer,0,Revit; Structural Analysis; Surveying; Construction Management; Cost Estimation; AutoCAD; Project Management,"Result-driven Civil Engineer professional with 0 years of experience. Skilled in Revit, Structural Analysis, Surveying, Construction Management, Cost Estimation, AutoCAD, Project Management. Completed B.E. from City College. Worked on projects involving Cost Estimation and Revit, delivering measurable improvements in team efficiency and project outcomes. Strong problem-solving ability and a track record of meeting deadlines. Certifications: AWS Certified Associate."
RES0443,Mechanical Engineer,3,Project Management; AutoCAD; Manufacturing; SolidWorks; Thermodynamics; Quality Control; MATLAB,"Result-driven Mechanical Engineer professional with 3 years of experience. Skilled in Project Management, AutoCAD, Manufacturing, SolidWorks, Thermodynamics, Quality Control, MATLAB. Completed B.Com from National College. Worked on projects involving AutoCAD and Project Management, delivering measurable improvements in team efficiency and project outcomes. Strong problem-solving ability and a track record of meeting deadlines. Certifications: AWS Certified Associate."
RES0539,Graphic Designer,10,Communication; Branding; Illustrator; Photoshop; UI/UX,"Result-driven Graphic Designer professional with 10 years of experience. Skilled in Communication, Branding, Illustrator, Photoshop, UI/UX. Completed B.Sc from Metropolitan University. Worked on projects involving Photoshop and Communication, delivering measurable improvements in team efficiency and project outcomes. Strong problem-solving ability and a track record of meeting deadlines. Certifications: Coursera Professional Certificate."
RES0423,Sales,11,Negotiation; Communication; Cold Calling; Lead Generation; Sales Strategy; Excel,"Motivated Sales candidate (11 years experience, M.Tech, Institute of Technology) proficient in Negotiation, Communication, Cold Calling, Lead Generation, Sales Strategy, Excel. Hands-on experience building solutions with Negotiation and Communication. Recognized for strong communication skills and ability to work in fast-paced, collaborative environments. Certifications: PMP."
RES0258,Network Security Engineer,5,Penetration Testing; Vulnerability Assessment; Cryptography; Network Protocols; Firewalls; SIEM; IDS/IPS,"Network Security Engineer specialist with 5 years in the industry, holding a B.E. from Institute of Technology. Core competencies include Penetration Testing, Vulnerability Assessment, Cryptography, Network Protocols, Firewalls, SIEM, IDS/IPS. Led initiatives using SIEM that improved key metrics, and collaborated cross-functionally leveraging Network Protocols. Passionate about continuous learning and staying current with industry trends. Certifications: None."
RES0586,Health and Fitness,2,Exercise Physiology; CPR Certified; First Aid; Nutrition Planning; Communication; Client Assessment,"Health and Fitness specialist with 2 years in the industry, holding a BCA from Metropolitan University. Core competencies include Exercise Physiology, CPR Certified, First Aid, Nutrition Planning, Communication, Client Assessment. Led initiatives using First Aid that improved key metrics, and collaborated cross-functionally leveraging CPR Certified. Passionate about continuous learning and staying current with industry trends. Certifications: Coursera Professional Certificate."
RES0587,Health and Fitness,5,CPR Certified; First Aid; Client Assessment; Exercise Physiology; Program Design; Nutrition Planning,"Health and Fitness specialist with 5 years in the industry, holding a B.Com from Institute of Technology. Core competencies include CPR Certified, First Aid, Client Assessment, Exercise Physiology, Program Design, Nutrition Planning. Led initiatives using Exercise Physiology that improved key metrics, and collaborated cross-functionally leveraging Nutrition Planning. Passionate about continuous learning and staying current with industry trends. Certifications: PMP."
RES0189,Python Developer,6,Docker; SQL; Unit Testing; Flask; Git; Python; REST API; Celery,"Result-driven Python Developer professional with 6 years of experience. Skilled in Docker, SQL, Unit Testing, Flask, Git, Python, REST API, Celery. Completed BCA from Metropolitan University. Worked on projects involving Celery and Docker, delivering measurable improvements in team efficiency and project outcomes. Strong problem-solving ability and a track record of meeting deadlines. Certifications: None."
RES0542,Graphic Designer,0,Typography; Communication; UI/UX; Illustrator; Branding,"Motivated Graphic Designer candidate (0 years experience, B.Sc, City College) proficient in Typography, Communication, UI/UX, Illustrator, Branding. Hands-on experience building solutions with Typography and Branding. Recognized for strong communication skills and ability to work in fast-paced, collaborative environments. Certifications: PMP."
RES0228,DevOps Engineer,3,Monitoring; AWS; Git; Terraform; Ansible,"Result-driven DevOps Engineer professional with 3 years of experience. Skilled in Monitoring, AWS, Git, Terraform, Ansible. Completed B.E. from Metropolitan University. Worked on projects involving Ansible and Terraform, delivering measurable improvements in team efficiency and project outcomes. Strong problem-solving ability and a track record of meeting deadlines. Certifications: Google Certification."
RES0494,Civil Engineer,2,Cost Estimation; Structural Analysis; Construction Management; Surveying; AutoCAD,"Civil Engineer specialist with 2 years in the industry, holding a B.Tech from State University. Core competencies include Cost Estimation, Structural Analysis, Construction Management, Surveying, AutoCAD. Led initiatives using Construction Management that improved key metrics, and collaborated cross-functionally leveraging AutoCAD. Passionate about continuous learning and staying current with industry trends. Certifications: Google Certification."
RES0392,HR,0,Recruitment; Payroll; Employee Engagement; Communication; Onboarding; Performance Management,"Motivated HR candidate (0 years experience, MCA, City College) proficient in Recruitment, Payroll, Employee Engagement, Communication, Onboarding, Performance Management. Hands-on experience building solutions with Communication and Onboarding. Recognized for strong communication skills and ability to work in fast-paced, collaborative environments. Certifications: AWS Certified Associate."
RES0139,Java Developer,1,JUnit; Hibernate; Multithreading; SQL; REST API; Java,"Java Developer specialist with 1 years in the industry, holding a B.Com from Institute of Technology. Core competencies include JUnit, Hibernate, Multithreading, SQL, REST API, Java. Led initiatives using Multithreading that improved key metrics, and collaborated cross-functionally leveraging Hibernate. Passionate about continuous learning and staying current with industry trends. Certifications: Google Certification."
RES0087,Android Development,11,Material Design; Android SDK; Jetpack Compose; Git; Java; Firebase; REST API; Kotlin; SQLite,"Android Development specialist with 11 years in the industry, holding a MBA from Institute of Technology. Core competencies include Material Design, Android SDK, Jetpack Compose, Git, Java, Firebase, REST API, Kotlin, SQLite. Led initiatives using Kotlin that improved key metrics, and collaborated cross-functionally leveraging SQLite. Passionate about continuous learning and staying current with industry trends. Certifications: Google Certification."
RES0421,Sales,9,Lead Generation; CRM; Negotiation; Client Relationship Management; Cold Calling,"Result-driven Sales professional with 9 years of experience. Skilled in Lead Generation, CRM, Negotiation, Client Relationship Management, Cold Calling. Completed M.Tech from Technical Institute. Worked on projects involving CRM and Cold Calling, delivering measurable improvements in team efficiency and project outcomes. Strong problem-solving ability and a track record of meeting deadlines. Certifications: None."
RES0231,DevOps Engineer,9,Git; Linux; Kubernetes; CI/CD; Shell Scripting; Terraform,"Result-driven DevOps Engineer professional with 9 years of experience. Skilled in Git, Linux, Kubernetes, CI/CD, Shell Scripting, Terraform. Completed B.Sc from Technical Institute. Worked on projects involving Git and Kubernetes, delivering measurable improvements in team efficiency and project outcomes. Strong problem-solving ability and a track record of meeting deadlines. Certifications: AWS Certified Associate."
RES0060,Web Development,10,Node.js; TypeScript; HTML; CSS; Git; MongoDB; REST API; JavaScript,"Result-driven Web Development professional with 10 years of experience. Skilled in Node.js, TypeScript, HTML, CSS, Git, MongoDB, REST API, JavaScript. Completed B.Sc from Institute of Technology. Worked on projects involving CSS and TypeScript, delivering measurable improvements in team efficiency and project outcomes. Strong problem-solving ability and a track record of meeting deadlines. Certifications: Microsoft Certified."
RES0100,Android Development,5,Java; Kotlin; Firebase; SQLite; Material Design; Git,"Motivated Android Development candidate (5 years experience, B.E., National College) proficient in Java, Kotlin, Firebase, SQLite, Material Design, Git. Hands-on experience building solutions with Firebase and Git. Recognized for strong communication skills and ability to work in fast-paced, collaborative environments. Certifications: Microsoft Certified."
RES0540,Graphic Designer,3,InDesign; Illustrator; Branding; Communication; Photoshop; Figma; Typography; Creativity,"Motivated Graphic Designer candidate (3 years experience, BCA, State University) proficient in InDesign, Illustrator, Branding, Communication, Photoshop, Figma, Typography, Creativity. Hands-on experience building solutions with Communication and Typography. Recognized for strong communication skills and ability to work in fast-paced, collaborative environments. Certifications: PMP."
RES0242,Network Security Engineer,5,Linux; SIEM; Firewalls; Risk Assessment; IDS/IPS; Penetration Testing; Python; Cryptography; Vulnerability Assessment,"Result-driven Network Security Engineer professional with 5 years of experience. Skilled in Linux, SIEM, Firewalls, Risk Assessment, IDS/IPS, Penetration Testing, Python, Cryptography, Vulnerability Assessment. Completed B.Tech from City College. Worked on projects involving Python and IDS/IPS, delivering measurable improvements in team efficiency and project outcomes. Strong problem-solving ability and a track record of meeting deadlines. Certifications: Coursera Professional Certificate."
RES0250,Network Security Engineer,6,Firewalls; SIEM; Cryptography; IDS/IPS; Vulnerability Assessment; Linux; Network Protocols; Risk Assessment,"Network Security Engineer specialist with 6 years in the industry, holding a BCA from Institute of Technology. Core competencies include Firewalls, SIEM, Cryptography, IDS/IPS, Vulnerability Assessment, Linux, Network Protocols, Risk Assessment. Led initiatives using Linux that improved key metrics, and collaborated cross-functionally leveraging SIEM. Passionate about continuous learning and staying current with industry trends. Certifications: Google Certification."
RES0417,Sales,5,Sales Strategy; Cold Calling; Negotiation; Client Relationship Management; Lead Generation; Excel; Communication,"Sales specialist with 5 years in the industry, holding a BCA from City College. Core competencies include Sales Strategy, Cold Calling, Negotiation, Client Relationship Management, Lead Generation, Excel, Communication. Led initiatives using Cold Calling that improved key metrics, and collaborated cross-functionally leveraging Sales Strategy. Passionate about continuous learning and staying current with industry trends. Certifications: None."
RES0579,Health and Fitness,8,Client Assessment; First Aid; Exercise Physiology; CPR Certified; Program Design; Communication; Nutrition Planning,"Result-driven Health and Fitness professional with 8 years of experience. Skilled in Client Assessment, First Aid, Exercise Physiology, CPR Certified, Program Design, Communication, Nutrition Planning. Completed MCA from State University. Worked on projects involving First Aid and Nutrition Planning, delivering measurable improvements in team efficiency and project outcomes. Strong problem-solving ability and a track record of meeting deadlines. Certifications: Coursera Professional Certificate."
RES0344,Digital Marketing,10,Social Media; Content Marketing; Marketing Strategy; Google Analytics; Communication; Email Marketing; SEO,"Result-driven Digital Marketing professional with 10 years of experience. Skilled in Social Media, Content Marketing, Marketing Strategy, Google Analytics, Communication, Email Marketing, SEO. Completed M.Tech from Metropolitan University. Worked on projects involving SEO and Marketing Strategy, delivering measurable improvements in team efficiency and project outcomes. Strong problem-solving ability and a track record of meeting deadlines. Certifications: None."
RES0312,Business Analyst,12,Excel; Process Improvement; Communication; Stakeholder Management; Requirements Gathering; Power BI; Tableau; Data Visualization,"Result-driven Business Analyst professional with 12 years of experience. Skilled in Excel, Process Improvement, Communication, Stakeholder Management, Requirements Gathering, Power BI, Tableau, Data Visualization. Completed B.E. from City College. Worked on projects involving Communication and Power BI, delivering measurable improvements in team efficiency and project outcomes. Strong problem-solving ability and a track record of meeting deadlines. Certifications: Google Certification."
RES0187,Python Developer,4,Python; Celery; Pandas; Unit Testing; Docker; REST API; Flask; SQL,"Result-driven Python Developer professional with 4 years of experience. Skilled in Python, Celery, Pandas, Unit Testing, Docker, REST API, Flask, SQL. Completed B.Tech from Technical Institute. Worked on projects involving Flask and SQL, delivering measurable improvements in team efficiency and project outcomes. Strong problem-solving ability and a track record of meeting deadlines. Certifications: Google Certification."
RES0222,DevOps Engineer,4,Kubernetes; Ansible; Linux; CI/CD; Git; Shell Scripting; Monitoring,"Result-driven DevOps Engineer professional with 4 years of experience. Skilled in Kubernetes, Ansible, Linux, CI/CD, Git, Shell Scripting, Monitoring. Completed MBA from National College. Worked on projects involving Linux and Git, delivering measurable improvements in team efficiency and project outcomes. Strong problem-solving ability and a track record of meeting deadlines. Certifications: Microsoft Certified."
RES0039,Data Science,2,NumPy; A/B Testing; Python; Pandas; Statistics; TensorFlow,"Result-driven Data Science professional with 2 years of experience. Skilled in NumPy, A/B Testing, Python, Pandas, Statistics, TensorFlow. Completed B.Com from Metropolitan University. Worked on projects involving NumPy and Statistics, delivering measurable improvements in team efficiency and project outcomes. Strong problem-solving ability and a track record of meeting deadlines. Certifications: Google Certification."
RES0115,Android Development,0,Android SDK; MVVM; Kotlin; Git; Material Design; Firebase; Jetpack Compose,"Android Development specialist with 0 years in the industry, holding a MBA from National College. Core competencies include Android SDK, MVVM, Kotlin, Git, Material Design, Firebase, Jetpack Compose. Led initiatives using MVVM that improved key metrics, and collaborated cross-functionally leveraging Jetpack Compose. Passionate about continuous learning and staying current with industry trends. Certifications: AWS Certified Associate."
RES0171,Python Developer,6,Pandas; Flask; Unit Testing; Celery; Git; SQL; Docker,"Motivated Python Developer candidate (6 years experience, MCA, Metropolitan University) proficient in Pandas, Flask, Unit Testing, Celery, Git, SQL, Docker. Hands-on experience building solutions with Celery and Pandas. Recognized for strong communication skills and ability to work in fast-paced, collaborative environments. Certifications: None."
RES0116,Android Development,8,Firebase; Android SDK; MVVM; Java; SQLite; Material Design,"Android Development specialist with 8 years in the industry, holding a B.Com from City College. Core competencies include Firebase, Android SDK, MVVM, Java, SQLite, Material Design. Led initiatives using SQLite that improved key metrics, and collaborated cross-functionally leveraging Firebase. Passionate about continuous learning and staying current with industry trends. Certifications: None."
RES0195,Python Developer,12,Django; REST API; Flask; SQL; Git,"Result-driven Python Developer professional with 12 years of experience. Skilled in Django, REST API, Flask, SQL, Git. Completed B.E. from City College. Worked on projects involving SQL and Flask, delivering measurable improvements in team efficiency and project outcomes. Strong problem-solving ability and a track record of meeting deadlines. Certifications: AWS Certified Associate."
RES0118,Android Development,9,Firebase; MVVM; Jetpack Compose; Android SDK; SQLite; Kotlin; Material Design; Git,"Motivated Android Development candidate (9 years experience, MCA, Metropolitan University) proficient in Firebase, MVVM, Jetpack Compose, Android SDK, SQLite, Kotlin, Material Design, Git. Hands-on experience building solutions with SQLite and Material Design. Recognized for strong communication skills and ability to work in fast-paced, collaborative environments. Certifications: PMP."
RES0565,Health and Fitness,5,Client Assessment; Exercise Physiology; Program Design; First Aid; CPR Certified,"Health and Fitness specialist with 5 years in the industry, holding a BCA from State University. Core competencies include Client Assessment, Exercise Physiology, Program Design, First Aid, CPR Certified. Led initiatives using Program Design that improved key metrics, and collaborated cross-functionally leveraging Client Assessment. Passionate about continuous learning and staying current with industry trends. Certifications: PMP."
RES0130,Java Developer,10,JUnit; REST API; Git; Java; Microservices; Hibernate,"Java Developer specialist with 10 years in the industry, holding a M.Sc from National College. Core competencies include JUnit, REST API, Git, Java, Microservices, Hibernate. Led initiatives using Java that improved key metrics, and collaborated cross-functionally leveraging Microservices. Passionate about continuous learning and staying current with industry trends. Certifications: None."
RES0582,Health and Fitness,6,Communication; Client Assessment; CPR Certified; Exercise Physiology; Program Design; Nutrition Planning; First Aid,"Result-driven Health and Fitness professional with 6 years of experience. Skilled in Communication, Client Assessment, CPR Certified, Exercise Physiology, Program Design, Nutrition Planning, First Aid. Completed B.Sc from Institute of Technology. Worked on projects involving First Aid and Exercise Physiology, delivering measurable improvements in team efficiency and project outcomes. Strong problem-solving ability and a track record of meeting deadlines. Certifications: None."
RES0068,Web Development,0,HTML; React; Node.js; JavaScript; MongoDB; TypeScript; REST API; Responsive Design,"Result-driven Web Development professional with 0 years of experience. Skilled in HTML, React, Node.js, JavaScript, MongoDB, TypeScript, REST API, Responsive Design. Completed M.Tech from City College. Worked on projects involving Node.js and Responsive Design, delivering measurable improvements in team efficiency and project outcomes. Strong problem-solving ability and a track record of meeting deadlines. Certifications: Microsoft Certified."
RES0431,Sales,9,Communication; CRM; Client Relationship Management; Cold Calling; Excel; Sales Strategy; Lead Generation; Negotiation,"Motivated Sales candidate (9 years experience, B.Tech, Institute of Technology) proficient in Communication, CRM, Client Relationship Management, Cold Calling, Excel, Sales Strategy, Lead Generation, Negotiation. Hands-on experience building solutions with Excel and Negotiation. Recognized for strong communication skills and ability to work in fast-paced, collaborative environments. Certifications: None."
RES0448,Mechanical Engineer,8,SolidWorks; AutoCAD; Quality Control; MATLAB; Project Management; Manufacturing; Six Sigma,"Motivated Mechanical Engineer candidate (8 years experience, MBA, National College) proficient in SolidWorks, AutoCAD, Quality Control, MATLAB, Project Management, Manufacturing, Six Sigma. Hands-on experience building solutions with AutoCAD and Manufacturing. Recognized for strong communication skills and ability to work in fast-paced, collaborative environments. Certifications: AWS Certified Associate."
RES0173,Python Developer,11,SQL; Docker; Git; Django; Flask; Pandas,"Result-driven Python Developer professional with 11 years of experience. Skilled in SQL, Docker, Git, Django, Flask, Pandas. Completed B.Sc from State University. Worked on projects involving Pandas and Django, delivering measurable improvements in team efficiency and project outcomes. Strong problem-solving ability and a track record of meeting deadlines. Certifications: Microsoft Certified."
RES0232,DevOps Engineer,9,Monitoring; Linux; Terraform; AWS; Shell Scripting; CI/CD; Docker; Jenkins,"Result-driven DevOps Engineer professional with 9 years of experience. Skilled in Monitoring, Linux, Terraform, AWS, Shell Scripting, CI/CD, Docker, Jenkins. Completed B.Sc from State University. Worked on projects involving Shell Scripting and Linux, delivering measurable improvements in team efficiency and project outcomes. Strong problem-solving ability and a track record of meeting deadlines. Certifications: Coursera Professional Certificate."
RES0159,Java Developer,1,Spring Boot; Microservices; Git; Maven; SQL,"Motivated Java Developer candidate (1 years experience, B.E., State University) proficient in Spring Boot, Microservices, Git, Maven, SQL. Hands-on experience building solutions with SQL and Microservices. Recognized for strong communication skills and ability to work in fast-paced, collaborative environments. Certifications: PMP."
RES0247,Network Security Engineer,10,Firewalls; Linux; Vulnerability Assessment; Penetration Testing; Risk Assessment; Cryptography; SIEM; Network Protocols; IDS/IPS,"Network Security Engineer specialist with 10 years in the industry, holding a M.Sc from National College. Core competencies include Firewalls, Linux, Vulnerability Assessment, Penetration Testing, Risk Assessment, Cryptography, SIEM, Network Protocols, IDS/IPS. Led initiatives using Vulnerability Assessment that improved key metrics, and collaborated cross-functionally leveraging Firewalls. Passionate about continuous learning and staying current with industry trends. Certifications: PMP."
RES0436,Sales,6,Cold Calling; Excel; Sales Strategy; Client Relationship Management; Lead Generation,"Motivated Sales candidate (6 years experience, MBA, National College) proficient in Cold Calling, Excel, Sales Strategy, Client Relationship Management, Lead Generation. Hands-on experience building solutions with Lead Generation and Sales Strategy. Recognized for strong communication skills and ability to work in fast-paced, collaborative environments. Certifications: Google Certification."
RES0023,Data Science,4,Tableau; Pandas; Statistics; TensorFlow; SQL,"Data Science specialist with 4 years in the industry, holding a M.Tech from City College. Core competencies include Tableau, Pandas, Statistics, TensorFlow, SQL. Led initiatives using Statistics that improved key metrics, and collaborated cross-functionally leveraging Pandas. Passionate about continuous learning and staying current with industry trends. Certifications: AWS Certified Associate."
RES0035,Data Science,5,Tableau; SQL; Pandas; Machine Learning; TensorFlow; A/B Testing; Scikit-learn,"Result-driven Data Science professional with 5 years of experience. Skilled in Tableau, SQL, Pandas, Machine Learning, TensorFlow, A/B Testing, Scikit-learn. Completed BCA from City College. Worked on projects involving Pandas and TensorFlow, delivering measurable improvements in team efficiency and project outcomes. Strong problem-solving ability and a track record of meeting deadlines. Certifications: Google Certification."
RES0564,Health and Fitness,7,Client Assessment; Program Design; CPR Certified; Nutrition Planning; Communication; First Aid,"Result-driven Health and Fitness professional with 7 years of experience. Skilled in Client Assessment, Program Design, CPR Certified, Nutrition Planning, Communication, First Aid. Completed BCA from State University. Worked on projects involving Nutrition Planning and CPR Certified, delivering measurable improvements in team efficiency and project outcomes. Strong problem-solving ability and a track record of meeting deadlines. Certifications: AWS Certified Associate."
RES0063,Web Development,11,TypeScript; Responsive Design; Node.js; MongoDB; HTML; React; JavaScript,"Web Development specialist with 11 years in the industry, holding a BCA from National College. Core competencies include TypeScript, Responsive Design, Node.js, MongoDB, HTML, React, JavaScript. Led initiatives using HTML that improved key metrics, and collaborated cross-functionally leveraging JavaScript. Passionate about continuous learning and staying current with industry trends. Certifications: PMP."
RES0002,Data Science,8,Python; Pandas; Scikit-learn; Tableau; Excel,"Data Science specialist with 8 years in the industry, holding a M.Tech from City College. Core competencies include Python, Pandas, Scikit-learn, Tableau, Excel. Led initiatives using Excel that improved key metrics, and collaborated cross-functionally leveraging Tableau. Passionate about continuous learning and staying current with industry trends. Certifications: Google Certification."
RES0314,Business Analyst,9,Stakeholder Management; Process Improvement; Tableau; Agile; Power BI; Communication; SQL; Excel; Data Visualization,"Motivated Business Analyst candidate (9 years experience, M.Sc, City College) proficient in Stakeholder Management, Process Improvement, Tableau, Agile, Power BI, Communication, SQL, Excel, Data Visualization. Hands-on experience building solutions with Communication and Tableau. Recognized for strong communication skills and ability to work in fast-paced, collaborative environments. Certifications: None."
RES0094,Android Development,1,MVVM; Git; Material Design; REST API; SQLite; Android SDK; Firebase; Jetpack Compose; Kotlin,"Android Development specialist with 1 years in the industry, holding a B.Sc from City College. Core competencies include MVVM, Git, Material Design, REST API, SQLite, Android SDK, Firebase, Jetpack Compose, Kotlin. Led initiatives using Kotlin that improved key metrics, and collaborated cross-functionally leveraging REST API. Passionate about continuous learning and staying current with industry trends. Certifications: PMP."
RES0111,Android Development,8,Jetpack Compose; MVVM; Material Design; Firebase; REST API,"Motivated Android Development candidate (8 years experience, B.Tech, Metropolitan University) proficient in Jetpack Compose, MVVM, Material Design, Firebase, REST API. Hands-on experience building solutions with REST API and MVVM. Recognized for strong communication skills and ability to work in fast-paced, collaborative environments. Certifications: AWS Certified Associate."
RES0354,Digital Marketing,8,Content Marketing; Google Analytics; Social Media; Communication; PPC; Marketing Strategy; SEO; Excel,"Motivated Digital Marketing candidate (8 years experience, BCA, National College) proficient in Content Marketing, Google Analytics, Social Media, Communication, PPC, Marketing Strategy, SEO, Excel. Hands-on experience building solutions with Content Marketing and Google Analytics. Recognized for strong communication skills and ability to work in fast-paced, collaborative environments. Certifications: PMP."
RES0446,Mechanical Engineer,1,AutoCAD; MATLAB; Quality Control; Six Sigma; Thermodynamics; SolidWorks; Project Management,"Motivated Mechanical Engineer candidate (1 years experience, B.Com, City College) proficient in AutoCAD, MATLAB, Quality Control, Six Sigma, Thermodynamics, SolidWorks, Project Management. Hands-on experience building solutions with SolidWorks and Quality Control. Recognized for strong communication skills and ability to work in fast-paced, collaborative environments. Certifications: Coursera Professional Certificate."
RES0525,Graphic Designer,12,Illustrator; Typography; UI/UX; Creativity; InDesign; Branding; Photoshop; Figma,"Graphic Designer specialist with 12 years in the industry, holding a M.Sc from Metropolitan University. Core competencies include Illustrator, Typography, UI/UX, Creativity, InDesign, Branding, Photoshop, Figma. Led initiatives using Typography that improved key metrics, and collaborated cross-functionally leveraging InDesign. Passionate about continuous learning and staying current with industry trends. Certifications: None."
RES0498,Civil Engineer,2,Surveying; Construction Management; Structural Analysis; Revit; Cost Estimation,"Result-driven Civil Engineer professional with 2 years of experience. Skilled in Surveying, Construction Management, Structural Analysis, Revit, Cost Estimation. Completed MCA from City College. Worked on projects involving Construction Management and Structural Analysis, delivering measurable improvements in team efficiency and project outcomes. Strong problem-solving ability and a track record of meeting deadlines. Certifications: AWS Certified Associate."
RES0073,Web Development,7,MongoDB; HTML; JavaScript; REST API; Git; TypeScript,"Result-driven Web Development professional with 7 years of experience. Skilled in MongoDB, HTML, JavaScript, REST API, Git, TypeScript. Completed B.Sc from Technical Institute. Worked on projects involving REST API and MongoDB, delivering measurable improvements in team efficiency and project outcomes. Strong problem-solving ability and a track record of meeting deadlines. Certifications: None."
RES0573,Health and Fitness,6,CPR Certified; Client Assessment; Exercise Physiology; First Aid; Nutrition Planning,"Motivated Health and Fitness candidate (6 years experience, B.E., State University) proficient in CPR Certified, Client Assessment, Exercise Physiology, First Aid, Nutrition Planning. Hands-on experience building solutions with Exercise Physiology and Nutrition Planning. Recognized for strong communication skills and ability to work in fast-paced, collaborative environments. Certifications: Google Certification."
RES0391,HR,2,Communication; Employee Engagement; Conflict Resolution; Excel; Recruitment,"Motivated HR candidate (2 years experience, MCA, Institute of Technology) proficient in Communication, Employee Engagement, Conflict Resolution, Excel, Recruitment. Hands-on experience building solutions with Conflict Resolution and Recruitment. Recognized for strong communication skills and ability to work in fast-paced, collaborative environments. Certifications: PMP."
RES0308,Business Analyst,3,Stakeholder Management; Process Improvement; Requirements Gathering; Tableau; Power BI; Agile; Data Visualization; SQL; Excel,"Motivated Business Analyst candidate (3 years experience, MCA, National College) proficient in Stakeholder Management, Process Improvement, Requirements Gathering, Tableau, Power BI, Agile, Data Visualization, SQL, Excel. Hands-on experience building solutions with Excel and SQL. Recognized for strong communication skills and ability to work in fast-paced, collaborative environments. Certifications: None."
RES0151,Java Developer,5,REST API; Git; Maven; JUnit; Multithreading; Hibernate; SQL; Java; Spring Boot,"Java Developer specialist with 5 years in the industry, holding a B.Sc from Metropolitan University. Core competencies include REST API, Git, Maven, JUnit, Multithreading, Hibernate, SQL, Java, Spring Boot. Led initiatives using Multithreading that improved key metrics, and collaborated cross-functionally leveraging REST API. Passionate about continuous learning and staying current with industry trends. Certifications: Microsoft Certified."
RES0500,Civil Engineer,1,Surveying; Structural Analysis; Cost Estimation; Revit; Project Management; AutoCAD,"Civil Engineer specialist with 1 years in the industry, holding a BCA from Technical Institute. Core competencies include Surveying, Structural Analysis, Cost Estimation, Revit, Project Management, AutoCAD. Led initiatives using Revit that improved key metrics, and collaborated cross-functionally leveraging Structural Analysis. Passionate about continuous learning and staying current with industry trends. Certifications: Microsoft Certified."
RES0192,Python Developer,10,REST API; Flask; SQL; Celery; Docker,"Motivated Python Developer candidate (10 years experience, B.Com, National College) proficient in REST API, Flask, SQL, Celery, Docker. Hands-on experience building solutions with Celery and Flask. Recognized for strong communication skills and ability to work in fast-paced, collaborative environments. Certifications: None."
RES0157,Java Developer,7,Hibernate; REST API; Java; Multithreading; Git; Maven; Microservices,"Motivated Java Developer candidate (7 years experience, M.Sc, City College) proficient in Hibernate, REST API, Java, Multithreading, Git, Maven, Microservices. Hands-on experience building solutions with Multithreading and REST API. Recognized for strong communication skills and ability to work in fast-paced, collaborative environments. Certifications: Google Certification."
RES0485,Civil Engineer,0,Revit; Surveying; Construction Management; Structural Analysis; Project Management; AutoCAD; Cost Estimation,"Motivated Civil Engineer candidate (0 years experience, B.E., Metropolitan University) proficient in Revit, Surveying, Construction Management, Structural Analysis, Project Management, AutoCAD, Cost Estimation. Hands-on experience building solutions with AutoCAD and Revit. Recognized for strong communication skills and ability to work in fast-paced, collaborative environments. Certifications: PMP."
RES0459,Mechanical Engineer,10,SolidWorks; Project Management; Thermodynamics; AutoCAD; Six Sigma; Manufacturing; MATLAB,"Mechanical Engineer specialist with 10 years in the industry, holding a MBA from City College. Core competencies include SolidWorks, Project Management, Thermodynamics, AutoCAD, Six Sigma, Manufacturing, MATLAB. Led initiatives using AutoCAD that improved key metrics, and collaborated cross-functionally leveraging MATLAB. Passionate about continuous learning and staying current with industry trends. Certifications: PMP."
RES0079,Web Development,3,REST API; TypeScript; Node.js; Git; Responsive Design; JavaScript; React; MongoDB,"Motivated Web Development candidate (3 years experience, BCA, Metropolitan University) proficient in REST API, TypeScript, Node.js, Git, Responsive Design, JavaScript, React, MongoDB. Hands-on experience building solutions with TypeScript and MongoDB. Recognized for strong communication skills and ability to work in fast-paced, collaborative environments. Certifications: PMP."
RES0567,Health and Fitness,12,Program Design; Nutrition Planning; CPR Certified; Exercise Physiology; Client Assessment; First Aid,"Health and Fitness specialist with 12 years in the industry, holding a B.E. from State University. Core competencies include Program Design, Nutrition Planning, CPR Certified, Exercise Physiology, Client Assessment, First Aid. Led initiatives using Exercise Physiology that improved key metrics, and collaborated cross-functionally leveraging Nutrition Planning. Passionate about continuous learning and staying current with industry trends. Certifications: None."
RES0021,Data Science,0,Scikit-learn; Python; Tableau; TensorFlow; A/B Testing; SQL; NumPy,"Result-driven Data Science professional with 0 years of experience. Skilled in Scikit-learn, Python, Tableau, TensorFlow, A/B Testing, SQL, NumPy. Completed B.Tech from Technical Institute. Worked on projects involving TensorFlow and A/B Testing, delivering measurable improvements in team efficiency and project outcomes. Strong problem-solving ability and a track record of meeting deadlines. Certifications: Microsoft Certified."
RES0149,Java Developer,8,Multithreading; Spring Boot; Hibernate; Java; SQL; Maven; REST API,"Java Developer specialist with 8 years in the industry, holding a MBA from Institute of Technology. Core competencies include Multithreading, Spring Boot, Hibernate, Java, SQL, Maven, REST API. Led initiatives using Spring Boot that improved key metrics, and collaborated cross-functionally leveraging SQL. Passionate about continuous learning and staying current with industry trends. Certifications: Microsoft Certified."
RES0296,Business Analyst,4,Excel; Stakeholder Management; Power BI; Tableau; Communication; Process Improvement,"Motivated Business Analyst candidate (4 years experience, B.E., Metropolitan University) proficient in Excel, Stakeholder Management, Power BI, Tableau, Communication, Process Improvement. Hands-on experience building solutions with Excel and Communication. Recognized for strong communication skills and ability to work in fast-paced, collaborative environments. Certifications: None."
RES0062,Web Development,3,Node.js; TypeScript; React; Git; HTML; Responsive Design,"Result-driven Web Development professional with 3 years of experience. Skilled in Node.js, TypeScript, React, Git, HTML, Responsive Design. Completed B.E. from National College. Worked on projects involving TypeScript and Node.js, delivering measurable improvements in team efficiency and project outcomes. Strong problem-solving ability and a track record of meeting deadlines. Certifications: Coursera Professional Certificate."
RES0382,HR,10,Payroll; Conflict Resolution; Onboarding; Employee Engagement; Recruitment; HRIS,"Motivated HR candidate (10 years experience, M.Tech, Technical Institute) proficient in Payroll, Conflict Resolution, Onboarding, Employee Engagement, Recruitment, HRIS. Hands-on experience building solutions with Recruitment and Onboarding. Recognized for strong communication skills and ability to work in fast-paced, collaborative environments. Certifications: AWS Certified Associate."
RES0490,Civil Engineer,2,Construction Management; Structural Analysis; AutoCAD; Cost Estimation; Surveying; Project Management; Revit,"Civil Engineer specialist with 2 years in the industry, holding a B.Sc from City College. Core competencies include Construction Management, Structural Analysis, AutoCAD, Cost Estimation, Surveying, Project Management, Revit. Led initiatives using Project Management that improved key metrics, and collaborated cross-functionally leveraging Surveying. Passionate about continuous learning and staying current with industry trends. Certifications: AWS Certified Associate."
RES0303,Business Analyst,7,Agile; Data Visualization; Power BI; Communication; Process Improvement; Stakeholder Management; Excel; Tableau; Requirements Gathering,"Result-driven Business Analyst professional with 7 years of experience. Skilled in Agile, Data Visualization, Power BI, Communication, Process Improvement, Stakeholder Management, Excel, Tableau, Requirements Gathering. Completed MCA from State University. Worked on projects involving Excel and Tableau, delivering measurable improvements in team efficiency and project outcomes. Strong problem-solving ability and a track record of meeting deadlines. Certifications: Coursera Professional Certificate."
RES0394,HR,2,Performance Management; Recruitment; Payroll; Communication; Excel; HRIS; Employee Engagement,"Result-driven HR professional with 2 years of experience. Skilled in Performance Management, Recruitment, Payroll, Communication, Excel, HRIS, Employee Engagement. Completed B.Tech from Technical Institute. Worked on projects involving Employee Engagement and Payroll, delivering measurable improvements in team efficiency and project outcomes. Strong problem-solving ability and a track record of meeting deadlines. Certifications: Microsoft Certified."
RES0361,HR,12,Recruitment; Performance Management; Conflict Resolution; Employee Engagement; Payroll; HRIS; Communication; Excel; Onboarding,"HR specialist with 12 years in the industry, holding a MBA from Metropolitan University. Core competencies include Recruitment, Performance Management, Conflict Resolution, Employee Engagement, Payroll, HRIS, Communication, Excel, Onboarding. Led initiatives using HRIS that improved key metrics, and collaborated cross-functionally leveraging Recruitment. Passionate about continuous learning and staying current with industry trends. Certifications: None."
RES0081,Android Development,10,SQLite; REST API; Firebase; MVVM; Android SDK; Kotlin; Material Design; Git; Jetpack Compose,"Android Development specialist with 10 years in the industry, holding a B.E. from City College. Core competencies include SQLite, REST API, Firebase, MVVM, Android SDK, Kotlin, Material Design, Git, Jetpack Compose. Led initiatives using REST API that improved key metrics, and collaborated cross-functionally leveraging SQLite. Passionate about continuous learning and staying current with industry trends. Certifications: AWS Certified Associate."
RES0017,Data Science,0,SQL; Statistics; A/B Testing; Data Visualization; Python; Excel; Tableau; TensorFlow,"Result-driven Data Science professional with 0 years of experience. Skilled in SQL, Statistics, A/B Testing, Data Visualization, Python, Excel, Tableau, TensorFlow. Completed BCA from City College. Worked on projects involving Excel and Tableau, delivering measurable improvements in team efficiency and project outcomes. Strong problem-solving ability and a track record of meeting deadlines. Certifications: Coursera Professional Certificate."
RES0243,Network Security Engineer,8,Linux; Cryptography; IDS/IPS; Firewalls; Penetration Testing; SIEM; Python; Risk Assessment; Network Protocols,"Result-driven Network Security Engineer professional with 8 years of experience. Skilled in Linux, Cryptography, IDS/IPS, Firewalls, Penetration Testing, SIEM, Python, Risk Assessment, Network Protocols. Completed BCA from City College. Worked on projects involving SIEM and Risk Assessment, delivering measurable improvements in team efficiency and project outcomes. Strong problem-solving ability and a track record of meeting deadlines. Certifications: None."
RES0234,DevOps Engineer,9,Ansible; CI/CD; AWS; Terraform; Monitoring,"Result-driven DevOps Engineer professional with 9 years of experience. Skilled in Ansible, CI/CD, AWS, Terraform, Monitoring. Completed B.Sc from National College. Worked on projects involving Terraform and CI/CD, delivering measurable improvements in team efficiency and project outcomes. Strong problem-solving ability and a track record of meeting deadlines. Certifications: Coursera Professional Certificate."
RES0541,Graphic Designer,7,Typography; Creativity; InDesign; Branding; UI/UX; Figma; Illustrator; Communication,"Result-driven Graphic Designer professional with 7 years of experience. Skilled in Typography, Creativity, InDesign, Branding, UI/UX, Figma, Illustrator, Communication. Completed B.Com from National College. Worked on projects involving InDesign and Illustrator, delivering measurable improvements in team efficiency and project outcomes. Strong problem-solving ability and a track record of meeting deadlines. Certifications: PMP."
RES0061,Web Development,3,HTML; Git; MongoDB; Express.js; JavaScript; Responsive Design,"Motivated Web Development candidate (3 years experience, M.Sc, City College) proficient in HTML, Git, MongoDB, Express.js, JavaScript, Responsive Design. Hands-on experience building solutions with MongoDB and Express.js. Recognized for strong communication skills and ability to work in fast-paced, collaborative environments. Certifications: Coursera Professional Certificate."
RES0487,Civil Engineer,12,AutoCAD; Cost Estimation; Revit; Construction Management; Project Management; Surveying; Structural Analysis,"Civil Engineer specialist with 12 years in the industry, holding a M.Tech from Metropolitan University. Core competencies include AutoCAD, Cost Estimation, Revit, Construction Management, Project Management, Surveying, Structural Analysis. Led initiatives using Revit that improved key metrics, and collaborated cross-functionally leveraging Surveying. Passionate about continuous learning and staying current with industry trends. Certifications: None."
RES0263,Network Security Engineer,12,IDS/IPS; Linux; SIEM; Python; Firewalls,"Result-driven Network Security Engineer professional with 12 years of experience. Skilled in IDS/IPS, Linux, SIEM, Python, Firewalls. Completed B.Tech from National College. Worked on projects involving IDS/IPS and SIEM, delivering measurable improvements in team efficiency and project outcomes. Strong problem-solving ability and a track record of meeting deadlines. Certifications: AWS Certified Associate."
RES0331,Digital Marketing,8,SEO; Marketing Strategy; Content Marketing; Copywriting; Excel; PPC; Social Media,"Motivated Digital Marketing candidate (8 years experience, B.Com, State University) proficient in SEO, Marketing Strategy, Content Marketing, Copywriting, Excel, PPC, Social Media. Hands-on experience building solutions with Content Marketing and Marketing Strategy. Recognized for strong communication skills and ability to work in fast-paced, collaborative environments. Certifications: None."
RES0488,Civil Engineer,12,AutoCAD; Revit; Surveying; Structural Analysis; Construction Management; Cost Estimation,"Result-driven Civil Engineer professional with 12 years of experience. Skilled in AutoCAD, Revit, Surveying, Structural Analysis, Construction Management, Cost Estimation. Completed B.Tech from Technical Institute. Worked on projects involving Revit and Surveying, delivering measurable improvements in team efficiency and project outcomes. Strong problem-solving ability and a track record of meeting deadlines. Certifications: Coursera Professional Certificate."
RES0249,Network Security Engineer,3,Risk Assessment; Network Protocols; Penetration Testing; Firewalls; Cryptography,"Result-driven Network Security Engineer professional with 3 years of experience. Skilled in Risk Assessment, Network Protocols, Penetration Testing, Firewalls, Cryptography. Completed MCA from Institute of Technology. Worked on projects involving Risk Assessment and Penetration Testing, delivering measurable improvements in team efficiency and project outcomes. Strong problem-solving ability and a track record of meeting deadlines. Certifications: Coursera Professional Certificate."
RES0561,Health and Fitness,2,Program Design; First Aid; Exercise Physiology; CPR Certified; Nutrition Planning; Client Assessment; Communication,"Motivated Health and Fitness candidate (2 years experience, M.Tech, National College) proficient in Program Design, First Aid, Exercise Physiology, CPR Certified, Nutrition Planning, Client Assessment, Communication. Hands-on experience building solutions with CPR Certified and Communication. Recognized for strong communication skills and ability to work in fast-paced, collaborative environments. Certifications: AWS Certified Associate."
RES0383,HR,9,Excel; Payroll; Onboarding; Recruitment; Performance Management; Conflict Resolution; HRIS; Communication; Employee Engagement,"Result-driven HR professional with 9 years of experience. Skilled in Excel, Payroll, Onboarding, Recruitment, Performance Management, Conflict Resolution, HRIS, Communication, Employee Engagement. Completed MCA from National College. Worked on projects involving Communication and Recruitment, delivering measurable improvements in team efficiency and project outcomes. Strong problem-solving ability and a track record of meeting deadlines. Certifications: AWS Certified Associate."
RES0074,Web Development,10,Responsive Design; JavaScript; CSS; MongoDB; Git; TypeScript; REST API; React,"Motivated Web Development candidate (10 years experience, B.Sc, National College) proficient in Responsive Design, JavaScript, CSS, MongoDB, Git, TypeScript, REST API, React. Hands-on experience building solutions with REST API and CSS. Recognized for strong communication skills and ability to work in fast-paced, collaborative environments. Certifications: None."
RES0084,Android Development,10,REST API; MVVM; Kotlin; Firebase; Android SDK,"Motivated Android Development candidate (10 years experience, M.Sc, Technical Institute) proficient in REST API, MVVM, Kotlin, Firebase, Android SDK. Hands-on experience building solutions with Firebase and Kotlin. Recognized for strong communication skills and ability to work in fast-paced, collaborative environments. Certifications: Coursera Professional Certificate."
RES0214,DevOps Engineer,2,Terraform; Git; Docker; Shell Scripting; Ansible; CI/CD,"DevOps Engineer specialist with 2 years in the industry, holding a M.Tech from Metropolitan University. Core competencies include Terraform, Git, Docker, Shell Scripting, Ansible, CI/CD. Led initiatives using Ansible that improved key metrics, and collaborated cross-functionally leveraging CI/CD. Passionate about continuous learning and staying current with industry trends. Certifications: None."
RES0251,Network Security Engineer,10,IDS/IPS; SIEM; Firewalls; Network Protocols; Cryptography; Vulnerability Assessment; Penetration Testing,"Result-driven Network Security Engineer professional with 10 years of experience. Skilled in IDS/IPS, SIEM, Firewalls, Network Protocols, Cryptography, Vulnerability Assessment, Penetration Testing. Completed M.Sc from Metropolitan University. Worked on projects involving Network Protocols and Cryptography, delivering measurable improvements in team efficiency and project outcomes. Strong problem-solving ability and a track record of meeting deadlines. Certifications: PMP."
RES0226,DevOps Engineer,2,Docker; Terraform; Kubernetes; Linux; Monitoring,"Motivated DevOps Engineer candidate (2 years experience, MCA, State University) proficient in Docker, Terraform, Kubernetes, Linux, Monitoring. Hands-on experience building solutions with Terraform and Linux. Recognized for strong communication skills and ability to work in fast-paced, collaborative environments. Certifications: Coursera Professional Certificate."
RES0384,HR,2,Recruitment; Conflict Resolution; Onboarding; Performance Management; Employee Engagement; Excel,"Result-driven HR professional with 2 years of experience. Skilled in Recruitment, Conflict Resolution, Onboarding, Performance Management, Employee Engagement, Excel. Completed MCA from City College. Worked on projects involving Recruitment and Conflict Resolution, delivering measurable improvements in team efficiency and project outcomes. Strong problem-solving ability and a track record of meeting deadlines. Certifications: Coursera Professional Certificate."
RES0256,Network Security Engineer,0,Firewalls; Vulnerability Assessment; SIEM; Network Protocols; Penetration Testing; Linux; IDS/IPS; Risk Assessment; Python,"Motivated Network Security Engineer candidate (0 years experience, B.Sc, State University) proficient in Firewalls, Vulnerability Assessment, SIEM, Network Protocols, Penetration Testing, Linux, IDS/IPS, Risk Assessment, Python. Hands-on experience building solutions with Network Protocols and Python. Recognized for strong communication skills and ability to work in fast-paced, collaborative environments. Certifications: Coursera Professional Certificate."
RES0531,Graphic Designer,11,Communication; Branding; Illustrator; Creativity; Figma; Photoshop,"Result-driven Graphic Designer professional with 11 years of experience. Skilled in Communication, Branding, Illustrator, Creativity, Figma, Photoshop. Completed B.Sc from Institute of Technology. Worked on projects involving Branding and Photoshop, delivering measurable improvements in team efficiency and project outcomes. Strong problem-solving ability and a track record of meeting deadlines. Certifications: None."
RES0136,Java Developer,8,Git; Spring Boot; REST API; Hibernate; JUnit; Multithreading; Microservices,"Java Developer specialist with 8 years in the industry, holding a M.Tech from State University. Core competencies include Git, Spring Boot, REST API, Hibernate, JUnit, Multithreading, Microservices. Led initiatives using Spring Boot that improved key metrics, and collaborated cross-functionally leveraging Microservices. Passionate about continuous learning and staying current with industry trends. Certifications: Google Certification."
RES0203,DevOps Engineer,9,Linux; Shell Scripting; Kubernetes; Git; Jenkins; CI/CD,"Result-driven DevOps Engineer professional with 9 years of experience. Skilled in Linux, Shell Scripting, Kubernetes, Git, Jenkins, CI/CD. Completed BCA from Technical Institute. Worked on projects involving Jenkins and Git, delivering measurable improvements in team efficiency and project outcomes. Strong problem-solving ability and a track record of meeting deadlines. Certifications: Microsoft Certified."
RES0266,Network Security Engineer,2,Penetration Testing; Firewalls; Cryptography; Network Protocols; IDS/IPS; Linux,"Network Security Engineer specialist with 2 years in the industry, holding a B.Tech from National College. Core competencies include Penetration Testing, Firewalls, Cryptography, Network Protocols, IDS/IPS, Linux. Led initiatives using Penetration Testing that improved key metrics, and collaborated cross-functionally leveraging Network Protocols. Passionate about continuous learning and staying current with industry trends. Certifications: Coursera Professional Certificate."
RES0287,Business Analyst,6,Requirements Gathering; Tableau; Communication; Process Improvement; Data Visualization,"Result-driven Business Analyst professional with 6 years of experience. Skilled in Requirements Gathering, Tableau, Communication, Process Improvement, Data Visualization. Completed MBA from National College. Worked on projects involving Communication and Data Visualization, delivering measurable improvements in team efficiency and project outcomes. Strong problem-solving ability and a track record of meeting deadlines. Certifications: PMP."
RES0302,Business Analyst,11,Power BI; Agile; Communication; Tableau; SQL; Excel; Process Improvement,"Business Analyst specialist with 11 years in the industry, holding a B.Tech from Institute of Technology. Core competencies include Power BI, Agile, Communication, Tableau, SQL, Excel, Process Improvement. Led initiatives using Power BI that improved key metrics, and collaborated cross-functionally leveraging Tableau. Passionate about continuous learning and staying current with industry trends. Certifications: Microsoft Certified."
RES0433,Sales,10,Negotiation; Cold Calling; Communication; CRM; Client Relationship Management,"Motivated Sales candidate (10 years experience, M.Sc, Technical Institute) proficient in Negotiation, Cold Calling, Communication, CRM, Client Relationship Management. Hands-on experience building solutions with Client Relationship Management and Cold Calling. Recognized for strong communication skills and ability to work in fast-paced, collaborative environments. Certifications: PMP."
RES0270,Network Security Engineer,7,Cryptography; Python; Risk Assessment; Network Protocols; Vulnerability Assessment,"Motivated Network Security Engineer candidate (7 years experience, M.Tech, Metropolitan University) proficient in Cryptography, Python, Risk Assessment, Network Protocols, Vulnerability Assessment. Hands-on experience building solutions with Risk Assessment and Cryptography. Recognized for strong communication skills and ability to work in fast-paced, collaborative environments. Certifications: PMP."
RES0190,Python Developer,1,Django; Docker; Pandas; Git; Flask; REST API,"Motivated Python Developer candidate (1 years experience, B.Com, State University) proficient in Django, Docker, Pandas, Git, Flask, REST API. Hands-on experience building solutions with Docker and REST API. Recognized for strong communication skills and ability to work in fast-paced, collaborative environments. Certifications: None."
RES0040,Data Science,11,NumPy; Data Visualization; TensorFlow; Tableau; SQL; Statistics; Scikit-learn; Machine Learning,"Data Science specialist with 11 years in the industry, holding a B.Com from Metropolitan University. Core competencies include NumPy, Data Visualization, TensorFlow, Tableau, SQL, Statistics, Scikit-learn, Machine Learning. Led initiatives using Machine Learning that improved key metrics, and collaborated cross-functionally leveraging Data Visualization. Passionate about continuous learning and staying current with industry trends. Certifications: None."
RES0432,Sales,2,Negotiation; CRM; Sales Strategy; Cold Calling; Lead Generation; Client Relationship Management,"Sales specialist with 2 years in the industry, holding a B.Tech from City College. Core competencies include Negotiation, CRM, Sales Strategy, Cold Calling, Lead Generation, Client Relationship Management. Led initiatives using Lead Generation that improved key metrics, and collaborated cross-functionally leveraging Client Relationship Management. Passionate about continuous learning and staying current with industry trends. Certifications: AWS Certified Associate."
RES0402,Sales,3,Lead Generation; Cold Calling; Negotiation; Sales Strategy; CRM,"Result-driven Sales professional with 3 years of experience. Skilled in Lead Generation, Cold Calling, Negotiation, Sales Strategy, CRM. Completed MBA from State University. Worked on projects involving Negotiation and Cold Calling, delivering measurable improvements in team efficiency and project outcomes. Strong problem-solving ability and a track record of meeting deadlines. Certifications: Coursera Professional Certificate."
RES0244,Network Security Engineer,3,Penetration Testing; Python; SIEM; Vulnerability Assessment; Linux; Firewalls; Network Protocols; Risk Assessment; Cryptography,"Motivated Network Security Engineer candidate (3 years experience, M.Sc, National College) proficient in Penetration Testing, Python, SIEM, Vulnerability Assessment, Linux, Firewalls, Network Protocols, Risk Assessment, Cryptography. Hands-on experience building solutions with Firewalls and Network Protocols. Recognized for strong communication skills and ability to work in fast-paced, collaborative environments. Certifications: None."
RES0067,Web Development,6,REST API; CSS; Git; HTML; Responsive Design; Node.js; React,"Web Development specialist with 6 years in the industry, holding a B.Tech from Institute of Technology. Core competencies include REST API, CSS, Git, HTML, Responsive Design, Node.js, React. Led initiatives using Responsive Design that improved key metrics, and collaborated cross-functionally leveraging Git. Passionate about continuous learning and staying current with industry trends. Certifications: Microsoft Certified."
RES0337,Digital Marketing,11,Marketing Strategy; Social Media; Email Marketing; PPC; Excel; SEO,"Motivated Digital Marketing candidate (11 years experience, B.Sc, State University) proficient in Marketing Strategy, Social Media, Email Marketing, PPC, Excel, SEO. Hands-on experience building solutions with Excel and Marketing Strategy. Recognized for strong communication skills and ability to work in fast-paced, collaborative environments. Certifications: Microsoft Certified."
RES0466,Mechanical Engineer,0,Quality Control; SolidWorks; AutoCAD; Six Sigma; Thermodynamics; Manufacturing; Project Management,"Motivated Mechanical Engineer candidate (0 years experience, MCA, Technical Institute) proficient in Quality Control, SolidWorks, AutoCAD, Six Sigma, Thermodynamics, Manufacturing, Project Management. Hands-on experience building solutions with SolidWorks and Thermodynamics. Recognized for strong communication skills and ability to work in fast-paced, collaborative environments. Certifications: Coursera Professional Certificate."
RES0420,Sales,6,Lead Generation; Cold Calling; CRM; Negotiation; Sales Strategy,"Result-driven Sales professional with 6 years of experience. Skilled in Lead Generation, Cold Calling, CRM, Negotiation, Sales Strategy. Completed BCA from National College. Worked on projects involving Negotiation and CRM, delivering measurable improvements in team efficiency and project outcomes. Strong problem-solving ability and a track record of meeting deadlines. Certifications: Google Certification."
RES0042,Web Development,2,JavaScript; Responsive Design; React; Git; REST API,"Motivated Web Development candidate (2 years experience, M.Tech, State University) proficient in JavaScript, Responsive Design, React, Git, REST API. Hands-on experience building solutions with Git and REST API. Recognized for strong communication skills and ability to work in fast-paced, collaborative environments. Certifications: AWS Certified Associate."
RES0534,Graphic Designer,2,Photoshop; Illustrator; Communication; Branding; Figma; Typography; InDesign,"Motivated Graphic Designer candidate (2 years experience, B.Com, City College) proficient in Photoshop, Illustrator, Communication, Branding, Figma, Typography, InDesign. Hands-on experience building solutions with Figma and Illustrator. Recognized for strong communication skills and ability to work in fast-paced, collaborative environments. Certifications: Microsoft Certified."
RES0218,DevOps Engineer,12,Monitoring; Linux; AWS; Ansible; Shell Scripting; Kubernetes; Terraform,"Motivated DevOps Engineer candidate (12 years experience, B.Tech, Technical Institute) proficient in Monitoring, Linux, AWS, Ansible, Shell Scripting, Kubernetes, Terraform. Hands-on experience building solutions with AWS and Shell Scripting. Recognized for strong communication skills and ability to work in fast-paced, collaborative environments. Certifications: AWS Certified Associate."
RES0435,Sales,11,Client Relationship Management; Lead Generation; Cold Calling; Communication; CRM,"Motivated Sales candidate (11 years experience, M.Tech, Technical Institute) proficient in Client Relationship Management, Lead Generation, Cold Calling, Communication, CRM. Hands-on experience building solutions with Client Relationship Management and CRM. Recognized for strong communication skills and ability to work in fast-paced, collaborative environments. Certifications: Microsoft Certified."
RES0051,Web Development,5,JavaScript; Express.js; Node.js; MongoDB; React; Git; TypeScript; Responsive Design,"Web Development specialist with 5 years in the industry, holding a M.Tech from State University. Core competencies include JavaScript, Express.js, Node.js, MongoDB, React, Git, TypeScript, Responsive Design. Led initiatives using React that improved key metrics, and collaborated cross-functionally leveraging MongoDB. Passionate about continuous learning and staying current with industry trends. Certifications: Google Certification."
RES0456,Mechanical Engineer,10,Project Management; AutoCAD; Quality Control; Six Sigma; Manufacturing; SolidWorks; Thermodynamics,"Motivated Mechanical Engineer candidate (10 years experience, B.Tech, State University) proficient in Project Management, AutoCAD, Quality Control, Six Sigma, Manufacturing, SolidWorks, Thermodynamics. Hands-on experience building solutions with AutoCAD and Thermodynamics. Recognized for strong communication skills and ability to work in fast-paced, collaborative environments. Certifications: Microsoft Certified."
RES0574,Health and Fitness,7,Exercise Physiology; Client Assessment; Communication; First Aid; Nutrition Planning; Program Design,"Result-driven Health and Fitness professional with 7 years of experience. Skilled in Exercise Physiology, Client Assessment, Communication, First Aid, Nutrition Planning, Program Design. Completed B.E. from National College. Worked on projects involving Program Design and First Aid, delivering measurable improvements in team efficiency and project outcomes. Strong problem-solving ability and a track record of meeting deadlines. Certifications: None."
RES0099,Android Development,0,Java; Android SDK; REST API; Git; MVVM; Material Design; SQLite,"Result-driven Android Development professional with 0 years of experience. Skilled in Java, Android SDK, REST API, Git, MVVM, Material Design, SQLite. Completed B.E. from Institute of Technology. Worked on projects involving MVVM and Material Design, delivering measurable improvements in team efficiency and project outcomes. Strong problem-solving ability and a track record of meeting deadlines. Certifications: PMP."
RES0299,Business Analyst,3,Data Visualization; SQL; Process Improvement; Tableau; Power BI; Excel; Communication; Requirements Gathering,"Result-driven Business Analyst professional with 3 years of experience. Skilled in Data Visualization, SQL, Process Improvement, Tableau, Power BI, Excel, Communication, Requirements Gathering. Completed MCA from National College. Worked on projects involving Power BI and Tableau, delivering measurable improvements in team efficiency and project outcomes. Strong problem-solving ability and a track record of meeting deadlines. Certifications: Coursera Professional Certificate."
RES0475,Mechanical Engineer,10,SolidWorks; MATLAB; AutoCAD; Project Management; Six Sigma; Manufacturing,"Mechanical Engineer specialist with 10 years in the industry, holding a B.E. from State University. Core competencies include SolidWorks, MATLAB, AutoCAD, Project Management, Six Sigma, Manufacturing. Led initiatives using Manufacturing that improved key metrics, and collaborated cross-functionally leveraging MATLAB. Passionate about continuous learning and staying current with industry trends. Certifications: AWS Certified Associate."
RES0168,Python Developer,7,Celery; Unit Testing; Flask; Django; Docker; REST API,"Result-driven Python Developer professional with 7 years of experience. Skilled in Celery, Unit Testing, Flask, Django, Docker, REST API. Completed B.Sc from City College. Worked on projects involving Unit Testing and Docker, delivering measurable improvements in team efficiency and project outcomes. Strong problem-solving ability and a track record of meeting deadlines. Certifications: PMP."
RES0054,Web Development,11,React; Node.js; REST API; MongoDB; TypeScript; Git; JavaScript; Responsive Design,"Web Development specialist with 11 years in the industry, holding a B.Com from National College. Core competencies include React, Node.js, REST API, MongoDB, TypeScript, Git, JavaScript, Responsive Design. Led initiatives using Git that improved key metrics, and collaborated cross-functionally leveraging Responsive Design. Passionate about continuous learning and staying current with industry trends. Certifications: PMP."
RES0127,Java Developer,0,Hibernate; Spring Boot; Maven; Java; Multithreading; JUnit,"Java Developer specialist with 0 years in the industry, holding a M.Tech from State University. Core competencies include Hibernate, Spring Boot, Maven, Java, Multithreading, JUnit. Led initiatives using Maven that improved key metrics, and collaborated cross-functionally leveraging JUnit. Passionate about continuous learning and staying current with industry trends. Certifications: Microsoft Certified."
RES0397,HR,1,Excel; Recruitment; Employee Engagement; Onboarding; Conflict Resolution; Performance Management; HRIS; Payroll; Communication,"Motivated HR candidate (1 years experience, MCA, City College) proficient in Excel, Recruitment, Employee Engagement, Onboarding, Conflict Resolution, Performance Management, HRIS, Payroll, Communication. Hands-on experience building solutions with Excel and Performance Management. Recognized for strong communication skills and ability to work in fast-paced, collaborative environments. Certifications: Microsoft Certified."
RES0194,Python Developer,2,Docker; Celery; SQL; Flask; REST API; Unit Testing; Git,"Result-driven Python Developer professional with 2 years of experience. Skilled in Docker, Celery, SQL, Flask, REST API, Unit Testing, Git. Completed BCA from State University. Worked on projects involving Git and REST API, delivering measurable improvements in team efficiency and project outcomes. Strong problem-solving ability and a track record of meeting deadlines. Certifications: AWS Certified Associate."
RES0072,Web Development,11,REST API; React; TypeScript; Git; CSS; Express.js; HTML; JavaScript,"Motivated Web Development candidate (11 years experience, MCA, City College) proficient in REST API, React, TypeScript, Git, CSS, Express.js, HTML, JavaScript. Hands-on experience building solutions with HTML and Git. Recognized for strong communication skills and ability to work in fast-paced, collaborative environments. Certifications: None."
RES0345,Digital Marketing,0,Communication; Copywriting; Social Media; Email Marketing; Google Analytics; Marketing Strategy; SEO; Excel,"Motivated Digital Marketing candidate (0 years experience, B.E., Technical Institute) proficient in Communication, Copywriting, Social Media, Email Marketing, Google Analytics, Marketing Strategy, SEO, Excel. Hands-on experience building solutions with Social Media and Copywriting. Recognized for strong communication skills and ability to work in fast-paced, collaborative environments. Certifications: None."
RES0477,Mechanical Engineer,1,Quality Control; Project Management; Thermodynamics; SolidWorks; Manufacturing,"Motivated Mechanical Engineer candidate (1 years experience, MCA, Institute of Technology) proficient in Quality Control, Project Management, Thermodynamics, SolidWorks, Manufacturing. Hands-on experience building solutions with Manufacturing and SolidWorks. Recognized for strong communication skills and ability to work in fast-paced, collaborative environments. Certifications: Google Certification."
RES0342,Digital Marketing,9,Email Marketing; Marketing Strategy; Content Marketing; Social Media; PPC; Excel; Communication,"Motivated Digital Marketing candidate (9 years experience, B.Sc, Technical Institute) proficient in Email Marketing, Marketing Strategy, Content Marketing, Social Media, PPC, Excel, Communication. Hands-on experience building solutions with Content Marketing and Social Media. Recognized for strong communication skills and ability to work in fast-paced, collaborative environments. Certifications: Google Certification."
RES0403,Sales,4,Excel; CRM; Sales Strategy; Lead Generation; Client Relationship Management; Communication; Negotiation; Cold Calling,"Motivated Sales candidate (4 years experience, M.Sc, State University) proficient in Excel, CRM, Sales Strategy, Lead Generation, Client Relationship Management, Communication, Negotiation, Cold Calling. Hands-on experience building solutions with Negotiation and Client Relationship Management. Recognized for strong communication skills and ability to work in fast-paced, collaborative environments. Certifications: Google Certification."
RES0154,Java Developer,10,Hibernate; JUnit; SQL; REST API; Multithreading,"Java Developer specialist with 10 years in the industry, holding a MCA from Technical Institute. Core competencies include Hibernate, JUnit, SQL, REST API, Multithreading. Led initiatives using REST API that improved key metrics, and collaborated cross-functionally leveraging SQL. Passionate about continuous learning and staying current with industry trends. Certifications: Google Certification."
RES0180,Python Developer,3,Celery; Python; Django; Docker; REST API; Git; Pandas; SQL,"Motivated Python Developer candidate (3 years experience, MBA, National College) proficient in Celery, Python, Django, Docker, REST API, Git, Pandas, SQL. Hands-on experience building solutions with Celery and Python. Recognized for strong communication skills and ability to work in fast-paced, collaborative environments. Certifications: Google Certification."
RES0120,Android Development,3,REST API; SQLite; Android SDK; Material Design; Firebase; Java,"Android Development specialist with 3 years in the industry, holding a MCA from National College. Core competencies include REST API, SQLite, Android SDK, Material Design, Firebase, Java. Led initiatives using REST API that improved key metrics, and collaborated cross-functionally leveraging Material Design. Passionate about continuous learning and staying current with industry trends. Certifications: Coursera Professional Certificate."
RES0305,Business Analyst,2,Data Visualization; Process Improvement; Excel; Agile; Tableau; SQL; Requirements Gathering; Stakeholder Management,"Business Analyst specialist with 2 years in the industry, holding a B.Sc from Metropolitan University. Core competencies include Data Visualization, Process Improvement, Excel, Agile, Tableau, SQL, Requirements Gathering, Stakeholder Management. Led initiatives using SQL that improved key metrics, and collaborated cross-functionally leveraging Process Improvement. Passionate about continuous learning and staying current with industry trends. Certifications: AWS Certified Associate."
RES0549,Graphic Designer,8,Typography; Illustrator; Figma; Communication; Photoshop,"Motivated Graphic Designer candidate (8 years experience, MBA, State University) proficient in Typography, Illustrator, Figma, Communication, Photoshop. Hands-on experience building solutions with Communication and Photoshop. Recognized for strong communication skills and ability to work in fast-paced, collaborative environments. Certifications: Microsoft Certified."
RES0577,Health and Fitness,1,Exercise Physiology; Communication; First Aid; Client Assessment; CPR Certified; Nutrition Planning,"Health and Fitness specialist with 1 years in the industry, holding a MBA from City College. Core competencies include Exercise Physiology, Communication, First Aid, Client Assessment, CPR Certified, Nutrition Planning. Led initiatives using CPR Certified that improved key metrics, and collaborated cross-functionally leveraging Client Assessment. Passionate about continuous learning and staying current with industry trends. Certifications: Google Certification."
RES0377,HR,4,Excel; Employee Engagement; Recruitment; Communication; HRIS,"Result-driven HR professional with 4 years of experience. Skilled in Excel, Employee Engagement, Recruitment, Communication, HRIS. Completed M.Tech from Institute of Technology. Worked on projects involving Recruitment and Communication, delivering measurable improvements in team efficiency and project outcomes. Strong problem-solving ability and a track record of meeting deadlines. Certifications: None."
RES0584,Health and Fitness,10,First Aid; Program Design; Client Assessment; Nutrition Planning; Exercise Physiology; CPR Certified,"Result-driven Health and Fitness professional with 10 years of experience. Skilled in First Aid, Program Design, Client Assessment, Nutrition Planning, Exercise Physiology, CPR Certified. Completed MCA from National College. Worked on projects involving CPR Certified and Exercise Physiology, delivering measurable improvements in team efficiency and project outcomes. Strong problem-solving ability and a track record of meeting deadlines. Certifications: Google Certification."
RES0298,Business Analyst,3,Stakeholder Management; Data Visualization; Excel; Communication; Requirements Gathering; SQL; Tableau; Power BI,"Motivated Business Analyst candidate (3 years experience, B.Tech, State University) proficient in Stakeholder Management, Data Visualization, Excel, Communication, Requirements Gathering, SQL, Tableau, Power BI. Hands-on experience building solutions with Data Visualization and Stakeholder Management. Recognized for strong communication skills and ability to work in fast-paced, collaborative environments. Certifications: Microsoft Certified."
RES0535,Graphic Designer,4,Illustrator; Photoshop; Typography; Creativity; Branding,"Motivated Graphic Designer candidate (4 years experience, B.E., Technical Institute) proficient in Illustrator, Photoshop, Typography, Creativity, Branding. Hands-on experience building solutions with Illustrator and Branding. Recognized for strong communication skills and ability to work in fast-paced, collaborative environments. Certifications: Google Certification."
RES0472,Mechanical Engineer,5,AutoCAD; Six Sigma; Quality Control; Thermodynamics; Manufacturing; MATLAB; SolidWorks,"Motivated Mechanical Engineer candidate (5 years experience, M.Sc, National College) proficient in AutoCAD, Six Sigma, Quality Control, Thermodynamics, Manufacturing, MATLAB, SolidWorks. Hands-on experience building solutions with SolidWorks and AutoCAD. Recognized for strong communication skills and ability to work in fast-paced, collaborative environments. Certifications: AWS Certified Associate."
RES0557,Graphic Designer,7,Illustrator; Figma; Creativity; Photoshop; InDesign; Communication,"Result-driven Graphic Designer professional with 7 years of experience. Skilled in Illustrator, Figma, Creativity, Photoshop, InDesign, Communication. Completed MCA from Technical Institute. Worked on projects involving Photoshop and Communication, delivering measurable improvements in team efficiency and project outcomes. Strong problem-solving ability and a track record of meeting deadlines. Certifications: None."
RES0003,Data Science,1,Machine Learning; Python; NumPy; Statistics; SQL; Tableau; Pandas; Data Visualization; TensorFlow,"Motivated Data Science candidate (1 years experience, B.Sc, Metropolitan University) proficient in Machine Learning, Python, NumPy, Statistics, SQL, Tableau, Pandas, Data Visualization, TensorFlow. Hands-on experience building solutions with Python and Tableau. Recognized for strong communication skills and ability to work in fast-paced, collaborative environments. Certifications: AWS Certified Associate."
RES0514,Civil Engineer,2,Project Management; AutoCAD; Structural Analysis; Cost Estimation; Surveying; Construction Management,"Result-driven Civil Engineer professional with 2 years of experience. Skilled in Project Management, AutoCAD, Structural Analysis, Cost Estimation, Surveying, Construction Management. Completed B.E. from City College. Worked on projects involving Surveying and Structural Analysis, delivering measurable improvements in team efficiency and project outcomes. Strong problem-solving ability and a track record of meeting deadlines. Certifications: Google Certification."
RES0153,Java Developer,11,Maven; Git; Microservices; Spring Boot; SQL,"Motivated Java Developer candidate (11 years experience, M.Tech, Metropolitan University) proficient in Maven, Git, Microservices, Spring Boot, SQL. Hands-on experience building solutions with SQL and Spring Boot. Recognized for strong communication skills and ability to work in fast-paced, collaborative environments. Certifications: None."
RES0555,Graphic Designer,8,Figma; Communication; Illustrator; Branding; UI/UX; Creativity; Typography; InDesign; Photoshop,"Result-driven Graphic Designer professional with 8 years of experience. Skilled in Figma, Communication, Illustrator, Branding, UI/UX, Creativity, Typography, InDesign, Photoshop. Completed M.Tech from National College. Worked on projects involving InDesign and Illustrator, delivering measurable improvements in team efficiency and project outcomes. Strong problem-solving ability and a track record of meeting deadlines. Certifications: Google Certification."
RES0374,HR,10,Payroll; Onboarding; Recruitment; Performance Management; Employee Engagement; Communication; HRIS; Excel,"HR specialist with 10 years in the industry, holding a M.Sc from City College. Core competencies include Payroll, Onboarding, Recruitment, Performance Management, Employee Engagement, Communication, HRIS, Excel. Led initiatives using Employee Engagement that improved key metrics, and collaborated cross-functionally leveraging Excel. Passionate about continuous learning and staying current with industry trends. Certifications: None."
RES0425,Sales,8,Negotiation; CRM; Client Relationship Management; Excel; Communication; Lead Generation; Cold Calling; Sales Strategy,"Sales specialist with 8 years in the industry, holding a B.Tech from Institute of Technology. Core competencies include Negotiation, CRM, Client Relationship Management, Excel, Communication, Lead Generation, Cold Calling, Sales Strategy. Led initiatives using Communication that improved key metrics, and collaborated cross-functionally leveraging Excel. Passionate about continuous learning and staying current with industry trends. Certifications: PMP."
RES0025,Data Science,2,Scikit-learn; TensorFlow; Machine Learning; NumPy; SQL; Python; Pandas; A/B Testing; Tableau,"Motivated Data Science candidate (2 years experience, MCA, Technical Institute) proficient in Scikit-learn, TensorFlow, Machine Learning, NumPy, SQL, Python, Pandas, A/B Testing, Tableau. Hands-on experience building solutions with SQL and Scikit-learn. Recognized for strong communication skills and ability to work in fast-paced, collaborative environments. Certifications: None."
RES0064,Web Development,4,TypeScript; HTML; Git; REST API; Node.js,"Web Development specialist with 4 years in the industry, holding a B.Tech from State University. Core competencies include TypeScript, HTML, Git, REST API, Node.js. Led initiatives using HTML that improved key metrics, and collaborated cross-functionally leveraging TypeScript. Passionate about continuous learning and staying current with industry trends. Certifications: None."
RES0182,Python Developer,12,REST API; Celery; Git; Unit Testing; SQL; Docker; Python,"Python Developer specialist with 12 years in the industry, holding a MCA from National College. Core competencies include REST API, Celery, Git, Unit Testing, SQL, Docker, Python. Led initiatives using Celery that improved key metrics, and collaborated cross-functionally leveraging Git. Passionate about continuous learning and staying current with industry trends. Certifications: AWS Certified Associate."
RES0260,Network Security Engineer,5,Risk Assessment; Cryptography; Firewalls; Penetration Testing; Network Protocols,"Result-driven Network Security Engineer professional with 5 years of experience. Skilled in Risk Assessment, Cryptography, Firewalls, Penetration Testing, Network Protocols. Completed M.Tech from City College. Worked on projects involving Network Protocols and Risk Assessment, delivering measurable improvements in team efficiency and project outcomes. Strong problem-solving ability and a track record of meeting deadlines. Certifications: PMP."
RES0322,Digital Marketing,2,Communication; Marketing Strategy; PPC; SEO; Copywriting; Content Marketing; Google Analytics,"Digital Marketing specialist with 2 years in the industry, holding a B.Com from State University. Core competencies include Communication, Marketing Strategy, PPC, SEO, Copywriting, Content Marketing, Google Analytics. Led initiatives using Google Analytics that improved key metrics, and collaborated cross-functionally leveraging Copywriting. Passionate about continuous learning and staying current with industry trends. Certifications: Google Certification."
RES0479,Mechanical Engineer,4,Six Sigma; AutoCAD; Manufacturing; SolidWorks; Project Management; MATLAB; Quality Control,"Result-driven Mechanical Engineer professional with 4 years of experience. Skilled in Six Sigma, AutoCAD, Manufacturing, SolidWorks, Project Management, MATLAB, Quality Control. Completed B.E. from City College. Worked on projects involving Manufacturing and SolidWorks, delivering measurable improvements in team efficiency and project outcomes. Strong problem-solving ability and a track record of meeting deadlines. Certifications: Microsoft Certified."
RES0510,Civil Engineer,1,AutoCAD; Construction Management; Structural Analysis; Project Management; Cost Estimation,"Result-driven Civil Engineer professional with 1 years of experience. Skilled in AutoCAD, Construction Management, Structural Analysis, Project Management, Cost Estimation. Completed B.E. from National College. Worked on projects involving AutoCAD and Construction Management, delivering measurable improvements in team efficiency and project outcomes. Strong problem-solving ability and a track record of meeting deadlines. Certifications: PMP."
RES0031,Data Science,3,A/B Testing; Scikit-learn; Machine Learning; NumPy; Pandas; Excel; Python; Statistics,"Result-driven Data Science professional with 3 years of experience. Skilled in A/B Testing, Scikit-learn, Machine Learning, NumPy, Pandas, Excel, Python, Statistics. Completed M.Tech from Metropolitan University. Worked on projects involving Excel and Machine Learning, delivering measurable improvements in team efficiency and project outcomes. Strong problem-solving ability and a track record of meeting deadlines. Certifications: Google Certification."
RES0375,HR,2,Performance Management; Communication; Conflict Resolution; Excel; Payroll; HRIS; Onboarding,"Motivated HR candidate (2 years experience, B.E., State University) proficient in Performance Management, Communication, Conflict Resolution, Excel, Payroll, HRIS, Onboarding. Hands-on experience building solutions with Communication and HRIS. Recognized for strong communication skills and ability to work in fast-paced, collaborative environments. Certifications: Google Certification."
RES0057,Web Development,0,Express.js; Node.js; JavaScript; MongoDB; HTML,"Result-driven Web Development professional with 0 years of experience. Skilled in Express.js, Node.js, JavaScript, MongoDB, HTML. Completed M.Sc from Metropolitan University. Worked on projects involving MongoDB and HTML, delivering measurable improvements in team efficiency and project outcomes. Strong problem-solving ability and a track record of meeting deadlines. Certifications: AWS Certified Associate."
RES0259,Network Security Engineer,6,SIEM; Python; Vulnerability Assessment; Penetration Testing; IDS/IPS; Network Protocols; Cryptography,"Result-driven Network Security Engineer professional with 6 years of experience. Skilled in SIEM, Python, Vulnerability Assessment, Penetration Testing, IDS/IPS, Network Protocols, Cryptography. Completed M.Sc from City College. Worked on projects involving Network Protocols and Vulnerability Assessment, delivering measurable improvements in team efficiency and project outcomes. Strong problem-solving ability and a track record of meeting deadlines. Certifications: Google Certification."
RES0217,DevOps Engineer,1,CI/CD; Linux; Kubernetes; Shell Scripting; AWS; Docker; Git; Monitoring; Ansible,"Motivated DevOps Engineer candidate (1 years experience, MCA, State University) proficient in CI/CD, Linux, Kubernetes, Shell Scripting, AWS, Docker, Git, Monitoring, Ansible. Hands-on experience building solutions with Shell Scripting and Ansible. Recognized for strong communication skills and ability to work in fast-paced, collaborative environments. Certifications: None."
RES0409,Sales,10,Communication; CRM; Negotiation; Lead Generation; Cold Calling; Sales Strategy,"Sales specialist with 10 years in the industry, holding a B.Sc from State University. Core competencies include Communication, CRM, Negotiation, Lead Generation, Cold Calling, Sales Strategy. Led initiatives using Sales Strategy that improved key metrics, and collaborated cross-functionally leveraging Lead Generation. Passionate about continuous learning and staying current with industry trends. Certifications: PMP."
RES0445,Mechanical Engineer,0,SolidWorks; Project Management; Quality Control; Six Sigma; MATLAB; Thermodynamics,"Result-driven Mechanical Engineer professional with 0 years of experience. Skilled in SolidWorks, Project Management, Quality Control, Six Sigma, MATLAB, Thermodynamics. Completed MCA from Metropolitan University. Worked on projects involving Thermodynamics and MATLAB, delivering measurable improvements in team efficiency and project outcomes. Strong problem-solving ability and a track record of meeting deadlines. Certifications: Coursera Professional Certificate."
RES0556,Graphic Designer,4,InDesign; Creativity; Figma; Photoshop; Illustrator; UI/UX; Typography,"Graphic Designer specialist with 4 years in the industry, holding a B.E. from National College. Core competencies include InDesign, Creativity, Figma, Photoshop, Illustrator, UI/UX, Typography. Led initiatives using UI/UX that improved key metrics, and collaborated cross-functionally leveraging Illustrator. Passionate about continuous learning and staying current with industry trends. Certifications: Google Certification."
RES0581,Health and Fitness,5,Communication; First Aid; Program Design; CPR Certified; Nutrition Planning; Client Assessment; Exercise Physiology,"Result-driven Health and Fitness professional with 5 years of experience. Skilled in Communication, First Aid, Program Design, CPR Certified, Nutrition Planning, Client Assessment, Exercise Physiology. Completed B.Sc from Institute of Technology. Worked on projects involving Exercise Physiology and Program Design, delivering measurable improvements in team efficiency and project outcomes. Strong problem-solving ability and a track record of meeting deadlines. Certifications: Google Certification."
RES0304,Business Analyst,6,Tableau; Excel; Requirements Gathering; Communication; Data Visualization; Stakeholder Management; Process Improvement,"Motivated Business Analyst candidate (6 years experience, M.Tech, Metropolitan University) proficient in Tableau, Excel, Requirements Gathering, Communication, Data Visualization, Stakeholder Management, Process Improvement. Hands-on experience building solutions with Requirements Gathering and Stakeholder Management. Recognized for strong communication skills and ability to work in fast-paced, collaborative environments. Certifications: None."
RES0589,Health and Fitness,7,Client Assessment; First Aid; Exercise Physiology; Communication; Program Design; Nutrition Planning; CPR Certified,"Result-driven Health and Fitness professional with 7 years of experience. Skilled in Client Assessment, First Aid, Exercise Physiology, Communication, Program Design, Nutrition Planning, CPR Certified. Completed BCA from State University. Worked on projects involving CPR Certified and Communication, delivering measurable improvements in team efficiency and project outcomes. Strong problem-solving ability and a track record of meeting deadlines. Certifications: AWS Certified Associate."
RES0015,Data Science,11,Python; Tableau; TensorFlow; Scikit-learn; A/B Testing; Excel; Statistics,"Result-driven Data Science professional with 11 years of experience. Skilled in Python, Tableau, TensorFlow, Scikit-learn, A/B Testing, Excel, Statistics. Completed B.Tech from Institute of Technology. Worked on projects involving Python and Statistics, delivering measurable improvements in team efficiency and project outcomes. Strong problem-solving ability and a track record of meeting deadlines. Certifications: AWS Certified Associate."
RES0012,Data Science,5,Tableau; SQL; Data Visualization; Python; Pandas,"Result-driven Data Science professional with 5 years of experience. Skilled in Tableau, SQL, Data Visualization, Python, Pandas. Completed M.Sc from Institute of Technology. Worked on projects involving Tableau and SQL, delivering measurable improvements in team efficiency and project outcomes. Strong problem-solving ability and a track record of meeting deadlines. Certifications: Microsoft Certified."
RES0082,Android Development,5,Jetpack Compose; Git; Android SDK; Java; SQLite,"Android Development specialist with 5 years in the industry, holding a BCA from Institute of Technology. Core competencies include Jetpack Compose, Git, Android SDK, Java, SQLite. Led initiatives using Git that improved key metrics, and collaborated cross-functionally leveraging SQLite. Passionate about continuous learning and staying current with industry trends. Certifications: Microsoft Certified."
RES0326,Digital Marketing,3,Google Analytics; Content Marketing; SEO; PPC; Communication,"Motivated Digital Marketing candidate (3 years experience, M.Tech, City College) proficient in Google Analytics, Content Marketing, SEO, PPC, Communication. Hands-on experience building solutions with PPC and Google Analytics. Recognized for strong communication skills and ability to work in fast-paced, collaborative environments. Certifications: Google Certification."
RES0388,HR,7,Communication; Employee Engagement; Conflict Resolution; Payroll; Recruitment; Excel; Onboarding,"Result-driven HR professional with 7 years of experience. Skilled in Communication, Employee Engagement, Conflict Resolution, Payroll, Recruitment, Excel, Onboarding. Completed M.Sc from Institute of Technology. Worked on projects involving Conflict Resolution and Communication, delivering measurable improvements in team efficiency and project outcomes. Strong problem-solving ability and a track record of meeting deadlines. Certifications: None."
RES0175,Python Developer,3,Unit Testing; SQL; Python; Django; REST API; Flask,"Python Developer specialist with 3 years in the industry, holding a MBA from Technical Institute. Core competencies include Unit Testing, SQL, Python, Django, REST API, Flask. Led initiatives using REST API that improved key metrics, and collaborated cross-functionally leveraging Python. Passionate about continuous learning and staying current with industry trends. Certifications: Google Certification."
RES0405,Sales,12,CRM; Sales Strategy; Negotiation; Lead Generation; Client Relationship Management; Cold Calling; Communication; Excel,"Sales specialist with 12 years in the industry, holding a M.Tech from City College. Core competencies include CRM, Sales Strategy, Negotiation, Lead Generation, Client Relationship Management, Cold Calling, Communication, Excel. Led initiatives using CRM that improved key metrics, and collaborated cross-functionally leveraging Cold Calling. Passionate about continuous learning and staying current with industry trends. Certifications: None."
RES0160,Java Developer,9,Maven; SQL; REST API; Hibernate; Microservices; Java; Multithreading; Git,"Result-driven Java Developer professional with 9 years of experience. Skilled in Maven, SQL, REST API, Hibernate, Microservices, Java, Multithreading, Git. Completed M.Tech from Technical Institute. Worked on projects involving Maven and SQL, delivering measurable improvements in team efficiency and project outcomes. Strong problem-solving ability and a track record of meeting deadlines. Certifications: PMP."
RES0283,Business Analyst,4,Stakeholder Management; Communication; SQL; Requirements Gathering; Excel; Data Visualization; Process Improvement; Power BI; Agile,"Motivated Business Analyst candidate (4 years experience, M.Sc, City College) proficient in Stakeholder Management, Communication, SQL, Requirements Gathering, Excel, Data Visualization, Process Improvement, Power BI, Agile. Hands-on experience building solutions with Excel and Requirements Gathering. Recognized for strong communication skills and ability to work in fast-paced, collaborative environments. Certifications: Google Certification."
RES0262,Network Security Engineer,2,Network Protocols; Penetration Testing; Firewalls; IDS/IPS; Linux; Vulnerability Assessment; Risk Assessment,"Network Security Engineer specialist with 2 years in the industry, holding a BCA from Metropolitan University. Core competencies include Network Protocols, Penetration Testing, Firewalls, IDS/IPS, Linux, Vulnerability Assessment, Risk Assessment. Led initiatives using IDS/IPS that improved key metrics, and collaborated cross-functionally leveraging Firewalls. Passionate about continuous learning and staying current with industry trends. Certifications: Microsoft Certified."
RES0550,Graphic Designer,9,Typography; Photoshop; Branding; UI/UX; Creativity; Communication; Illustrator; Figma,"Result-driven Graphic Designer professional with 9 years of experience. Skilled in Typography, Photoshop, Branding, UI/UX, Creativity, Communication, Illustrator, Figma. Completed BCA from National College. Worked on projects involving Photoshop and Illustrator, delivering measurable improvements in team efficiency and project outcomes. Strong problem-solving ability and a track record of meeting deadlines. Certifications: PMP."
RES0110,Android Development,7,REST API; Java; Git; Jetpack Compose; MVVM; Android SDK; Firebase,"Motivated Android Development candidate (7 years experience, B.Tech, State University) proficient in REST API, Java, Git, Jetpack Compose, MVVM, Android SDK, Firebase. Hands-on experience building solutions with Git and Firebase. Recognized for strong communication skills and ability to work in fast-paced, collaborative environments. Certifications: Coursera Professional Certificate."
RES0146,Java Developer,8,JUnit; Maven; Multithreading; Hibernate; SQL; Java; REST API; Spring Boot,"Result-driven Java Developer professional with 8 years of experience. Skilled in JUnit, Maven, Multithreading, Hibernate, SQL, Java, REST API, Spring Boot. Completed MCA from Institute of Technology. Worked on projects involving Hibernate and SQL, delivering measurable improvements in team efficiency and project outcomes. Strong problem-solving ability and a track record of meeting deadlines. Certifications: AWS Certified Associate."
RES0277,Network Security Engineer,12,Cryptography; IDS/IPS; Vulnerability Assessment; Risk Assessment; Firewalls; Network Protocols,"Result-driven Network Security Engineer professional with 12 years of experience. Skilled in Cryptography, IDS/IPS, Vulnerability Assessment, Risk Assessment, Firewalls, Network Protocols. Completed B.E. from State University. Worked on projects involving Vulnerability Assessment and Firewalls, delivering measurable improvements in team efficiency and project outcomes. Strong problem-solving ability and a track record of meeting deadlines. Certifications: PMP."
RES0452,Mechanical Engineer,7,Quality Control; Thermodynamics; Manufacturing; SolidWorks; Project Management; Six Sigma,"Mechanical Engineer specialist with 7 years in the industry, holding a MCA from State University. Core competencies include Quality Control, Thermodynamics, Manufacturing, SolidWorks, Project Management, Six Sigma. Led initiatives using Quality Control that improved key metrics, and collaborated cross-functionally leveraging SolidWorks. Passionate about continuous learning and staying current with industry trends. Certifications: Coursera Professional Certificate."
RES0065,Web Development,7,HTML; JavaScript; MongoDB; Express.js; TypeScript; CSS; Node.js; React; Git,"Web Development specialist with 7 years in the industry, holding a B.Sc from Metropolitan University. Core competencies include HTML, JavaScript, MongoDB, Express.js, TypeScript, CSS, Node.js, React, Git. Led initiatives using CSS that improved key metrics, and collaborated cross-functionally leveraging Node.js. Passionate about continuous learning and staying current with industry trends. Certifications: AWS Certified Associate."
RES0379,HR,7,Employee Engagement; Performance Management; Communication; Payroll; Excel; HRIS; Conflict Resolution; Onboarding; Recruitment,"HR specialist with 7 years in the industry, holding a B.Com from Institute of Technology. Core competencies include Employee Engagement, Performance Management, Communication, Payroll, Excel, HRIS, Conflict Resolution, Onboarding, Recruitment. Led initiatives using Performance Management that improved key metrics, and collaborated cross-functionally leveraging Onboarding. Passionate about continuous learning and staying current with industry trends. Certifications: AWS Certified Associate."
RES0588,Health and Fitness,9,Communication; CPR Certified; First Aid; Nutrition Planning; Exercise Physiology; Client Assessment,"Result-driven Health and Fitness professional with 9 years of experience. Skilled in Communication, CPR Certified, First Aid, Nutrition Planning, Exercise Physiology, Client Assessment. Completed B.E. from Metropolitan University. Worked on projects involving Client Assessment and Nutrition Planning, delivering measurable improvements in team efficiency and project outcomes. Strong problem-solving ability and a track record of meeting deadlines. Certifications: Coursera Professional Certificate."
RES0372,HR,6,Communication; Excel; Employee Engagement; Payroll; Performance Management; Conflict Resolution; Onboarding; Recruitment,"Motivated HR candidate (6 years experience, B.Sc, National College) proficient in Communication, Excel, Employee Engagement, Payroll, Performance Management, Conflict Resolution, Onboarding, Recruitment. Hands-on experience building solutions with Payroll and Performance Management. Recognized for strong communication skills and ability to work in fast-paced, collaborative environments. Certifications: Microsoft Certified."
RES0200,Python Developer,5,Git; Pandas; Celery; SQL; Flask; Unit Testing; Django; REST API,"Python Developer specialist with 5 years in the industry, holding a M.Tech from Metropolitan University. Core competencies include Git, Pandas, Celery, SQL, Flask, Unit Testing, Django, REST API. Led initiatives using Unit Testing that improved key metrics, and collaborated cross-functionally leveraging Pandas. Passionate about continuous learning and staying current with industry trends. Certifications: PMP."
RES0536,Graphic Designer,6,Branding; Figma; UI/UX; Creativity; Photoshop; Illustrator; InDesign; Communication,"Graphic Designer specialist with 6 years in the industry, holding a M.Tech from Technical Institute. Core competencies include Branding, Figma, UI/UX, Creativity, Photoshop, Illustrator, InDesign, Communication. Led initiatives using Creativity that improved key metrics, and collaborated cross-functionally leveraging Communication. Passionate about continuous learning and staying current with industry trends. Certifications: Coursera Professional Certificate."
RES0276,Network Security Engineer,12,Linux; SIEM; Network Protocols; Vulnerability Assessment; Risk Assessment,"Network Security Engineer specialist with 12 years in the industry, holding a MBA from National College. Core competencies include Linux, SIEM, Network Protocols, Vulnerability Assessment, Risk Assessment. Led initiatives using Vulnerability Assessment that improved key metrics, and collaborated cross-functionally leveraging Linux. Passionate about continuous learning and staying current with industry trends. Certifications: Google Certification."
RES0463,Mechanical Engineer,0,Quality Control; Manufacturing; Six Sigma; MATLAB; Thermodynamics; AutoCAD,"Mechanical Engineer specialist with 0 years in the industry, holding a MCA from City College. Core competencies include Quality Control, Manufacturing, Six Sigma, MATLAB, Thermodynamics, AutoCAD. Led initiatives using Six Sigma that improved key metrics, and collaborated cross-functionally leveraging Quality Control. Passionate about continuous learning and staying current with industry trends. Certifications: Microsoft Certified."
RES0473,Mechanical Engineer,5,Six Sigma; Project Management; MATLAB; SolidWorks; Quality Control; Thermodynamics; Manufacturing; AutoCAD,"Result-driven Mechanical Engineer professional with 5 years of experience. Skilled in Six Sigma, Project Management, MATLAB, SolidWorks, Quality Control, Thermodynamics, Manufacturing, AutoCAD. Completed B.Com from State University. Worked on projects involving Six Sigma and Manufacturing, delivering measurable improvements in team efficiency and project outcomes. Strong problem-solving ability and a track record of meeting deadlines. Certifications: Coursera Professional Certificate."
RES0548,Graphic Designer,0,Photoshop; Branding; UI/UX; Creativity; InDesign; Figma; Illustrator; Typography; Communication,"Result-driven Graphic Designer professional with 0 years of experience. Skilled in Photoshop, Branding, UI/UX, Creativity, InDesign, Figma, Illustrator, Typography, Communication. Completed M.Tech from Institute of Technology. Worked on projects involving Creativity and InDesign, delivering measurable improvements in team efficiency and project outcomes. Strong problem-solving ability and a track record of meeting deadlines. Certifications: Microsoft Certified."
RES0527,Graphic Designer,4,Figma; Photoshop; Creativity; InDesign; UI/UX; Branding; Communication,"Result-driven Graphic Designer professional with 4 years of experience. Skilled in Figma, Photoshop, Creativity, InDesign, UI/UX, Branding, Communication. Completed M.Sc from Technical Institute. Worked on projects involving Branding and Figma, delivering measurable improvements in team efficiency and project outcomes. Strong problem-solving ability and a track record of meeting deadlines. Certifications: Microsoft Certified."
RES0398,HR,4,Communication; Recruitment; Payroll; Excel; Employee Engagement; Performance Management; Conflict Resolution; HRIS,"Result-driven HR professional with 4 years of experience. Skilled in Communication, Recruitment, Payroll, Excel, Employee Engagement, Performance Management, Conflict Resolution, HRIS. Completed B.Sc from Institute of Technology. Worked on projects involving Recruitment and Communication, delivering measurable improvements in team efficiency and project outcomes. Strong problem-solving ability and a track record of meeting deadlines. Certifications: None."
RES0208,DevOps Engineer,5,Jenkins; Docker; Kubernetes; Monitoring; Linux,"Result-driven DevOps Engineer professional with 5 years of experience. Skilled in Jenkins, Docker, Kubernetes, Monitoring, Linux. Completed B.Sc from City College. Worked on projects involving Docker and Linux, delivering measurable improvements in team efficiency and project outcomes. Strong problem-solving ability and a track record of meeting deadlines. Certifications: Microsoft Certified."
RES0333,Digital Marketing,11,Marketing Strategy; Google Analytics; Email Marketing; PPC; SEO; Content Marketing; Excel; Social Media,"Motivated Digital Marketing candidate (11 years experience, MCA, National College) proficient in Marketing Strategy, Google Analytics, Email Marketing, PPC, SEO, Content Marketing, Excel, Social Media. Hands-on experience building solutions with Content Marketing and Google Analytics. Recognized for strong communication skills and ability to work in fast-paced, collaborative environments. Certifications: None."
RES0401,Sales,7,Excel; Client Relationship Management; CRM; Sales Strategy; Cold Calling; Communication; Lead Generation; Negotiation,"Sales specialist with 7 years in the industry, holding a MCA from Metropolitan University. Core competencies include Excel, Client Relationship Management, CRM, Sales Strategy, Cold Calling, Communication, Lead Generation, Negotiation. Led initiatives using Excel that improved key metrics, and collaborated cross-functionally leveraging Communication. Passionate about continuous learning and staying current with industry trends. Certifications: Coursera Professional Certificate."
RES0416,Sales,5,Excel; Communication; Sales Strategy; CRM; Negotiation; Client Relationship Management; Lead Generation,"Motivated Sales candidate (5 years experience, M.Sc, Institute of Technology) proficient in Excel, Communication, Sales Strategy, CRM, Negotiation, Client Relationship Management, Lead Generation. Hands-on experience building solutions with Negotiation and Sales Strategy. Recognized for strong communication skills and ability to work in fast-paced, collaborative environments. Certifications: Coursera Professional Certificate."
RES0559,Graphic Designer,1,Photoshop; Illustrator; Figma; Typography; InDesign,"Result-driven Graphic Designer professional with 1 years of experience. Skilled in Photoshop, Illustrator, Figma, Typography, InDesign. Completed BCA from National College. Worked on projects involving Photoshop and Typography, delivering measurable improvements in team efficiency and project outcomes. Strong problem-solving ability and a track record of meeting deadlines. Certifications: None."
RES0358,Digital Marketing,11,Excel; PPC; Copywriting; Social Media; Email Marketing; Google Analytics; SEO,"Motivated Digital Marketing candidate (11 years experience, B.Sc, State University) proficient in Excel, PPC, Copywriting, Social Media, Email Marketing, Google Analytics, SEO. Hands-on experience building solutions with Email Marketing and Copywriting. Recognized for strong communication skills and ability to work in fast-paced, collaborative environments. Certifications: None."
RES0600,Health and Fitness,7,Nutrition Planning; Client Assessment; First Aid; Communication; CPR Certified; Exercise Physiology; Program Design,"Result-driven Health and Fitness professional with 7 years of experience. Skilled in Nutrition Planning, Client Assessment, First Aid, Communication, CPR Certified, Exercise Physiology, Program Design. Completed BCA from State University. Worked on projects involving Client Assessment and First Aid, delivering measurable improvements in team efficiency and project outcomes. Strong problem-solving ability and a track record of meeting deadlines. Certifications: None."
RES0334,Digital Marketing,7,Google Analytics; Email Marketing; Copywriting; Communication; Content Marketing; Social Media,"Motivated Digital Marketing candidate (7 years experience, MBA, Technical Institute) proficient in Google Analytics, Email Marketing, Copywriting, Communication, Content Marketing, Social Media. Hands-on experience building solutions with Social Media and Copywriting. Recognized for strong communication skills and ability to work in fast-paced, collaborative environments. Certifications: None."
RES0317,Business Analyst,7,Data Visualization; Excel; Stakeholder Management; SQL; Agile; Process Improvement; Communication,"Motivated Business Analyst candidate (7 years experience, B.Sc, Technical Institute) proficient in Data Visualization, Excel, Stakeholder Management, SQL, Agile, Process Improvement, Communication. Hands-on experience building solutions with Communication and Process Improvement. Recognized for strong communication skills and ability to work in fast-paced, collaborative environments. Certifications: None."
RES0497,Civil Engineer,1,Revit; Construction Management; Structural Analysis; Cost Estimation; AutoCAD,"Result-driven Civil Engineer professional with 1 years of experience. Skilled in Revit, Construction Management, Structural Analysis, Cost Estimation, AutoCAD. Completed MCA from Technical Institute. Worked on projects involving Cost Estimation and Revit, delivering measurable improvements in team efficiency and project outcomes. Strong problem-solving ability and a track record of meeting deadlines. Certifications: PMP."
RES0320,Business Analyst,6,SQL; Data Visualization; Process Improvement; Tableau; Stakeholder Management; Excel,"Result-driven Business Analyst professional with 6 years of experience. Skilled in SQL, Data Visualization, Process Improvement, Tableau, Stakeholder Management, Excel. Completed B.Tech from Metropolitan University. Worked on projects involving Process Improvement and Stakeholder Management, delivering measurable improvements in team efficiency and project outcomes. Strong problem-solving ability and a track record of meeting deadlines. Certifications: AWS Certified Associate."
RES0279,Network Security Engineer,9,Cryptography; Penetration Testing; Firewalls; Python; SIEM; Linux; Network Protocols; IDS/IPS; Risk Assessment,"Motivated Network Security Engineer candidate (9 years experience, B.Com, National College) proficient in Cryptography, Penetration Testing, Firewalls, Python, SIEM, Linux, Network Protocols, IDS/IPS, Risk Assessment. Hands-on experience building solutions with Linux and Firewalls. Recognized for strong communication skills and ability to work in fast-paced, collaborative environments. Certifications: AWS Certified Associate."
RES0106,Android Development,6,Java; Git; Android SDK; Material Design; REST API; Firebase; SQLite; Jetpack Compose,"Motivated Android Development candidate (6 years experience, B.Sc, Institute of Technology) proficient in Java, Git, Android SDK, Material Design, REST API, Firebase, SQLite, Jetpack Compose. Hands-on experience building solutions with SQLite and REST API. Recognized for strong communication skills and ability to work in fast-paced, collaborative environments. Certifications: PMP."
RES0330,Digital Marketing,6,Communication; Content Marketing; Social Media; Google Analytics; PPC,"Motivated Digital Marketing candidate (6 years experience, B.Com, National College) proficient in Communication, Content Marketing, Social Media, Google Analytics, PPC. Hands-on experience building solutions with Content Marketing and Social Media. Recognized for strong communication skills and ability to work in fast-paced, collaborative environments. Certifications: None."
RES0229,DevOps Engineer,5,AWS; Kubernetes; Linux; Terraform; CI/CD,"Motivated DevOps Engineer candidate (5 years experience, B.E., Institute of Technology) proficient in AWS, Kubernetes, Linux, Terraform, CI/CD. Hands-on experience building solutions with Linux and AWS. Recognized for strong communication skills and ability to work in fast-paced, collaborative environments. Certifications: Google Certification."
RES0521,Graphic Designer,5,Figma; InDesign; Creativity; UI/UX; Communication; Photoshop; Illustrator; Typography,"Graphic Designer specialist with 5 years in the industry, holding a M.Sc from Metropolitan University. Core competencies include Figma, InDesign, Creativity, UI/UX, Communication, Photoshop, Illustrator, Typography. Led initiatives using InDesign that improved key metrics, and collaborated cross-functionally leveraging Typography. Passionate about continuous learning and staying current with industry trends. Certifications: None."
RES0447,Mechanical Engineer,12,Manufacturing; Thermodynamics; SolidWorks; MATLAB; Project Management; Quality Control; Six Sigma,"Result-driven Mechanical Engineer professional with 12 years of experience. Skilled in Manufacturing, Thermodynamics, SolidWorks, MATLAB, Project Management, Quality Control, Six Sigma. Completed MCA from City College. Worked on projects involving Manufacturing and SolidWorks, delivering measurable improvements in team efficiency and project outcomes. Strong problem-solving ability and a track record of meeting deadlines. Certifications: Google Certification."
RES0076,Web Development,5,MongoDB; JavaScript; Node.js; HTML; Responsive Design,"Result-driven Web Development professional with 5 years of experience. Skilled in MongoDB, JavaScript, Node.js, HTML, Responsive Design. Completed B.Tech from National College. Worked on projects involving Node.js and Responsive Design, delivering measurable improvements in team efficiency and project outcomes. Strong problem-solving ability and a track record of meeting deadlines. Certifications: PMP."
RES0313,Business Analyst,5,Communication; Tableau; Power BI; Requirements Gathering; Stakeholder Management; SQL; Data Visualization; Process Improvement,"Motivated Business Analyst candidate (5 years experience, M.Sc, Metropolitan University) proficient in Communication, Tableau, Power BI, Requirements Gathering, Stakeholder Management, SQL, Data Visualization, Process Improvement. Hands-on experience building solutions with Power BI and Tableau. Recognized for strong communication skills and ability to work in fast-paced, collaborative environments. Certifications: PMP."
RES0271,Network Security Engineer,2,Python; Risk Assessment; SIEM; Firewalls; Linux,"Network Security Engineer specialist with 2 years in the industry, holding a B.E. from Institute of Technology. Core competencies include Python, Risk Assessment, SIEM, Firewalls, Linux. Led initiatives using Risk Assessment that improved key metrics, and collaborated cross-functionally leveraging Linux. Passionate about continuous learning and staying current with industry trends. Certifications: Coursera Professional Certificate."
RES0144,Java Developer,5,Git; Microservices; Hibernate; JUnit; Maven; REST API; Java,"Result-driven Java Developer professional with 5 years of experience. Skilled in Git, Microservices, Hibernate, JUnit, Maven, REST API, Java. Completed M.Tech from Metropolitan University. Worked on projects involving Git and Hibernate, delivering measurable improvements in team efficiency and project outcomes. Strong problem-solving ability and a track record of meeting deadlines. Certifications: PMP."
RES0424,Sales,11,Excel; Sales Strategy; Communication; CRM; Cold Calling; Client Relationship Management; Negotiation; Lead Generation,"Sales specialist with 11 years in the industry, holding a MBA from Metropolitan University. Core competencies include Excel, Sales Strategy, Communication, CRM, Cold Calling, Client Relationship Management, Negotiation, Lead Generation. Led initiatives using Excel that improved key metrics, and collaborated cross-functionally leveraging Cold Calling. Passionate about continuous learning and staying current with industry trends. Certifications: Coursera Professional Certificate."
RES0005,Data Science,7,Machine Learning; Pandas; Scikit-learn; A/B Testing; Statistics; NumPy,"Motivated Data Science candidate (7 years experience, MBA, Institute of Technology) proficient in Machine Learning, Pandas, Scikit-learn, A/B Testing, Statistics, NumPy. Hands-on experience building solutions with Scikit-learn and NumPy. Recognized for strong communication skills and ability to work in fast-paced, collaborative environments. Certifications: Google Certification."
RES0177,Python Developer,6,Git; Pandas; Celery; Docker; SQL,"Python Developer specialist with 6 years in the industry, holding a B.E. from National College. Core competencies include Git, Pandas, Celery, Docker, SQL. Led initiatives using Docker that improved key metrics, and collaborated cross-functionally leveraging Pandas. Passionate about continuous learning and staying current with industry trends. Certifications: Microsoft Certified."
RES0532,Graphic Designer,0,Figma; UI/UX; Illustrator; Photoshop; Communication; Branding; Typography,"Result-driven Graphic Designer professional with 0 years of experience. Skilled in Figma, UI/UX, Illustrator, Photoshop, Communication, Branding, Typography. Completed MCA from Metropolitan University. Worked on projects involving Figma and UI/UX, delivering measurable improvements in team efficiency and project outcomes. Strong problem-solving ability and a track record of meeting deadlines. Certifications: Coursera Professional Certificate."
RES0381,HR,8,Payroll; Excel; Performance Management; Onboarding; Recruitment,"Result-driven HR professional with 8 years of experience. Skilled in Payroll, Excel, Performance Management, Onboarding, Recruitment. Completed MBA from Institute of Technology. Worked on projects involving Onboarding and Recruitment, delivering measurable improvements in team efficiency and project outcomes. Strong problem-solving ability and a track record of meeting deadlines. Certifications: PMP."
RES0370,HR,7,Employee Engagement; Performance Management; Payroll; Recruitment; Onboarding; HRIS,"HR specialist with 7 years in the industry, holding a B.E. from City College. Core competencies include Employee Engagement, Performance Management, Payroll, Recruitment, Onboarding, HRIS. Led initiatives using Onboarding that improved key metrics, and collaborated cross-functionally leveraging HRIS. Passionate about continuous learning and staying current with industry trends. Certifications: None."
RES0156,Java Developer,4,Maven; Git; Multithreading; Hibernate; REST API; Microservices,"Java Developer specialist with 4 years in the industry, holding a B.Sc from Technical Institute. Core competencies include Maven, Git, Multithreading, Hibernate, REST API, Microservices. Led initiatives using Microservices that improved key metrics, and collaborated cross-functionally leveraging REST API. Passionate about continuous learning and staying current with industry trends. Certifications: PMP."
RES0284,Business Analyst,10,Excel; Power BI; Tableau; Agile; SQL; Communication,"Business Analyst specialist with 10 years in the industry, holding a MCA from National College. Core competencies include Excel, Power BI, Tableau, Agile, SQL, Communication. Led initiatives using Tableau that improved key metrics, and collaborated cross-functionally leveraging Agile. Passionate about continuous learning and staying current with industry trends. Certifications: PMP."
RES0359,Digital Marketing,4,PPC; Copywriting; Email Marketing; Google Analytics; Communication; Excel; Social Media; Marketing Strategy; SEO,"Result-driven Digital Marketing professional with 4 years of experience. Skilled in PPC, Copywriting, Email Marketing, Google Analytics, Communication, Excel, Social Media, Marketing Strategy, SEO. Completed B.E. from Metropolitan University. Worked on projects involving SEO and Copywriting, delivering measurable improvements in team efficiency and project outcomes. Strong problem-solving ability and a track record of meeting deadlines. Certifications: Microsoft Certified."
RES0552,Graphic Designer,4,Creativity; UI/UX; Figma; InDesign; Photoshop,"Motivated Graphic Designer candidate (4 years experience, BCA, Institute of Technology) proficient in Creativity, UI/UX, Figma, InDesign, Photoshop. Hands-on experience building solutions with Photoshop and Creativity. Recognized for strong communication skills and ability to work in fast-paced, collaborative environments. Certifications: None."
RES0470,Mechanical Engineer,0,Thermodynamics; SolidWorks; Quality Control; Six Sigma; AutoCAD; MATLAB; Project Management; Manufacturing,"Mechanical Engineer specialist with 0 years in the industry, holding a B.E. from Metropolitan University. Core competencies include Thermodynamics, SolidWorks, Quality Control, Six Sigma, AutoCAD, MATLAB, Project Management, Manufacturing. Led initiatives using Project Management that improved key metrics, and collaborated cross-functionally leveraging Six Sigma. Passionate about continuous learning and staying current with industry trends. Certifications: AWS Certified Associate."
RES0571,Health and Fitness,9,Communication; Client Assessment; Exercise Physiology; Nutrition Planning; CPR Certified; First Aid,"Health and Fitness specialist with 9 years in the industry, holding a B.Sc from State University. Core competencies include Communication, Client Assessment, Exercise Physiology, Nutrition Planning, CPR Certified, First Aid. Led initiatives using First Aid that improved key metrics, and collaborated cross-functionally leveraging CPR Certified. Passionate about continuous learning and staying current with industry trends. Certifications: PMP."
RES0152,Java Developer,2,Multithreading; SQL; Java; REST API; JUnit; Spring Boot; Git,"Result-driven Java Developer professional with 2 years of experience. Skilled in Multithreading, SQL, Java, REST API, JUnit, Spring Boot, Git. Completed M.Tech from State University. Worked on projects involving JUnit and Spring Boot, delivering measurable improvements in team efficiency and project outcomes. Strong problem-solving ability and a track record of meeting deadlines. Certifications: Coursera Professional Certificate."
RES0267,Network Security Engineer,1,IDS/IPS; Linux; Penetration Testing; Firewalls; Risk Assessment; Vulnerability Assessment; SIEM; Cryptography; Network Protocols,"Network Security Engineer specialist with 1 years in the industry, holding a M.Sc from Metropolitan University. Core competencies include IDS/IPS, Linux, Penetration Testing, Firewalls, Risk Assessment, Vulnerability Assessment, SIEM, Cryptography, Network Protocols. Led initiatives using Cryptography that improved key metrics, and collaborated cross-functionally leveraging Network Protocols. Passionate about continuous learning and staying current with industry trends. Certifications: None."
RES0544,Graphic Designer,12,Communication; Creativity; Illustrator; Figma; UI/UX; Typography; Branding; InDesign; Photoshop,"Result-driven Graphic Designer professional with 12 years of experience. Skilled in Communication, Creativity, Illustrator, Figma, UI/UX, Typography, Branding, InDesign, Photoshop. Completed B.Com from Technical Institute. Worked on projects involving Communication and Photoshop, delivering measurable improvements in team efficiency and project outcomes. Strong problem-solving ability and a track record of meeting deadlines. Certifications: PMP."
RES0462,Mechanical Engineer,2,Thermodynamics; Manufacturing; Quality Control; Project Management; MATLAB; SolidWorks; Six Sigma; AutoCAD,"Motivated Mechanical Engineer candidate (2 years experience, BCA, Technical Institute) proficient in Thermodynamics, Manufacturing, Quality Control, Project Management, MATLAB, SolidWorks, Six Sigma, AutoCAD. Hands-on experience building solutions with Thermodynamics and MATLAB. Recognized for strong communication skills and ability to work in fast-paced, collaborative environments. Certifications: PMP."
RES0410,Sales,5,Communication; Lead Generation; Sales Strategy; Client Relationship Management; Negotiation; CRM; Cold Calling,"Result-driven Sales professional with 5 years of experience. Skilled in Communication, Lead Generation, Sales Strategy, Client Relationship Management, Negotiation, CRM, Cold Calling. Completed MCA from Technical Institute. Worked on projects involving Lead Generation and Client Relationship Management, delivering measurable improvements in team efficiency and project outcomes. Strong problem-solving ability and a track record of meeting deadlines. Certifications: Coursera Professional Certificate."
RES0566,Health and Fitness,5,First Aid; Client Assessment; CPR Certified; Nutrition Planning; Communication; Exercise Physiology; Program Design,"Health and Fitness specialist with 5 years in the industry, holding a BCA from Technical Institute. Core competencies include First Aid, Client Assessment, CPR Certified, Nutrition Planning, Communication, Exercise Physiology, Program Design. Led initiatives using Exercise Physiology that improved key metrics, and collaborated cross-functionally leveraging Communication. Passionate about continuous learning and staying current with industry trends. Certifications: None."
RES0324,Digital Marketing,9,Google Analytics; PPC; Communication; Copywriting; Marketing Strategy,"Digital Marketing specialist with 9 years in the industry, holding a M.Tech from State University. Core competencies include Google Analytics, PPC, Communication, Copywriting, Marketing Strategy. Led initiatives using Communication that improved key metrics, and collaborated cross-functionally leveraging Copywriting. Passionate about continuous learning and staying current with industry trends. Certifications: Coursera Professional Certificate."
RES0030,Data Science,12,TensorFlow; Statistics; Tableau; NumPy; Scikit-learn; A/B Testing; Pandas,"Data Science specialist with 12 years in the industry, holding a B.E. from Metropolitan University. Core competencies include TensorFlow, Statistics, Tableau, NumPy, Scikit-learn, A/B Testing, Pandas. Led initiatives using TensorFlow that improved key metrics, and collaborated cross-functionally leveraging Statistics. Passionate about continuous learning and staying current with industry trends. Certifications: None."
RES0295,Business Analyst,6,Excel; Communication; SQL; Requirements Gathering; Power BI,"Result-driven Business Analyst professional with 6 years of experience. Skilled in Excel, Communication, SQL, Requirements Gathering, Power BI. Completed B.Sc from Technical Institute. Worked on projects involving SQL and Requirements Gathering, delivering measurable improvements in team efficiency and project outcomes. Strong problem-solving ability and a track record of meeting deadlines. Certifications: None."
RES0502,Civil Engineer,8,AutoCAD; Construction Management; Surveying; Cost Estimation; Structural Analysis,"Result-driven Civil Engineer professional with 8 years of experience. Skilled in AutoCAD, Construction Management, Surveying, Cost Estimation, Structural Analysis. Completed BCA from Metropolitan University. Worked on projects involving AutoCAD and Cost Estimation, delivering measurable improvements in team efficiency and project outcomes. Strong problem-solving ability and a track record of meeting deadlines. Certifications: PMP."
RES0329,Digital Marketing,9,Google Analytics; SEO; Copywriting; Content Marketing; Email Marketing; Marketing Strategy; Excel; Social Media; Communication,"Motivated Digital Marketing candidate (9 years experience, B.Sc, National College) proficient in Google Analytics, SEO, Copywriting, Content Marketing, Email Marketing, Marketing Strategy, Excel, Social Media, Communication. Hands-on experience building solutions with Social Media and Excel. Recognized for strong communication skills and ability to work in fast-paced, collaborative environments. Certifications: PMP."
RES0339,Digital Marketing,10,Content Marketing; Communication; Google Analytics; Social Media; Copywriting; Email Marketing; SEO,"Result-driven Digital Marketing professional with 10 years of experience. Skilled in Content Marketing, Communication, Google Analytics, Social Media, Copywriting, Email Marketing, SEO. Completed M.Tech from Technical Institute. Worked on projects involving Email Marketing and Communication, delivering measurable improvements in team efficiency and project outcomes. Strong problem-solving ability and a track record of meeting deadlines. Certifications: Microsoft Certified."
RES0569,Health and Fitness,1,Exercise Physiology; Program Design; Communication; Client Assessment; CPR Certified; Nutrition Planning,"Motivated Health and Fitness candidate (1 years experience, BCA, National College) proficient in Exercise Physiology, Program Design, Communication, Client Assessment, CPR Certified, Nutrition Planning. Hands-on experience building solutions with Program Design and Client Assessment. Recognized for strong communication skills and ability to work in fast-paced, collaborative environments. Certifications: PMP."
RES0389,HR,12,HRIS; Payroll; Employee Engagement; Recruitment; Onboarding,"Result-driven HR professional with 12 years of experience. Skilled in HRIS, Payroll, Employee Engagement, Recruitment, Onboarding. Completed M.Sc from Technical Institute. Worked on projects involving HRIS and Recruitment, delivering measurable improvements in team efficiency and project outcomes. Strong problem-solving ability and a track record of meeting deadlines. Certifications: Google Certification."
RES0202,DevOps Engineer,7,Docker; Git; CI/CD; Monitoring; Linux; AWS; Shell Scripting; Ansible; Terraform,"Motivated DevOps Engineer candidate (7 years experience, B.E., City College) proficient in Docker, Git, CI/CD, Monitoring, Linux, AWS, Shell Scripting, Ansible, Terraform. Hands-on experience building solutions with Linux and Monitoring. Recognized for strong communication skills and ability to work in fast-paced, collaborative environments. Certifications: AWS Certified Associate."
RES0032,Data Science,1,A/B Testing; Scikit-learn; Statistics; SQL; Machine Learning,"Motivated Data Science candidate (1 years experience, M.Sc, National College) proficient in A/B Testing, Scikit-learn, Statistics, SQL, Machine Learning. Hands-on experience building solutions with Machine Learning and SQL. Recognized for strong communication skills and ability to work in fast-paced, collaborative environments. Certifications: None."
RES0223,DevOps Engineer,2,Git; Terraform; Docker; Ansible; Shell Scripting; Monitoring; CI/CD; Linux; Jenkins,"Motivated DevOps Engineer candidate (2 years experience, MCA, Metropolitan University) proficient in Git, Terraform, Docker, Ansible, Shell Scripting, Monitoring, CI/CD, Linux, Jenkins. Hands-on experience building solutions with Git and CI/CD. Recognized for strong communication skills and ability to work in fast-paced, collaborative environments. Certifications: Google Certification."
RES0085,Android Development,10,SQLite; Java; Git; REST API; Kotlin; MVVM,"Result-driven Android Development professional with 10 years of experience. Skilled in SQLite, Java, Git, REST API, Kotlin, MVVM. Completed MCA from City College. Worked on projects involving Git and REST API, delivering measurable improvements in team efficiency and project outcomes. Strong problem-solving ability and a track record of meeting deadlines. Certifications: Coursera Professional Certificate."
RES0396,HR,3,Onboarding; Recruitment; Payroll; Conflict Resolution; Communication; Performance Management; HRIS; Employee Engagement; Excel,"Motivated HR candidate (3 years experience, B.Sc, State University) proficient in Onboarding, Recruitment, Payroll, Conflict Resolution, Communication, Performance Management, HRIS, Employee Engagement, Excel. Hands-on experience building solutions with HRIS and Employee Engagement. Recognized for strong communication skills and ability to work in fast-paced, collaborative environments. Certifications: Microsoft Certified."
RES0206,DevOps Engineer,4,Terraform; Linux; Git; AWS; Ansible; Docker; CI/CD; Shell Scripting,"Result-driven DevOps Engineer professional with 4 years of experience. Skilled in Terraform, Linux, Git, AWS, Ansible, Docker, CI/CD, Shell Scripting. Completed BCA from State University. Worked on projects involving Linux and CI/CD, delivering measurable improvements in team efficiency and project outcomes. Strong problem-solving ability and a track record of meeting deadlines. Certifications: None."
RES0162,Python Developer,12,Unit Testing; Celery; Docker; Django; REST API; SQL; Flask; Python,"Motivated Python Developer candidate (12 years experience, B.Sc, National College) proficient in Unit Testing, Celery, Docker, Django, REST API, SQL, Flask, Python. Hands-on experience building solutions with Docker and SQL. Recognized for strong communication skills and ability to work in fast-paced, collaborative environments. Certifications: PMP."
RES0174,Python Developer,9,SQL; Django; Unit Testing; REST API; Python; Celery,"Python Developer specialist with 9 years in the industry, holding a B.Tech from Institute of Technology. Core competencies include SQL, Django, Unit Testing, REST API, Python, Celery. Led initiatives using Celery that improved key metrics, and collaborated cross-functionally leveraging SQL. Passionate about continuous learning and staying current with industry trends. Certifications: PMP."
RES0044,Web Development,6,Express.js; TypeScript; React; MongoDB; CSS; JavaScript; Responsive Design; Node.js; HTML,"Result-driven Web Development professional with 6 years of experience. Skilled in Express.js, TypeScript, React, MongoDB, CSS, JavaScript, Responsive Design, Node.js, HTML. Completed MBA from City College. Worked on projects involving Responsive Design and React, delivering measurable improvements in team efficiency and project outcomes. Strong problem-solving ability and a track record of meeting deadlines. Certifications: PMP."
RES0036,Data Science,4,A/B Testing; Statistics; NumPy; Machine Learning; Excel; TensorFlow; Python; Tableau,"Data Science specialist with 4 years in the industry, holding a M.Tech from Metropolitan University. Core competencies include A/B Testing, Statistics, NumPy, Machine Learning, Excel, TensorFlow, Python, Tableau. Led initiatives using TensorFlow that improved key metrics, and collaborated cross-functionally leveraging Machine Learning. Passionate about continuous learning and staying current with industry trends. Certifications: PMP."
RES0563,Health and Fitness,11,Program Design; Client Assessment; CPR Certified; Nutrition Planning; Communication; First Aid,"Motivated Health and Fitness candidate (11 years experience, B.Tech, City College) proficient in Program Design, Client Assessment, CPR Certified, Nutrition Planning, Communication, First Aid. Hands-on experience building solutions with First Aid and Client Assessment. Recognized for strong communication skills and ability to work in fast-paced, collaborative environments. Certifications: AWS Certified Associate."
RES0413,Sales,2,Negotiation; Communication; Client Relationship Management; Excel; Cold Calling; CRM,"Result-driven Sales professional with 2 years of experience. Skilled in Negotiation, Communication, Client Relationship Management, Excel, Cold Calling, CRM. Completed B.Tech from National College. Worked on projects involving Communication and Cold Calling, delivering measurable improvements in team efficiency and project outcomes. Strong problem-solving ability and a track record of meeting deadlines. Certifications: AWS Certified Associate."
RES0568,Health and Fitness,9,Communication; Nutrition Planning; Program Design; Exercise Physiology; CPR Certified; Client Assessment,"Result-driven Health and Fitness professional with 9 years of experience. Skilled in Communication, Nutrition Planning, Program Design, Exercise Physiology, CPR Certified, Client Assessment. Completed BCA from National College. Worked on projects involving Exercise Physiology and Client Assessment, delivering measurable improvements in team efficiency and project outcomes. Strong problem-solving ability and a track record of meeting deadlines. Certifications: None."
RES0006,Data Science,6,Excel; A/B Testing; Pandas; NumPy; Scikit-learn; Tableau; Data Visualization,"Motivated Data Science candidate (6 years experience, M.Sc, City College) proficient in Excel, A/B Testing, Pandas, NumPy, Scikit-learn, Tableau, Data Visualization. Hands-on experience building solutions with Tableau and Scikit-learn. Recognized for strong communication skills and ability to work in fast-paced, collaborative environments. Certifications: Google Certification."
RES0395,HR,4,Onboarding; Payroll; Conflict Resolution; Excel; HRIS; Performance Management; Employee Engagement,"Result-driven HR professional with 4 years of experience. Skilled in Onboarding, Payroll, Conflict Resolution, Excel, HRIS, Performance Management, Employee Engagement. Completed MBA from Metropolitan University. Worked on projects involving Performance Management and Conflict Resolution, delivering measurable improvements in team efficiency and project outcomes. Strong problem-solving ability and a track record of meeting deadlines. Certifications: Coursera Professional Certificate."
RES0075,Web Development,11,Express.js; HTML; CSS; React; REST API; Git; JavaScript; Responsive Design,"Motivated Web Development candidate (11 years experience, B.Sc, Metropolitan University) proficient in Express.js, HTML, CSS, React, REST API, Git, JavaScript, Responsive Design. Hands-on experience building solutions with HTML and JavaScript. Recognized for strong communication skills and ability to work in fast-paced, collaborative environments. Certifications: None."
RES0227,DevOps Engineer,6,Kubernetes; Terraform; Monitoring; Jenkins; Shell Scripting,"Motivated DevOps Engineer candidate (6 years experience, B.E., City College) proficient in Kubernetes, Terraform, Monitoring, Jenkins, Shell Scripting. Hands-on experience building solutions with Terraform and Kubernetes. Recognized for strong communication skills and ability to work in fast-paced, collaborative environments. Certifications: Microsoft Certified."
RES0016,Data Science,3,Scikit-learn; Machine Learning; Data Visualization; Excel; NumPy; SQL; A/B Testing; Statistics; TensorFlow,"Motivated Data Science candidate (3 years experience, MCA, Metropolitan University) proficient in Scikit-learn, Machine Learning, Data Visualization, Excel, NumPy, SQL, A/B Testing, Statistics, TensorFlow. Hands-on experience building solutions with Excel and Machine Learning. Recognized for strong communication skills and ability to work in fast-paced, collaborative environments. Certifications: Coursera Professional Certificate."
RES0186,Python Developer,7,SQL; Django; Flask; Python; Unit Testing; REST API,"Motivated Python Developer candidate (7 years experience, MBA, State University) proficient in SQL, Django, Flask, Python, Unit Testing, REST API. Hands-on experience building solutions with Unit Testing and REST API. Recognized for strong communication skills and ability to work in fast-paced, collaborative environments. Certifications: PMP."
RES0515,Civil Engineer,5,Revit; Cost Estimation; Structural Analysis; Surveying; AutoCAD; Project Management; Construction Management,"Result-driven Civil Engineer professional with 5 years of experience. Skilled in Revit, Cost Estimation, Structural Analysis, Surveying, AutoCAD, Project Management, Construction Management. Completed B.E. from Metropolitan University. Worked on projects involving Structural Analysis and Construction Management, delivering measurable improvements in team efficiency and project outcomes. Strong problem-solving ability and a track record of meeting deadlines. Certifications: Google Certification."
RES0407,Sales,12,Cold Calling; Sales Strategy; Client Relationship Management; Excel; Negotiation; Communication; CRM; Lead Generation,"Sales specialist with 12 years in the industry, holding a BCA from Institute of Technology. Core competencies include Cold Calling, Sales Strategy, Client Relationship Management, Excel, Negotiation, Communication, CRM, Lead Generation. Led initiatives using Client Relationship Management that improved key metrics, and collaborated cross-functionally leveraging Lead Generation. Passionate about continuous learning and staying current with industry trends. Certifications: Coursera Professional Certificate."
RES0553,Graphic Designer,7,Branding; Typography; Photoshop; Communication; Creativity,"Graphic Designer specialist with 7 years in the industry, holding a BCA from Institute of Technology. Core competencies include Branding, Typography, Photoshop, Communication, Creativity. Led initiatives using Photoshop that improved key metrics, and collaborated cross-functionally leveraging Branding. Passionate about continuous learning and staying current with industry trends. Certifications: None."
RES0437,Sales,0,Cold Calling; Communication; CRM; Client Relationship Management; Excel; Lead Generation; Sales Strategy; Negotiation,"Motivated Sales candidate (0 years experience, B.Sc, State University) proficient in Cold Calling, Communication, CRM, Client Relationship Management, Excel, Lead Generation, Sales Strategy, Negotiation. Hands-on experience building solutions with Negotiation and Lead Generation. Recognized for strong communication skills and ability to work in fast-paced, collaborative environments. Certifications: Coursera Professional Certificate."
RES0235,DevOps Engineer,10,Linux; Kubernetes; Git; Docker; AWS,"Result-driven DevOps Engineer professional with 10 years of experience. Skilled in Linux, Kubernetes, Git, Docker, AWS. Completed B.E. from State University. Worked on projects involving Linux and Kubernetes, delivering measurable improvements in team efficiency and project outcomes. Strong problem-solving ability and a track record of meeting deadlines. Certifications: None."
RES0460,Mechanical Engineer,6,Thermodynamics; Manufacturing; SolidWorks; MATLAB; Project Management; Quality Control,"Result-driven Mechanical Engineer professional with 6 years of experience. Skilled in Thermodynamics, Manufacturing, SolidWorks, MATLAB, Project Management, Quality Control. Completed B.E. from National College. Worked on projects involving Quality Control and Manufacturing, delivering measurable improvements in team efficiency and project outcomes. Strong problem-solving ability and a track record of meeting deadlines. Certifications: Google Certification."
RES0210,DevOps Engineer,12,Linux; Docker; CI/CD; Ansible; AWS; Terraform; Monitoring; Jenkins,"DevOps Engineer specialist with 12 years in the industry, holding a B.Com from Institute of Technology. Core competencies include Linux, Docker, CI/CD, Ansible, AWS, Terraform, Monitoring, Jenkins. Led initiatives using Terraform that improved key metrics, and collaborated cross-functionally leveraging CI/CD. Passionate about continuous learning and staying current with industry trends. Certifications: Google Certification."
RES0471,Mechanical Engineer,2,Project Management; MATLAB; Six Sigma; Manufacturing; Quality Control; SolidWorks,"Mechanical Engineer specialist with 2 years in the industry, holding a B.Com from Metropolitan University. Core competencies include Project Management, MATLAB, Six Sigma, Manufacturing, Quality Control, SolidWorks. Led initiatives using Project Management that improved key metrics, and collaborated cross-functionally leveraging Six Sigma. Passionate about continuous learning and staying current with industry trends. Certifications: PMP."
RES0212,DevOps Engineer,2,AWS; Jenkins; Kubernetes; Shell Scripting; Git; Docker; Ansible; Linux; Terraform,"Motivated DevOps Engineer candidate (2 years experience, MBA, City College) proficient in AWS, Jenkins, Kubernetes, Shell Scripting, Git, Docker, Ansible, Linux, Terraform. Hands-on experience building solutions with Kubernetes and Ansible. Recognized for strong communication skills and ability to work in fast-paced, collaborative environments. Certifications: PMP."
RES0220,DevOps Engineer,9,AWS; Terraform; CI/CD; Linux; Ansible; Kubernetes,"Result-driven DevOps Engineer professional with 9 years of experience. Skilled in AWS, Terraform, CI/CD, Linux, Ansible, Kubernetes. Completed M.Sc from City College. Worked on projects involving Linux and Kubernetes, delivering measurable improvements in team efficiency and project outcomes. Strong problem-solving ability and a track record of meeting deadlines. Certifications: PMP."
RES0411,Sales,0,Excel; CRM; Cold Calling; Negotiation; Client Relationship Management; Lead Generation,"Sales specialist with 0 years in the industry, holding a M.Tech from Technical Institute. Core competencies include Excel, CRM, Cold Calling, Negotiation, Client Relationship Management, Lead Generation. Led initiatives using CRM that improved key metrics, and collaborated cross-functionally leveraging Cold Calling. Passionate about continuous learning and staying current with industry trends. Certifications: Coursera Professional Certificate."
RES0071,Web Development,8,HTML; Node.js; TypeScript; MongoDB; Git; CSS; React,"Web Development specialist with 8 years in the industry, holding a MCA from National College. Core competencies include HTML, Node.js, TypeScript, MongoDB, Git, CSS, React. Led initiatives using TypeScript that improved key metrics, and collaborated cross-functionally leveraging Git. Passionate about continuous learning and staying current with industry trends. Certifications: Microsoft Certified."
RES0558,Graphic Designer,10,Figma; Typography; Illustrator; Photoshop; Creativity; Communication,"Graphic Designer specialist with 10 years in the industry, holding a B.Com from Institute of Technology. Core competencies include Figma, Typography, Illustrator, Photoshop, Creativity, Communication. Led initiatives using Communication that improved key metrics, and collaborated cross-functionally leveraging Figma. Passionate about continuous learning and staying current with industry trends. Certifications: None."
RES0404,Sales,11,Excel; Sales Strategy; Communication; CRM; Cold Calling,"Motivated Sales candidate (11 years experience, B.Sc, Technical Institute) proficient in Excel, Sales Strategy, Communication, CRM, Cold Calling. Hands-on experience building solutions with Communication and Excel. Recognized for strong communication skills and ability to work in fast-paced, collaborative environments. Certifications: None."
RES0216,DevOps Engineer,12,AWS; Git; Monitoring; Kubernetes; Jenkins; Docker; Shell Scripting,"DevOps Engineer specialist with 12 years in the industry, holding a B.Com from National College. Core competencies include AWS, Git, Monitoring, Kubernetes, Jenkins, Docker, Shell Scripting. Led initiatives using Jenkins that improved key metrics, and collaborated cross-functionally leveraging AWS. Passionate about continuous learning and staying current with industry trends. Certifications: None."
RES0272,Network Security Engineer,4,Cryptography; Linux; SIEM; Risk Assessment; Network Protocols,"Motivated Network Security Engineer candidate (4 years experience, MBA, City College) proficient in Cryptography, Linux, SIEM, Risk Assessment, Network Protocols. Hands-on experience building solutions with Cryptography and Network Protocols. Recognized for strong communication skills and ability to work in fast-paced, collaborative environments. Certifications: PMP."
RES0501,Civil Engineer,6,Project Management; AutoCAD; Construction Management; Structural Analysis; Revit; Surveying,"Civil Engineer specialist with 6 years in the industry, holding a M.Tech from Technical Institute. Core competencies include Project Management, AutoCAD, Construction Management, Structural Analysis, Revit, Surveying. Led initiatives using AutoCAD that improved key metrics, and collaborated cross-functionally leveraging Revit. Passionate about continuous learning and staying current with industry trends. Certifications: Coursera Professional Certificate."
RES0386,HR,2,Recruitment; Excel; Payroll; HRIS; Conflict Resolution; Communication,"Motivated HR candidate (2 years experience, M.Tech, National College) proficient in Recruitment, Excel, Payroll, HRIS, Conflict Resolution, Communication. Hands-on experience building solutions with HRIS and Recruitment. Recognized for strong communication skills and ability to work in fast-paced, collaborative environments. Certifications: Coursera Professional Certificate."
RES0078,Web Development,0,React; MongoDB; Node.js; TypeScript; JavaScript; REST API,"Result-driven Web Development professional with 0 years of experience. Skilled in React, MongoDB, Node.js, TypeScript, JavaScript, REST API. Completed MCA from National College. Worked on projects involving REST API and JavaScript, delivering measurable improvements in team efficiency and project outcomes. Strong problem-solving ability and a track record of meeting deadlines. Certifications: Google Certification."
RES0522,Graphic Designer,2,Communication; Typography; Illustrator; Branding; UI/UX; Creativity; Photoshop; Figma,"Graphic Designer specialist with 2 years in the industry, holding a M.Tech from National College. Core competencies include Communication, Typography, Illustrator, Branding, UI/UX, Creativity, Photoshop, Figma. Led initiatives using Figma that improved key metrics, and collaborated cross-functionally leveraging Photoshop. Passionate about continuous learning and staying current with industry trends. Certifications: Microsoft Certified."
RES0341,Digital Marketing,7,Social Media; Marketing Strategy; PPC; Copywriting; Excel,"Motivated Digital Marketing candidate (7 years experience, B.Tech, State University) proficient in Social Media, Marketing Strategy, PPC, Copywriting, Excel. Hands-on experience building solutions with PPC and Social Media. Recognized for strong communication skills and ability to work in fast-paced, collaborative environments. Certifications: None."
RES0323,Digital Marketing,4,Marketing Strategy; Excel; Google Analytics; Content Marketing; Communication; PPC; Copywriting; Email Marketing; Social Media,"Motivated Digital Marketing candidate (4 years experience, M.Tech, Technical Institute) proficient in Marketing Strategy, Excel, Google Analytics, Content Marketing, Communication, PPC, Copywriting, Email Marketing, Social Media. Hands-on experience building solutions with Social Media and Email Marketing. Recognized for strong communication skills and ability to work in fast-paced, collaborative environments. Certifications: Microsoft Certified."
RES0185,Python Developer,8,Unit Testing; Docker; Flask; REST API; Git; Python,"Python Developer specialist with 8 years in the industry, holding a B.Tech from State University. Core competencies include Unit Testing, Docker, Flask, REST API, Git, Python. Led initiatives using Python that improved key metrics, and collaborated cross-functionally leveraging Unit Testing. Passionate about continuous learning and staying current with industry trends. Certifications: Coursera Professional Certificate."
RES0585,Health and Fitness,11,CPR Certified; Program Design; Client Assessment; Communication; Nutrition Planning,"Health and Fitness specialist with 11 years in the industry, holding a B.Sc from Technical Institute. Core competencies include CPR Certified, Program Design, Client Assessment, Communication, Nutrition Planning. Led initiatives using Nutrition Planning that improved key metrics, and collaborated cross-functionally leveraging Communication. Passionate about continuous learning and staying current with industry trends. Certifications: Coursera Professional Certificate."
RES0387,HR,7,Payroll; Performance Management; Onboarding; Communication; Recruitment; Conflict Resolution,"HR specialist with 7 years in the industry, holding a B.Sc from Technical Institute. Core competencies include Payroll, Performance Management, Onboarding, Communication, Recruitment, Conflict Resolution. Led initiatives using Conflict Resolution that improved key metrics, and collaborated cross-functionally leveraging Performance Management. Passionate about continuous learning and staying current with industry trends. Certifications: PMP."
RES0367,HR,5,Recruitment; HRIS; Performance Management; Excel; Conflict Resolution,"HR specialist with 5 years in the industry, holding a MBA from Technical Institute. Core competencies include Recruitment, HRIS, Performance Management, Excel, Conflict Resolution. Led initiatives using Performance Management that improved key metrics, and collaborated cross-functionally leveraging HRIS. Passionate about continuous learning and staying current with industry trends. Certifications: Microsoft Certified."
RES0191,Python Developer,5,REST API; Python; Django; Git; Flask; Celery; Unit Testing; SQL,"Python Developer specialist with 5 years in the industry, holding a B.Tech from Institute of Technology. Core competencies include REST API, Python, Django, Git, Flask, Celery, Unit Testing, SQL. Led initiatives using Django that improved key metrics, and collaborated cross-functionally leveraging Unit Testing. Passionate about continuous learning and staying current with industry trends. Certifications: None."
RES0137,Java Developer,2,Git; JUnit; Multithreading; SQL; REST API,"Motivated Java Developer candidate (2 years experience, B.Sc, State University) proficient in Git, JUnit, Multithreading, SQL, REST API. Hands-on experience building solutions with Multithreading and SQL. Recognized for strong communication skills and ability to work in fast-paced, collaborative environments. Certifications: None."
RES0088,Android Development,4,Git; MVVM; Jetpack Compose; Java; Firebase,"Result-driven Android Development professional with 4 years of experience. Skilled in Git, MVVM, Jetpack Compose, Java, Firebase. Completed M.Tech from State University. Worked on projects involving Java and Git, delivering measurable improvements in team efficiency and project outcomes. Strong problem-solving ability and a track record of meeting deadlines. Certifications: None."
RES0176,Python Developer,8,Unit Testing; SQL; Pandas; Flask; Docker; Python,"Python Developer specialist with 8 years in the industry, holding a B.E. from City College. Core competencies include Unit Testing, SQL, Pandas, Flask, Docker, Python. Led initiatives using Python that improved key metrics, and collaborated cross-functionally leveraging Flask. Passionate about continuous learning and staying current with industry trends. Certifications: Microsoft Certified."
RES0294,Business Analyst,6,Requirements Gathering; Excel; Data Visualization; Process Improvement; Agile; Power BI,"Result-driven Business Analyst professional with 6 years of experience. Skilled in Requirements Gathering, Excel, Data Visualization, Process Improvement, Agile, Power BI. Completed M.Sc from Technical Institute. Worked on projects involving Agile and Requirements Gathering, delivering measurable improvements in team efficiency and project outcomes. Strong problem-solving ability and a track record of meeting deadlines. Certifications: Microsoft Certified."
RES0350,Digital Marketing,12,SEO; Excel; Marketing Strategy; Content Marketing; Copywriting; Email Marketing; Social Media; PPC; Google Analytics,"Digital Marketing specialist with 12 years in the industry, holding a BCA from National College. Core competencies include SEO, Excel, Marketing Strategy, Content Marketing, Copywriting, Email Marketing, Social Media, PPC, Google Analytics. Led initiatives using Excel that improved key metrics, and collaborated cross-functionally leveraging Social Media. Passionate about continuous learning and staying current with industry trends. Certifications: Google Certification."
RES0486,Civil Engineer,10,Structural Analysis; Revit; Cost Estimation; AutoCAD; Construction Management,"Result-driven Civil Engineer professional with 10 years of experience. Skilled in Structural Analysis, Revit, Cost Estimation, AutoCAD, Construction Management. Completed B.Tech from National College. Worked on projects involving Structural Analysis and AutoCAD, delivering measurable improvements in team efficiency and project outcomes. Strong problem-solving ability and a track record of meeting deadlines. Certifications: Microsoft Certified."
RES0252,Network Security Engineer,10,Network Protocols; Cryptography; SIEM; Linux; Penetration Testing,"Motivated Network Security Engineer candidate (10 years experience, B.Com, Institute of Technology) proficient in Network Protocols, Cryptography, SIEM, Linux, Penetration Testing. Hands-on experience building solutions with Penetration Testing and Network Protocols. Recognized for strong communication skills and ability to work in fast-paced, collaborative environments. Certifications: PMP."
RES0007,Data Science,3,Python; Scikit-learn; Excel; SQL; Statistics; NumPy; Tableau,"Motivated Data Science candidate (3 years experience, MBA, Institute of Technology) proficient in Python, Scikit-learn, Excel, SQL, Statistics, NumPy, Tableau. Hands-on experience building solutions with NumPy and SQL. Recognized for strong communication skills and ability to work in fast-paced, collaborative environments. Certifications: PMP."
RES0575,Health and Fitness,0,First Aid; Program Design; CPR Certified; Client Assessment; Nutrition Planning; Communication; Exercise Physiology,"Motivated Health and Fitness candidate (0 years experience, MBA, Institute of Technology) proficient in First Aid, Program Design, CPR Certified, Client Assessment, Nutrition Planning, Communication, Exercise Physiology. Hands-on experience building solutions with Client Assessment and CPR Certified. Recognized for strong communication skills and ability to work in fast-paced, collaborative environments. Certifications: Microsoft Certified."
RES0450,Mechanical Engineer,2,Project Management; AutoCAD; Six Sigma; Manufacturing; Quality Control,"Result-driven Mechanical Engineer professional with 2 years of experience. Skilled in Project Management, AutoCAD, Six Sigma, Manufacturing, Quality Control. Completed MCA from Technical Institute. Worked on projects involving Six Sigma and Quality Control, delivering measurable improvements in team efficiency and project outcomes. Strong problem-solving ability and a track record of meeting deadlines. Certifications: AWS Certified Associate."
RES0207,DevOps Engineer,7,Jenkins; Terraform; Git; CI/CD; Shell Scripting; Ansible; AWS,"DevOps Engineer specialist with 7 years in the industry, holding a B.Sc from Metropolitan University. Core competencies include Jenkins, Terraform, Git, CI/CD, Shell Scripting, Ansible, AWS. Led initiatives using Ansible that improved key metrics, and collaborated cross-functionally leveraging AWS. Passionate about continuous learning and staying current with industry trends. Certifications: PMP."
RES0126,Java Developer,10,SQL; Spring Boot; Git; JUnit; Java; Hibernate; REST API,"Motivated Java Developer candidate (10 years experience, B.E., City College) proficient in SQL, Spring Boot, Git, JUnit, Java, Hibernate, REST API. Hands-on experience building solutions with JUnit and Hibernate. Recognized for strong communication skills and ability to work in fast-paced, collaborative environments. Certifications: PMP."
RES0142,Java Developer,10,REST API; SQL; Microservices; Multithreading; Git; Java; JUnit; Hibernate; Spring Boot,"Java Developer specialist with 10 years in the industry, holding a M.Sc from Metropolitan University. Core competencies include REST API, SQL, Microservices, Multithreading, Git, Java, JUnit, Hibernate, Spring Boot. Led initiatives using Multithreading that improved key metrics, and collaborated cross-functionally leveraging JUnit. Passionate about continuous learning and staying current with industry trends. Certifications: AWS Certified Associate."
RES0343,Digital Marketing,2,PPC; Copywriting; Communication; Excel; Social Media; Email Marketing; SEO; Content Marketing,"Motivated Digital Marketing candidate (2 years experience, MCA, Institute of Technology) proficient in PPC, Copywriting, Communication, Excel, Social Media, Email Marketing, SEO, Content Marketing. Hands-on experience building solutions with Excel and PPC. Recognized for strong communication skills and ability to work in fast-paced, collaborative environments. Certifications: Microsoft Certified."
RES0373,HR,6,Employee Engagement; Excel; Conflict Resolution; Payroll; Performance Management; HRIS; Communication; Onboarding; Recruitment,"HR specialist with 6 years in the industry, holding a M.Sc from Metropolitan University. Core competencies include Employee Engagement, Excel, Conflict Resolution, Payroll, Performance Management, HRIS, Communication, Onboarding, Recruitment. Led initiatives using Conflict Resolution that improved key metrics, and collaborated cross-functionally leveraging Recruitment. Passionate about continuous learning and staying current with industry trends. Certifications: None."
RES0158,Java Developer,3,JUnit; REST API; Hibernate; Java; Multithreading; Git; Spring Boot,"Result-driven Java Developer professional with 3 years of experience. Skilled in JUnit, REST API, Hibernate, Java, Multithreading, Git, Spring Boot. Completed B.Tech from City College. Worked on projects involving Multithreading and REST API, delivering measurable improvements in team efficiency and project outcomes. Strong problem-solving ability and a track record of meeting deadlines. Certifications: None."
RES0102,Android Development,1,Material Design; REST API; Firebase; Jetpack Compose; MVVM; Java; Android SDK; Kotlin,"Android Development specialist with 1 years in the industry, holding a M.Sc from City College. Core competencies include Material Design, REST API, Firebase, Jetpack Compose, MVVM, Java, Android SDK, Kotlin. Led initiatives using Kotlin that improved key metrics, and collaborated cross-functionally leveraging MVVM. Passionate about continuous learning and staying current with industry trends. Certifications: None."
RES0511,Civil Engineer,10,Surveying; Revit; AutoCAD; Project Management; Structural Analysis,"Civil Engineer specialist with 10 years in the industry, holding a B.Com from Institute of Technology. Core competencies include Surveying, Revit, AutoCAD, Project Management, Structural Analysis. Led initiatives using Project Management that improved key metrics, and collaborated cross-functionally leveraging AutoCAD. Passionate about continuous learning and staying current with industry trends. Certifications: PMP."
RES0519,Civil Engineer,0,Surveying; Structural Analysis; Construction Management; Project Management; AutoCAD; Revit,"Result-driven Civil Engineer professional with 0 years of experience. Skilled in Surveying, Structural Analysis, Construction Management, Project Management, AutoCAD, Revit. Completed M.Tech from Technical Institute. Worked on projects involving AutoCAD and Structural Analysis, delivering measurable improvements in team efficiency and project outcomes. Strong problem-solving ability and a track record of meeting deadlines. Certifications: AWS Certified Associate."
RES0453,Mechanical Engineer,6,Six Sigma; Project Management; SolidWorks; Thermodynamics; Quality Control; Manufacturing; AutoCAD; MATLAB,"Motivated Mechanical Engineer candidate (6 years experience, B.Sc, National College) proficient in Six Sigma, Project Management, SolidWorks, Thermodynamics, Quality Control, Manufacturing, AutoCAD, MATLAB. Hands-on experience building solutions with Project Management and AutoCAD. Recognized for strong communication skills and ability to work in fast-paced, collaborative environments. Certifications: AWS Certified Associate."
RES0300,Business Analyst,6,Excel; Stakeholder Management; Tableau; Power BI; Agile; Data Visualization,"Motivated Business Analyst candidate (6 years experience, B.Sc, State University) proficient in Excel, Stakeholder Management, Tableau, Power BI, Agile, Data Visualization. Hands-on experience building solutions with Excel and Data Visualization. Recognized for strong communication skills and ability to work in fast-paced, collaborative environments. Certifications: Google Certification."
RES0578,Health and Fitness,11,Client Assessment; Nutrition Planning; Exercise Physiology; First Aid; Communication,"Health and Fitness specialist with 11 years in the industry, holding a MBA from Metropolitan University. Core competencies include Client Assessment, Nutrition Planning, Exercise Physiology, First Aid, Communication. Led initiatives using Exercise Physiology that improved key metrics, and collaborated cross-functionally leveraging Communication. Passionate about continuous learning and staying current with industry trends. Certifications: Microsoft Certified."
RES0371,HR,0,Excel; Conflict Resolution; Performance Management; Payroll; Recruitment; HRIS; Communication; Employee Engagement,"Result-driven HR professional with 0 years of experience. Skilled in Excel, Conflict Resolution, Performance Management, Payroll, Recruitment, HRIS, Communication, Employee Engagement. Completed M.Tech from National College. Worked on projects involving Employee Engagement and Communication, delivering measurable improvements in team efficiency and project outcomes. Strong problem-solving ability and a track record of meeting deadlines. Certifications: None."
RES0211,DevOps Engineer,6,Jenkins; Git; Ansible; Terraform; Shell Scripting,"DevOps Engineer specialist with 6 years in the industry, holding a BCA from Technical Institute. Core competencies include Jenkins, Git, Ansible, Terraform, Shell Scripting. Led initiatives using Jenkins that improved key metrics, and collaborated cross-functionally leveraging Ansible. Passionate about continuous learning and staying current with industry trends. Certifications: AWS Certified Associate."
RES0121,Java Developer,11,Git; SQL; Microservices; Java; Hibernate; Spring Boot; Maven; REST API; JUnit,"Java Developer specialist with 11 years in the industry, holding a MBA from Institute of Technology. Core competencies include Git, SQL, Microservices, Java, Hibernate, Spring Boot, Maven, REST API, JUnit. Led initiatives using Microservices that improved key metrics, and collaborated cross-functionally leveraging Git. Passionate about continuous learning and staying current with industry trends. Certifications: AWS Certified Associate."
RES0172,Python Developer,0,Flask; Git; Django; Docker; REST API; SQL; Pandas; Celery; Python,"Python Developer specialist with 0 years in the industry, holding a B.Tech from National College. Core competencies include Flask, Git, Django, Docker, REST API, SQL, Pandas, Celery, Python. Led initiatives using Celery that improved key metrics, and collaborated cross-functionally leveraging Pandas. Passionate about continuous learning and staying current with industry trends. Certifications: Microsoft Certified."
RES0108,Android Development,4,Git; Jetpack Compose; Android SDK; Kotlin; Java; Material Design,"Result-driven Android Development professional with 4 years of experience. Skilled in Git, Jetpack Compose, Android SDK, Kotlin, Java, Material Design. Completed M.Tech from Institute of Technology. Worked on projects involving Java and Jetpack Compose, delivering measurable improvements in team efficiency and project outcomes. Strong problem-solving ability and a track record of meeting deadlines. Certifications: None."
RES0596,Health and Fitness,10,Exercise Physiology; First Aid; CPR Certified; Communication; Program Design,"Result-driven Health and Fitness professional with 10 years of experience. Skilled in Exercise Physiology, First Aid, CPR Certified, Communication, Program Design. Completed B.Com from Institute of Technology. Worked on projects involving Exercise Physiology and CPR Certified, delivering measurable improvements in team efficiency and project outcomes. Strong problem-solving ability and a track record of meeting deadlines. Certifications: PMP."
RES0043,Web Development,7,Git; HTML; React; Responsive Design; Express.js; Node.js; TypeScript; MongoDB,"Web Development specialist with 7 years in the industry, holding a B.Tech from National College. Core competencies include Git, HTML, React, Responsive Design, Express.js, Node.js, TypeScript, MongoDB. Led initiatives using Express.js that improved key metrics, and collaborated cross-functionally leveraging TypeScript. Passionate about continuous learning and staying current with industry trends. Certifications: PMP."
RES0105,Android Development,9,Material Design; Java; SQLite; MVVM; Android SDK,"Result-driven Android Development professional with 9 years of experience. Skilled in Material Design, Java, SQLite, MVVM, Android SDK. Completed BCA from Technical Institute. Worked on projects involving MVVM and Android SDK, delivering measurable improvements in team efficiency and project outcomes. Strong problem-solving ability and a track record of meeting deadlines. Certifications: AWS Certified Associate."
RES0109,Android Development,5,SQLite; Jetpack Compose; MVVM; Git; REST API; Material Design,"Android Development specialist with 5 years in the industry, holding a MBA from Institute of Technology. Core competencies include SQLite, Jetpack Compose, MVVM, Git, REST API, Material Design. Led initiatives using Git that improved key metrics, and collaborated cross-functionally leveraging SQLite. Passionate about continuous learning and staying current with industry trends. Certifications: PMP."
RES0114,Android Development,4,REST API; Jetpack Compose; Android SDK; SQLite; Java; MVVM; Kotlin; Firebase,"Android Development specialist with 4 years in the industry, holding a BCA from Institute of Technology. Core competencies include REST API, Jetpack Compose, Android SDK, SQLite, Java, MVVM, Kotlin, Firebase. Led initiatives using Jetpack Compose that improved key metrics, and collaborated cross-functionally leveraging Android SDK. Passionate about continuous learning and staying current with industry trends. Certifications: Microsoft Certified."
RES0469,Mechanical Engineer,2,Six Sigma; SolidWorks; Quality Control; AutoCAD; Thermodynamics; MATLAB,"Motivated Mechanical Engineer candidate (2 years experience, B.E., Metropolitan University) proficient in Six Sigma, SolidWorks, Quality Control, AutoCAD, Thermodynamics, MATLAB. Hands-on experience building solutions with AutoCAD and MATLAB. Recognized for strong communication skills and ability to work in fast-paced, collaborative environments. Certifications: Google Certification."
RES0598,Health and Fitness,10,Communication; First Aid; Nutrition Planning; Client Assessment; CPR Certified; Program Design,"Motivated Health and Fitness candidate (10 years experience, BCA, Metropolitan University) proficient in Communication, First Aid, Nutrition Planning, Client Assessment, CPR Certified, Program Design. Hands-on experience building solutions with Client Assessment and CPR Certified. Recognized for strong communication skills and ability to work in fast-paced, collaborative environments. Certifications: Microsoft Certified."
RES0052,Web Development,5,TypeScript; Git; REST API; HTML; React; JavaScript; CSS; Responsive Design; MongoDB,"Result-driven Web Development professional with 5 years of experience. Skilled in TypeScript, Git, REST API, HTML, React, JavaScript, CSS, Responsive Design, MongoDB. Completed M.Sc from National College. Worked on projects involving React and MongoDB, delivering measurable improvements in team efficiency and project outcomes. Strong problem-solving ability and a track record of meeting deadlines. Certifications: Microsoft Certified."
RES0107,Android Development,12,Material Design; REST API; Git; Kotlin; Android SDK,"Motivated Android Development candidate (12 years experience, B.E., State University) proficient in Material Design, REST API, Git, Kotlin, Android SDK. Hands-on experience building solutions with Android SDK and Material Design. Recognized for strong communication skills and ability to work in fast-paced, collaborative environments. Certifications: Microsoft Certified."
RES0528,Graphic Designer,4,Illustrator; Figma; Typography; Communication; Branding; InDesign,"Result-driven Graphic Designer professional with 4 years of experience. Skilled in Illustrator, Figma, Typography, Communication, Branding, InDesign. Completed MBA from State University. Worked on projects involving Branding and InDesign, delivering measurable improvements in team efficiency and project outcomes. Strong problem-solving ability and a track record of meeting deadlines. Certifications: AWS Certified Associate."
RES0155,Java Developer,4,Git; JUnit; Multithreading; Maven; Microservices; Hibernate; SQL; Java; REST API,"Motivated Java Developer candidate (4 years experience, B.Com, National College) proficient in Git, JUnit, Multithreading, Maven, Microservices, Hibernate, SQL, Java, REST API. Hands-on experience building solutions with Maven and Microservices. Recognized for strong communication skills and ability to work in fast-paced, collaborative environments. Certifications: AWS Certified Associate."
RES0274,Network Security Engineer,0,Python; Vulnerability Assessment; Cryptography; SIEM; Linux; Risk Assessment; Network Protocols,"Motivated Network Security Engineer candidate (0 years experience, B.E., National College) proficient in Python, Vulnerability Assessment, Cryptography, SIEM, Linux, Risk Assessment, Network Protocols. Hands-on experience building solutions with SIEM and Vulnerability Assessment. Recognized for strong communication skills and ability to work in fast-paced, collaborative environments. Certifications: Microsoft Certified."
RES0048,Web Development,9,Node.js; REST API; JavaScript; CSS; Git; MongoDB; Express.js; HTML,"Result-driven Web Development professional with 9 years of experience. Skilled in Node.js, REST API, JavaScript, CSS, Git, MongoDB, Express.js, HTML. Completed B.Tech from National College. Worked on projects involving Express.js and CSS, delivering measurable improvements in team efficiency and project outcomes. Strong problem-solving ability and a track record of meeting deadlines. Certifications: None."
RES0364,HR,0,Employee Engagement; Onboarding; Recruitment; Payroll; HRIS; Communication; Conflict Resolution,"Motivated HR candidate (0 years experience, MCA, National College) proficient in Employee Engagement, Onboarding, Recruitment, Payroll, HRIS, Communication, Conflict Resolution. Hands-on experience building solutions with HRIS and Recruitment. Recognized for strong communication skills and ability to work in fast-paced, collaborative environments. Certifications: PMP."
RES0349,Digital Marketing,8,Content Marketing; Google Analytics; Copywriting; Social Media; Email Marketing; PPC; SEO; Communication,"Motivated Digital Marketing candidate (8 years experience, B.Sc, State University) proficient in Content Marketing, Google Analytics, Copywriting, Social Media, Email Marketing, PPC, SEO, Communication. Hands-on experience building solutions with Communication and PPC. Recognized for strong communication skills and ability to work in fast-paced, collaborative environments. Certifications: Google Certification."
RES0265,Network Security Engineer,6,SIEM; Cryptography; Risk Assessment; Firewalls; Python; IDS/IPS; Penetration Testing; Vulnerability Assessment,"Network Security Engineer specialist with 6 years in the industry, holding a B.Com from City College. Core competencies include SIEM, Cryptography, Risk Assessment, Firewalls, Python, IDS/IPS, Penetration Testing, Vulnerability Assessment. Led initiatives using Python that improved key metrics, and collaborated cross-functionally leveraging IDS/IPS. Passionate about continuous learning and staying current with industry trends. Certifications: AWS Certified Associate."
RES0499,Civil Engineer,1,Structural Analysis; AutoCAD; Surveying; Revit; Cost Estimation; Construction Management,"Result-driven Civil Engineer professional with 1 years of experience. Skilled in Structural Analysis, AutoCAD, Surveying, Revit, Cost Estimation, Construction Management. Completed MCA from Metropolitan University. Worked on projects involving Revit and AutoCAD, delivering measurable improvements in team efficiency and project outcomes. Strong problem-solving ability and a track record of meeting deadlines. Certifications: AWS Certified Associate."
RES0230,DevOps Engineer,9,Monitoring; Shell Scripting; Jenkins; Docker; Linux; Terraform; AWS; Kubernetes; Ansible,"Result-driven DevOps Engineer professional with 9 years of experience. Skilled in Monitoring, Shell Scripting, Jenkins, Docker, Linux, Terraform, AWS, Kubernetes, Ansible. Completed B.Com from Institute of Technology. Worked on projects involving AWS and Linux, delivering measurable improvements in team efficiency and project outcomes. Strong problem-solving ability and a track record of meeting deadlines. Certifications: None."
RES0124,Java Developer,2,Multithreading; JUnit; Java; Git; REST API; Microservices; Spring Boot; Hibernate,"Result-driven Java Developer professional with 2 years of experience. Skilled in Multithreading, JUnit, Java, Git, REST API, Microservices, Spring Boot, Hibernate. Completed M.Sc from Metropolitan University. Worked on projects involving Multithreading and REST API, delivering measurable improvements in team efficiency and project outcomes. Strong problem-solving ability and a track record of meeting deadlines. Certifications: AWS Certified Associate."
RES0233,DevOps Engineer,10,Ansible; Jenkins; Shell Scripting; Linux; CI/CD; Terraform; Git; Docker,"DevOps Engineer specialist with 10 years in the industry, holding a B.Com from Technical Institute. Core competencies include Ansible, Jenkins, Shell Scripting, Linux, CI/CD, Terraform, Git, Docker. Led initiatives using Shell Scripting that improved key metrics, and collaborated cross-functionally leveraging Docker. Passionate about continuous learning and staying current with industry trends. Certifications: Coursera Professional Certificate."
RES0117,Android Development,0,Android SDK; Material Design; Jetpack Compose; Kotlin; MVVM; REST API; Git; SQLite; Firebase,"Android Development specialist with 0 years in the industry, holding a BCA from National College. Core competencies include Android SDK, Material Design, Jetpack Compose, Kotlin, MVVM, REST API, Git, SQLite, Firebase. Led initiatives using Kotlin that improved key metrics, and collaborated cross-functionally leveraging SQLite. Passionate about continuous learning and staying current with industry trends. Certifications: Microsoft Certified."
RES0441,Mechanical Engineer,3,MATLAB; Manufacturing; Project Management; AutoCAD; Thermodynamics; Six Sigma; SolidWorks; Quality Control,"Result-driven Mechanical Engineer professional with 3 years of experience. Skilled in MATLAB, Manufacturing, Project Management, AutoCAD, Thermodynamics, Six Sigma, SolidWorks, Quality Control. Completed MBA from National College. Worked on projects involving Manufacturing and Quality Control, delivering measurable improvements in team efficiency and project outcomes. Strong problem-solving ability and a track record of meeting deadlines. Certifications: AWS Certified Associate."
RES0346,Digital Marketing,2,Copywriting; Content Marketing; SEO; Google Analytics; Marketing Strategy,"Motivated Digital Marketing candidate (2 years experience, B.Com, Metropolitan University) proficient in Copywriting, Content Marketing, SEO, Google Analytics, Marketing Strategy. Hands-on experience building solutions with Marketing Strategy and Copywriting. Recognized for strong communication skills and ability to work in fast-paced, collaborative environments. Certifications: None."
RES0066,Web Development,10,JavaScript; REST API; Git; MongoDB; Responsive Design,"Web Development specialist with 10 years in the industry, holding a BCA from Technical Institute. Core competencies include JavaScript, REST API, Git, MongoDB, Responsive Design. Led initiatives using JavaScript that improved key metrics, and collaborated cross-functionally leveraging MongoDB. Passionate about continuous learning and staying current with industry trends. Certifications: Coursera Professional Certificate."
RES0033,Data Science,9,Python; Pandas; Machine Learning; NumPy; Tableau; Excel; Statistics,"Motivated Data Science candidate (9 years experience, BCA, National College) proficient in Python, Pandas, Machine Learning, NumPy, Tableau, Excel, Statistics. Hands-on experience building solutions with Excel and Machine Learning. Recognized for strong communication skills and ability to work in fast-paced, collaborative environments. Certifications: PMP."
RES0516,Civil Engineer,8,Revit; AutoCAD; Project Management; Surveying; Cost Estimation; Structural Analysis; Construction Management,"Civil Engineer specialist with 8 years in the industry, holding a B.E. from Technical Institute. Core competencies include Revit, AutoCAD, Project Management, Surveying, Cost Estimation, Structural Analysis, Construction Management. Led initiatives using Project Management that improved key metrics, and collaborated cross-functionally leveraging Revit. Passionate about continuous learning and staying current with industry trends. Certifications: Coursera Professional Certificate."
RES0179,Python Developer,5,REST API; SQL; Git; Docker; Python; Unit Testing,"Python Developer specialist with 5 years in the industry, holding a B.Sc from Technical Institute. Core competencies include REST API, SQL, Git, Docker, Python, Unit Testing. Led initiatives using Unit Testing that improved key metrics, and collaborated cross-functionally leveraging SQL. Passionate about continuous learning and staying current with industry trends. Certifications: Coursera Professional Certificate."
RES0163,Python Developer,2,Flask; Python; Git; Pandas; Celery; REST API; Django,"Python Developer specialist with 2 years in the industry, holding a BCA from Metropolitan University. Core competencies include Flask, Python, Git, Pandas, Celery, REST API, Django. Led initiatives using Celery that improved key metrics, and collaborated cross-functionally leveraging Git. Passionate about continuous learning and staying current with industry trends. Certifications: Coursera Professional Certificate."
RES0366,HR,7,Conflict Resolution; Communication; HRIS; Performance Management; Onboarding,"Motivated HR candidate (7 years experience, B.Sc, City College) proficient in Conflict Resolution, Communication, HRIS, Performance Management, Onboarding. Hands-on experience building solutions with Onboarding and Performance Management. Recognized for strong communication skills and ability to work in fast-paced, collaborative environments. Certifications: AWS Certified Associate."
RES0268,Network Security Engineer,5,Python; Cryptography; SIEM; IDS/IPS; Linux,"Network Security Engineer specialist with 5 years in the industry, holding a B.E. from Metropolitan University. Core competencies include Python, Cryptography, SIEM, IDS/IPS, Linux. Led initiatives using Python that improved key metrics, and collaborated cross-functionally leveraging SIEM. Passionate about continuous learning and staying current with industry trends. Certifications: PMP."
RES0368,HR,7,Excel; Performance Management; Conflict Resolution; Employee Engagement; Communication; Onboarding,"HR specialist with 7 years in the industry, holding a BCA from Institute of Technology. Core competencies include Excel, Performance Management, Conflict Resolution, Employee Engagement, Communication, Onboarding. Led initiatives using Employee Engagement that improved key metrics, and collaborated cross-functionally leveraging Conflict Resolution. Passionate about continuous learning and staying current with industry trends. Certifications: AWS Certified Associate."
RES0019,Data Science,2,A/B Testing; TensorFlow; Python; Pandas; Scikit-learn,"Result-driven Data Science professional with 2 years of experience. Skilled in A/B Testing, TensorFlow, Python, Pandas, Scikit-learn. Completed BCA from Metropolitan University. Worked on projects involving Pandas and TensorFlow, delivering measurable improvements in team efficiency and project outcomes. Strong problem-solving ability and a track record of meeting deadlines. Certifications: PMP."
RES0049,Web Development,10,TypeScript; React; CSS; Node.js; Git,"Web Development specialist with 10 years in the industry, holding a B.Sc from Technical Institute. Core competencies include TypeScript, React, CSS, Node.js, Git. Led initiatives using TypeScript that improved key metrics, and collaborated cross-functionally leveraging CSS. Passionate about continuous learning and staying current with industry trends. Certifications: Microsoft Certified."
RES0215,DevOps Engineer,12,Shell Scripting; Git; Linux; Monitoring; CI/CD; Kubernetes; Docker; Jenkins,"Motivated DevOps Engineer candidate (12 years experience, M.Tech, National College) proficient in Shell Scripting, Git, Linux, Monitoring, CI/CD, Kubernetes, Docker, Jenkins. Hands-on experience building solutions with Shell Scripting and Linux. Recognized for strong communication skills and ability to work in fast-paced, collaborative environments. Certifications: Google Certification."
RES0241,Network Security Engineer,11,Vulnerability Assessment; Linux; Network Protocols; IDS/IPS; SIEM,"Motivated Network Security Engineer candidate (11 years experience, M.Tech, Metropolitan University) proficient in Vulnerability Assessment, Linux, Network Protocols, IDS/IPS, SIEM. Hands-on experience building solutions with Network Protocols and IDS/IPS. Recognized for strong communication skills and ability to work in fast-paced, collaborative environments. Certifications: Google Certification."
RES0311,Business Analyst,1,Tableau; SQL; Power BI; Excel; Communication; Stakeholder Management,"Result-driven Business Analyst professional with 1 years of experience. Skilled in Tableau, SQL, Power BI, Excel, Communication, Stakeholder Management. Completed MCA from Metropolitan University. Worked on projects involving Stakeholder Management and Communication, delivering measurable improvements in team efficiency and project outcomes. Strong problem-solving ability and a track record of meeting deadlines. Certifications: Microsoft Certified."
RES0506,Civil Engineer,0,Surveying; Structural Analysis; AutoCAD; Project Management; Construction Management; Cost Estimation; Revit,"Result-driven Civil Engineer professional with 0 years of experience. Skilled in Surveying, Structural Analysis, AutoCAD, Project Management, Construction Management, Cost Estimation, Revit. Completed B.Sc from Metropolitan University. Worked on projects involving AutoCAD and Project Management, delivering measurable improvements in team efficiency and project outcomes. Strong problem-solving ability and a track record of meeting deadlines. Certifications: Microsoft Certified."
RES0426,Sales,7,Cold Calling; CRM; Communication; Lead Generation; Negotiation; Client Relationship Management; Excel,"Result-driven Sales professional with 7 years of experience. Skilled in Cold Calling, CRM, Communication, Lead Generation, Negotiation, Client Relationship Management, Excel. Completed MCA from State University. Worked on projects involving Client Relationship Management and Negotiation, delivering measurable improvements in team efficiency and project outcomes. Strong problem-solving ability and a track record of meeting deadlines. Certifications: Coursera Professional Certificate."
RES0104,Android Development,8,SQLite; Material Design; Android SDK; Kotlin; Firebase,"Android Development specialist with 8 years in the industry, holding a M.Tech from Technical Institute. Core competencies include SQLite, Material Design, Android SDK, Kotlin, Firebase. Led initiatives using Firebase that improved key metrics, and collaborated cross-functionally leveraging Android SDK. Passionate about continuous learning and staying current with industry trends. Certifications: Coursera Professional Certificate."
RES0504,Civil Engineer,12,Structural Analysis; Revit; Construction Management; AutoCAD; Cost Estimation; Project Management,"Motivated Civil Engineer candidate (12 years experience, B.E., City College) proficient in Structural Analysis, Revit, Construction Management, AutoCAD, Cost Estimation, Project Management. Hands-on experience building solutions with AutoCAD and Revit. Recognized for strong communication skills and ability to work in fast-paced, collaborative environments. Certifications: AWS Certified Associate."
RES0161,Python Developer,0,Pandas; Docker; Flask; Git; Unit Testing,"Python Developer specialist with 0 years in the industry, holding a B.Tech from National College. Core competencies include Pandas, Docker, Flask, Git, Unit Testing. Led initiatives using Unit Testing that improved key metrics, and collaborated cross-functionally leveraging Pandas. Passionate about continuous learning and staying current with industry trends. Certifications: AWS Certified Associate."
RES0205,DevOps Engineer,11,Linux; Kubernetes; Docker; Monitoring; AWS; Git; Jenkins,"Result-driven DevOps Engineer professional with 11 years of experience. Skilled in Linux, Kubernetes, Docker, Monitoring, AWS, Git, Jenkins. Completed B.Com from Technical Institute. Worked on projects involving AWS and Git, delivering measurable improvements in team efficiency and project outcomes. Strong problem-solving ability and a track record of meeting deadlines. Certifications: Microsoft Certified."
RES0178,Python Developer,8,SQL; REST API; Flask; Pandas; Celery; Python,"Python Developer specialist with 8 years in the industry, holding a BCA from Metropolitan University. Core competencies include SQL, REST API, Flask, Pandas, Celery, Python. Led initiatives using Celery that improved key metrics, and collaborated cross-functionally leveraging Python. Passionate about continuous learning and staying current with industry trends. Certifications: Google Certification."
RES0133,Java Developer,7,Multithreading; Hibernate; Maven; JUnit; Microservices,"Java Developer specialist with 7 years in the industry, holding a B.Sc from Technical Institute. Core competencies include Multithreading, Hibernate, Maven, JUnit, Microservices. Led initiatives using Hibernate that improved key metrics, and collaborated cross-functionally leveraging Maven. Passionate about continuous learning and staying current with industry trends. Certifications: PMP."
RES0495,Civil Engineer,8,Project Management; Surveying; Construction Management; AutoCAD; Revit; Cost Estimation,"Result-driven Civil Engineer professional with 8 years of experience. Skilled in Project Management, Surveying, Construction Management, AutoCAD, Revit, Cost Estimation. Completed B.E. from Institute of Technology. Worked on projects involving Project Management and AutoCAD, delivering measurable improvements in team efficiency and project outcomes. Strong problem-solving ability and a track record of meeting deadlines. Certifications: Microsoft Certified."
RES0089,Android Development,9,Java; Jetpack Compose; Git; Kotlin; Material Design; REST API; SQLite; MVVM; Android SDK,"Result-driven Android Development professional with 9 years of experience. Skilled in Java, Jetpack Compose, Git, Kotlin, Material Design, REST API, SQLite, MVVM, Android SDK. Completed M.Tech from Institute of Technology. Worked on projects involving REST API and Git, delivering measurable improvements in team efficiency and project outcomes. Strong problem-solving ability and a track record of meeting deadlines. Certifications: Microsoft Certified."
RES0290,Business Analyst,9,Data Visualization; Communication; Agile; Power BI; Excel; SQL,"Business Analyst specialist with 9 years in the industry, holding a BCA from City College. Core competencies include Data Visualization, Communication, Agile, Power BI, Excel, SQL. Led initiatives using Power BI that improved key metrics, and collaborated cross-functionally leveraging SQL. Passionate about continuous learning and staying current with industry trends. Certifications: PMP."
RES0213,DevOps Engineer,8,Monitoring; Linux; Shell Scripting; AWS; CI/CD; Terraform,"Result-driven DevOps Engineer professional with 8 years of experience. Skilled in Monitoring, Linux, Shell Scripting, AWS, CI/CD, Terraform. Completed B.E. from Technical Institute. Worked on projects involving Linux and AWS, delivering measurable improvements in team efficiency and project outcomes. Strong problem-solving ability and a track record of meeting deadlines. Certifications: AWS Certified Associate."
RES0166,Python Developer,2,REST API; Django; Celery; Flask; Docker; Unit Testing; Git; Python; SQL,"Motivated Python Developer candidate (2 years experience, MCA, City College) proficient in REST API, Django, Celery, Flask, Docker, Unit Testing, Git, Python, SQL. Hands-on experience building solutions with Unit Testing and Git. Recognized for strong communication skills and ability to work in fast-paced, collaborative environments. Certifications: None."
RES0484,Civil Engineer,0,Construction Management; Surveying; Cost Estimation; AutoCAD; Revit; Structural Analysis,"Result-driven Civil Engineer professional with 0 years of experience. Skilled in Construction Management, Surveying, Cost Estimation, AutoCAD, Revit, Structural Analysis. Completed MBA from City College. Worked on projects involving Construction Management and AutoCAD, delivering measurable improvements in team efficiency and project outcomes. Strong problem-solving ability and a track record of meeting deadlines. Certifications: Coursera Professional Certificate."
RES0369,HR,11,Performance Management; Employee Engagement; Excel; Onboarding; Payroll; Communication; Recruitment,"Result-driven HR professional with 11 years of experience. Skilled in Performance Management, Employee Engagement, Excel, Onboarding, Payroll, Communication, Recruitment. Completed M.Sc from Institute of Technology. Worked on projects involving Payroll and Onboarding, delivering measurable improvements in team efficiency and project outcomes. Strong problem-solving ability and a track record of meeting deadlines. Certifications: PMP."
RES0427,Sales,7,Sales Strategy; Communication; Lead Generation; Cold Calling; Negotiation; Client Relationship Management,"Motivated Sales candidate (7 years experience, M.Tech, Metropolitan University) proficient in Sales Strategy, Communication, Lead Generation, Cold Calling, Negotiation, Client Relationship Management. Hands-on experience building solutions with Sales Strategy and Lead Generation. Recognized for strong communication skills and ability to work in fast-paced, collaborative environments. Certifications: AWS Certified Associate."
RES0400,HR,5,Conflict Resolution; Payroll; Excel; Employee Engagement; Onboarding; HRIS,"Motivated HR candidate (5 years experience, MBA, Technical Institute) proficient in Conflict Resolution, Payroll, Excel, Employee Engagement, Onboarding, HRIS. Hands-on experience building solutions with Excel and HRIS. Recognized for strong communication skills and ability to work in fast-paced, collaborative environments. Certifications: PMP."
RES0301,Business Analyst,5,Tableau; Communication; Agile; Stakeholder Management; Data Visualization; Excel,"Business Analyst specialist with 5 years in the industry, holding a MBA from Institute of Technology. Core competencies include Tableau, Communication, Agile, Stakeholder Management, Data Visualization, Excel. Led initiatives using Tableau that improved key metrics, and collaborated cross-functionally leveraging Stakeholder Management. Passionate about continuous learning and staying current with industry trends. Certifications: PMP."
RES0135,Java Developer,1,Multithreading; REST API; Maven; Spring Boot; Java; Microservices,"Motivated Java Developer candidate (1 years experience, MCA, Institute of Technology) proficient in Multithreading, REST API, Maven, Spring Boot, Java, Microservices. Hands-on experience building solutions with Microservices and Spring Boot. Recognized for strong communication skills and ability to work in fast-paced, collaborative environments. Certifications: Coursera Professional Certificate."
RES0480,Mechanical Engineer,1,Six Sigma; Manufacturing; Project Management; AutoCAD; SolidWorks; Quality Control; MATLAB; Thermodynamics,"Mechanical Engineer specialist with 1 years in the industry, holding a B.Com from National College. Core competencies include Six Sigma, Manufacturing, Project Management, AutoCAD, SolidWorks, Quality Control, MATLAB, Thermodynamics. Led initiatives using Quality Control that improved key metrics, and collaborated cross-functionally leveraging Thermodynamics. Passionate about continuous learning and staying current with industry trends. Certifications: AWS Certified Associate."
RES0348,Digital Marketing,6,Email Marketing; Content Marketing; PPC; Social Media; Copywriting; Communication; SEO; Excel; Google Analytics,"Motivated Digital Marketing candidate (6 years experience, B.E., State University) proficient in Email Marketing, Content Marketing, PPC, Social Media, Copywriting, Communication, SEO, Excel, Google Analytics. Hands-on experience building solutions with Email Marketing and Social Media. Recognized for strong communication skills and ability to work in fast-paced, collaborative environments. Certifications: Microsoft Certified."
RES0225,DevOps Engineer,1,CI/CD; Linux; Kubernetes; Ansible; Docker; Git; Shell Scripting,"DevOps Engineer specialist with 1 years in the industry, holding a B.E. from Technical Institute. Core competencies include CI/CD, Linux, Kubernetes, Ansible, Docker, Git, Shell Scripting. Led initiatives using Linux that improved key metrics, and collaborated cross-functionally leveraging Docker. Passionate about continuous learning and staying current with industry trends. Certifications: None."
RES0520,Civil Engineer,6,AutoCAD; Surveying; Construction Management; Cost Estimation; Project Management,"Civil Engineer specialist with 6 years in the industry, holding a M.Tech from Metropolitan University. Core competencies include AutoCAD, Surveying, Construction Management, Cost Estimation, Project Management. Led initiatives using Construction Management that improved key metrics, and collaborated cross-functionally leveraging AutoCAD. Passionate about continuous learning and staying current with industry trends. Certifications: None."
RES0238,DevOps Engineer,0,Jenkins; Kubernetes; Monitoring; CI/CD; Terraform; Shell Scripting,"DevOps Engineer specialist with 0 years in the industry, holding a B.Tech from State University. Core competencies include Jenkins, Kubernetes, Monitoring, CI/CD, Terraform, Shell Scripting. Led initiatives using Kubernetes that improved key metrics, and collaborated cross-functionally leveraging Jenkins. Passionate about continuous learning and staying current with industry trends. Certifications: PMP."
RES0449,Mechanical Engineer,7,Thermodynamics; AutoCAD; Six Sigma; Quality Control; MATLAB; Manufacturing,"Result-driven Mechanical Engineer professional with 7 years of experience. Skilled in Thermodynamics, AutoCAD, Six Sigma, Quality Control, MATLAB, Manufacturing. Completed B.Tech from Institute of Technology. Worked on projects involving Thermodynamics and Quality Control, delivering measurable improvements in team efficiency and project outcomes. Strong problem-solving ability and a track record of meeting deadlines. Certifications: None."
RES0353,Digital Marketing,8,Email Marketing; Excel; Social Media; Communication; Copywriting; PPC; Marketing Strategy; SEO; Google Analytics,"Digital Marketing specialist with 8 years in the industry, holding a B.Com from Metropolitan University. Core competencies include Email Marketing, Excel, Social Media, Communication, Copywriting, PPC, Marketing Strategy, SEO, Google Analytics. Led initiatives using Copywriting that improved key metrics, and collaborated cross-functionally leveraging Google Analytics. Passionate about continuous learning and staying current with industry trends. Certifications: Microsoft Certified."
RES0481,Civil Engineer,5,Revit; Cost Estimation; AutoCAD; Project Management; Construction Management,"Motivated Civil Engineer candidate (5 years experience, B.Sc, Metropolitan University) proficient in Revit, Cost Estimation, AutoCAD, Project Management, Construction Management. Hands-on experience building solutions with AutoCAD and Cost Estimation. Recognized for strong communication skills and ability to work in fast-paced, collaborative environments. Certifications: Google Certification."
